z,phi,A,B,C,D,E,F,e_A,e_B,e_C,e_D,e_E,e_F
0.000,0.5000000000,0.5000000000,0.5000000000,0.5000000000,0.5000000000,0.5000000000,0.5000000000,0.0000000000,0.0000000000,0.0000000000,0.0000000000,0.0000000000,0.0000000000
0.001,0.5003989422,0.5003413447,0.5003400000,0.5003400000,0.5003552239,0.5003655390,0.5003500000,-0.0000575975,-0.0000589422,-0.0000589422,-0.0000437183,-0.0000334032,-0.0000489422
0.002,0.5007978840,0.5006826895,0.5006800000,0.5006800000,0.5007104477,0.5007310781,0.5007000000,-0.0001151945,-0.0001178840,-0.0001178840,-0.0000874363,-0.0000668060,-0.0000978840
0.003,0.5011968250,0.5010240342,0.5010200000,0.5010200000,0.5010656716,0.5010966171,0.5010500000,-0.0001727908,-0.0001768250,-0.0001768250,-0.0001311534,-0.0001002079,-0.0001468250
0.004,0.5015957649,0.5013653790,0.5013600000,0.5013600000,0.5014208955,0.5014621561,0.5014000000,-0.0002303859,-0.0002357649,-0.0002357649,-0.0001748694,-0.0001336087,-0.0001957649
0.005,0.5019947031,0.5017067237,0.5017000000,0.5017000000,0.5017761194,0.5018276952,0.5017500000,-0.0002879794,-0.0002947031,-0.0002947031,-0.0002185837,-0.0001670079,-0.0002447031
0.006,0.5023936393,0.5020480685,0.5020400000,0.5020400000,0.5021313432,0.5021932342,0.5021000000,-0.0003455708,-0.0003536393,-0.0003536393,-0.0002622961,-0.0002004051,-0.0002936393
0.007,0.5027925732,0.5023894132,0.5023800000,0.5023800000,0.5024865671,0.5025587733,0.5024500000,-0.0004031599,-0.0004125732,-0.0004125732,-0.0003060061,-0.0002337999,-0.0003425732
0.008,0.5031915042,0.5027307580,0.5027200000,0.5027200000,0.5028417910,0.5029243123,0.5028000000,-0.0004607462,-0.0004715042,-0.0004715042,-0.0003497132,-0.0002671919,-0.0003915042
0.009,0.5035904321,0.5030721027,0.5030600000,0.5030600000,0.5031970148,0.5032898513,0.5031500000,-0.0005183293,-0.0005304321,-0.0005304321,-0.0003934172,-0.0003005807,-0.0004404321
0.010,0.5039893563,0.5034134475,0.5034000000,0.5034000000,0.5035522387,0.5036553904,0.5035000000,-0.0005759089,-0.0005893563,-0.0005893563,-0.0004371176,-0.0003339659,-0.0004893563
0.011,0.5043882766,0.5037547922,0.5037400000,0.5037400000,0.5039074626,0.5040209294,0.5038500000,-0.0006334844,-0.0006482766,-0.0006482766,-0.0004808140,-0.0003673472,-0.0005382766
0.012,0.5047871925,0.5040961370,0.5040800000,0.5040800000,0.5042626864,0.5043864684,0.5042000000,-0.0006910555,-0.0007071925,-0.0007071925,-0.0005245060,-0.0004007240,-0.0005871925
0.013,0.5051861036,0.5044374817,0.5044200000,0.5044200000,0.5046179103,0.5047520075,0.5045500000,-0.0007486219,-0.0007661036,-0.0007661036,-0.0005681933,-0.0004340961,-0.0006361036
0.014,0.5055850095,0.5047788264,0.5047600000,0.5047600000,0.5049731342,0.5051175465,0.5049000000,-0.0008061830,-0.0008250095,-0.0008250095,-0.0006118753,-0.0004674630,-0.0006850095
0.015,0.5059839098,0.5051201712,0.5051000000,0.5051000000,0.5053283581,0.5054830855,0.5052500000,-0.0008637386,-0.0008839098,-0.0008839098,-0.0006555518,-0.0005008243,-0.0007339098
0.016,0.5063828042,0.5054615159,0.5054400000,0.5054400000,0.5056835819,0.5058486246,0.5056000000,-0.0009212882,-0.0009428042,-0.0009428042,-0.0006992222,-0.0005341796,-0.0007828042
0.017,0.5067816921,0.5058028607,0.5057800000,0.5057800000,0.5060388058,0.5062141636,0.5059500000,-0.0009788314,-0.0010016921,-0.0010016921,-0.0007428863,-0.0005675285,-0.0008316921
0.018,0.5071805733,0.5061442054,0.5061200000,0.5061200000,0.5063940297,0.5065797027,0.5063000000,-0.0010363679,-0.0010605733,-0.0010605733,-0.0007865436,-0.0006008706,-0.0008805733
0.019,0.5075794473,0.5064855502,0.5064600000,0.5064600000,0.5067492535,0.5069452417,0.5066500000,-0.0010938971,-0.0011194473,-0.0011194473,-0.0008301938,-0.0006342056,-0.0009294473
0.020,0.5079783137,0.5068268949,0.5068000000,0.5068000000,0.5071044774,0.5073107807,0.5070000000,-0.0011514188,-0.0011783137,-0.0011783137,-0.0008738363,-0.0006675330,-0.0009783137
0.021,0.5083771722,0.5071682397,0.5071400000,0.5071400000,0.5074597013,0.5076763198,0.5073500000,-0.0012089325,-0.0012371722,-0.0012371722,-0.0009174709,-0.0007008524,-0.0010271722
0.022,0.5087760222,0.5075095844,0.5074800000,0.5074800000,0.5078149252,0.5080418588,0.5077000000,-0.0012664378,-0.0012960222,-0.0012960222,-0.0009610971,-0.0007341634,-0.0010760222
0.023,0.5091748635,0.5078509292,0.5078200000,0.5078200000,0.5081701490,0.5084073978,0.5080500000,-0.0013239344,-0.0013548635,-0.0013548635,-0.0010047145,-0.0007674657,-0.0011248635
0.024,0.5095736956,0.5081922739,0.5081600000,0.5081600000,0.5085253729,0.5087729369,0.5084000000,-0.0013814217,-0.0014136956,-0.0014136956,-0.0010483228,-0.0008007588,-0.0011736956
0.025,0.5099725182,0.5085336187,0.5085000000,0.5085000000,0.5088805968,0.5091384759,0.5087500000,-0.0014388995,-0.0014725182,-0.0014725182,-0.0010919214,-0.0008340423,-0.0012225182
0.026,0.5103713308,0.5088749634,0.5088400000,0.5088400000,0.5092358206,0.5095040149,0.5091000000,-0.0014963674,-0.0015313308,-0.0015313308,-0.0011355101,-0.0008673158,-0.0012713308
0.027,0.5107701330,0.5092163081,0.5091800000,0.5091800000,0.5095910445,0.5098695540,0.5094500000,-0.0015538248,-0.0015901330,-0.0015901330,-0.0011790885,-0.0009005790,-0.0013201330
0.028,0.5111689244,0.5095576529,0.5095200000,0.5095200000,0.5099462684,0.5102350930,0.5098000000,-0.0016112715,-0.0016489244,-0.0016489244,-0.0012226561,-0.0009338314,-0.0013689244
0.029,0.5115677047,0.5098989976,0.5098600000,0.5098600000,0.5103014922,0.5106006321,0.5101500000,-0.0016687071,-0.0017077047,-0.0017077047,-0.0012662125,-0.0009670726,-0.0014177047
0.030,0.5119664734,0.5102403424,0.5102000000,0.5102000000,0.5106567161,0.5109661711,0.5105000000,-0.0017261310,-0.0017664734,-0.0017664734,-0.0013097573,-0.0010003023,-0.0014664734
0.031,0.5123652302,0.5105816871,0.5105400000,0.5105400000,0.5110119400,0.5113317101,0.5108500000,-0.0017835430,-0.0018252302,-0.0018252302,-0.0013532902,-0.0010335200,-0.0015152302
0.032,0.5127639746,0.5109230319,0.5108800000,0.5108800000,0.5113671639,0.5116972492,0.5112000000,-0.0018409427,-0.0018839746,-0.0018839746,-0.0013968107,-0.0010667254,-0.0015639746
0.033,0.5131627062,0.5112643766,0.5112200000,0.5112200000,0.5117223877,0.5120627882,0.5115500000,-0.0018983296,-0.0019427062,-0.0019427062,-0.0014403185,-0.0010999180,-0.0016127062
0.034,0.5135614246,0.5116057214,0.5115600000,0.5115600000,0.5120776116,0.5124283272,0.5119000000,-0.0019557033,-0.0020014246,-0.0020014246,-0.0014838131,-0.0011330974,-0.0016614246
0.035,0.5139601296,0.5119470661,0.5119000000,0.5119000000,0.5124328355,0.5127938663,0.5122500000,-0.0020130635,-0.0020601296,-0.0020601296,-0.0015272941,-0.0011662633,-0.0017101296
0.036,0.5143588205,0.5122884109,0.5122400000,0.5122400000,0.5127880593,0.5131594053,0.5126000000,-0.0020704097,-0.0021188205,-0.0021188205,-0.0015707612,-0.0011994152,-0.0017588205
0.037,0.5147574971,0.5126297556,0.5125800000,0.5125800000,0.5131432832,0.5135249443,0.5129500000,-0.0021277415,-0.0021774971,-0.0021774971,-0.0016142139,-0.0012325528,-0.0018074971
0.038,0.5151561590,0.5129711004,0.5129200000,0.5129200000,0.5134985071,0.5138904834,0.5133000000,-0.0021850586,-0.0022361590,-0.0022361590,-0.0016576519,-0.0012656756,-0.0018561590
0.039,0.5155548057,0.5133124451,0.5132600000,0.5132600000,0.5138537310,0.5142560224,0.5136500000,-0.0022423606,-0.0022948057,-0.0022948057,-0.0017010747,-0.0012987833,-0.0019048057
0.040,0.5159534369,0.5136537898,0.5136000000,0.5136000000,0.5142089548,0.5146215615,0.5140000000,-0.0022996470,-0.0023534369,-0.0023534369,-0.0017444820,-0.0013318754,-0.0019534369
0.041,0.5163520521,0.5139951346,0.5139400000,0.5139400000,0.5145641787,0.5149871005,0.5143500000,-0.0023569175,-0.0024120521,-0.0024120521,-0.0017878734,-0.0013649516,-0.0020020521
0.042,0.5167506509,0.5143364793,0.5142800000,0.5142800000,0.5149194026,0.5153526395,0.5147000000,-0.0024141716,-0.0024706509,-0.0024706509,-0.0018312484,-0.0013980114,-0.0020506509
0.043,0.5171492331,0.5146778241,0.5146200000,0.5146200000,0.5152746264,0.5157181786,0.5150500000,-0.0024714090,-0.0025292331,-0.0025292331,-0.0018746066,-0.0014310545,-0.0020992331
0.044,0.5175477981,0.5150191688,0.5149600000,0.5149600000,0.5156298503,0.5160837176,0.5154000000,-0.0025286292,-0.0025877981,-0.0025877981,-0.0019179478,-0.0014640805,-0.0021477981
0.045,0.5179463455,0.5153605136,0.5153000000,0.5153000000,0.5159850742,0.5164492566,0.5157500000,-0.0025858319,-0.0026463455,-0.0026463455,-0.0019612713,-0.0014970889,-0.0021963455
0.046,0.5183448750,0.5157018583,0.5156400000,0.5156400000,0.5163402980,0.5168147957,0.5161000000,-0.0026430167,-0.0027048750,-0.0027048750,-0.0020045770,-0.0015300794,-0.0022448750
0.047,0.5187433862,0.5160432031,0.5159800000,0.5159800000,0.5166955219,0.5171803347,0.5164500000,-0.0027001832,-0.0027633862,-0.0027633862,-0.0020478643,-0.0015630515,-0.0022933862
0.048,0.5191418787,0.5163845478,0.5163200000,0.5163200000,0.5170507458,0.5175458738,0.5168000000,-0.0027573309,-0.0028218787,-0.0028218787,-0.0020911329,-0.0015960049,-0.0023418787
0.049,0.5195403520,0.5167258926,0.5166600000,0.5166600000,0.5174059697,0.5179114128,0.5171500000,-0.0028144595,-0.0028803520,-0.0028803520,-0.0021343824,-0.0016289392,-0.0023903520
0.050,0.5199388058,0.5170672373,0.5170000000,0.5170000000,0.5177611935,0.5182769518,0.5175000000,-0.0028715685,-0.0029388058,-0.0029388058,-0.0021776123,-0.0016618540,-0.0024388058
0.051,0.5203372397,0.5174085820,0.5173400000,0.5173400000,0.5181164174,0.5186424909,0.5178500000,-0.0029286577,-0.0029972397,-0.0029972397,-0.0022208223,-0.0016947489,-0.0024872397
0.052,0.5207356533,0.5177499268,0.5176800000,0.5176800000,0.5184716413,0.5190080299,0.5182000000,-0.0029857265,-0.0030556533,-0.0030556533,-0.0022640120,-0.0017276234,-0.0025356533
0.053,0.5211340461,0.5180912715,0.5180200000,0.5180200000,0.5188268651,0.5193735689,0.5185500000,-0.0030427746,-0.0031140461,-0.0031140461,-0.0023071810,-0.0017604772,-0.0025840461
0.054,0.5215324179,0.5184326163,0.5183600000,0.5183600000,0.5191820890,0.5197391080,0.5189000000,-0.0030998016,-0.0031724179,-0.0031724179,-0.0023503289,-0.0017933099,-0.0026324179
0.055,0.5219307681,0.5187739610,0.5187000000,0.5187000000,0.5195373129,0.5201046470,0.5192500000,-0.0031568071,-0.0032307681,-0.0032307681,-0.0023934552,-0.0018261211,-0.0026807681
0.056,0.5223290964,0.5191153058,0.5190400000,0.5190400000,0.5198925368,0.5204701860,0.5196000000,-0.0032137906,-0.0032890964,-0.0032890964,-0.0024365597,-0.0018589104,-0.0027290964
0.057,0.5227274024,0.5194566505,0.5193800000,0.5193800000,0.5202477606,0.5208357251,0.5199500000,-0.0032707519,-0.0033474024,-0.0033474024,-0.0024796418,-0.0018916773,-0.0027774024
0.058,0.5231256857,0.5197979953,0.5197200000,0.5197200000,0.5206029845,0.5212012641,0.5203000000,-0.0033276905,-0.0034056857,-0.0034056857,-0.0025227012,-0.0019244216,-0.0028256857
0.059,0.5235239459,0.5201393400,0.5200600000,0.5200600000,0.5209582084,0.5215668032,0.5206500000,-0.0033846059,-0.0034639459,-0.0034639459,-0.0025657376,-0.0019571428,-0.0028739459
0.060,0.5239221827,0.5204806848,0.5204000000,0.5204000000,0.5213134322,0.5219323422,0.5210000000,-0.0034414979,-0.0035221827,-0.0035221827,-0.0026087504,-0.0019898405,-0.0029221827
0.061,0.5243203955,0.5208220295,0.5207400000,0.5207400000,0.5216686561,0.5222978812,0.5213500000,-0.0034983660,-0.0035803955,-0.0035803955,-0.0026517394,-0.0020225142,-0.0029703955
0.062,0.5247185840,0.5211633743,0.5210800000,0.5210800000,0.5220238800,0.5226634203,0.5217000000,-0.0035552097,-0.0036385840,-0.0036385840,-0.0026947040,-0.0020551637,-0.0030185840
0.063,0.5251167478,0.5215047190,0.5214200000,0.5214200000,0.5223791038,0.5230289593,0.5220500000,-0.0036120288,-0.0036967478,-0.0036967478,-0.0027376440,-0.0020877885,-0.0030667478
0.064,0.5255148866,0.5218460637,0.5217600000,0.5217600000,0.5227343277,0.5233944983,0.5224000000,-0.0036688228,-0.0037548866,-0.0037548866,-0.0027805589,-0.0021203883,-0.0031148866
0.065,0.5259129999,0.5221874085,0.5221000000,0.5221000000,0.5230895516,0.5237600374,0.5227500000,-0.0037255914,-0.0038129999,-0.0038129999,-0.0028234483,-0.0021529625,-0.0031629999
0.066,0.5263110873,0.5225287532,0.5224400000,0.5224400000,0.5234447755,0.5241255764,0.5231000000,-0.0037823340,-0.0038710873,-0.0038710873,-0.0028663118,-0.0021855109,-0.0032110873
0.067,0.5267091484,0.5228700980,0.5227800000,0.5227800000,0.5237999993,0.5244911154,0.5234500000,-0.0038390504,-0.0039291484,-0.0039291484,-0.0029091491,-0.0022180330,-0.0032591484
0.068,0.5271071829,0.5232114427,0.5231200000,0.5231200000,0.5241552232,0.5248566545,0.5238000000,-0.0038957401,-0.0039871829,-0.0039871829,-0.0029519597,-0.0022505284,-0.0033071829
0.069,0.5275051902,0.5235527875,0.5234600000,0.5234600000,0.5245104471,0.5252221935,0.5241500000,-0.0039524028,-0.0040451902,-0.0040451902,-0.0029947432,-0.0022829967,-0.0033551902
0.070,0.5279031702,0.5238941322,0.5238000000,0.5238000000,0.5248656709,0.5255877326,0.5245000000,-0.0040090380,-0.0041031702,-0.0041031702,-0.0030374992,-0.0023154376,-0.0034031702
0.071,0.5283011223,0.5242354770,0.5241400000,0.5241400000,0.5252208948,0.5259532716,0.5248500000,-0.0040656453,-0.0041611223,-0.0041611223,-0.0030802274,-0.0023478507,-0.0034511223
0.072,0.5286990461,0.5245768217,0.5244800000,0.5244800000,0.5255761187,0.5263188106,0.5252000000,-0.0041222244,-0.0042190461,-0.0042190461,-0.0031229274,-0.0023802354,-0.0034990461
0.073,0.5290969412,0.5249181665,0.5248200000,0.5248200000,0.5259313425,0.5266843497,0.5255500000,-0.0041787748,-0.0042769412,-0.0042769412,-0.0031655987,-0.0024125916,-0.0035469412
0.074,0.5294948074,0.5252595112,0.5251600000,0.5251600000,0.5262865664,0.5270498887,0.5259000000,-0.0042352962,-0.0043348074,-0.0043348074,-0.0032082409,-0.0024449187,-0.0035948074
0.075,0.5298926441,0.5256008560,0.5255000000,0.5255000000,0.5266417903,0.5274154277,0.5262500000,-0.0042917881,-0.0043926441,-0.0043926441,-0.0032508538,-0.0024772163,-0.0036426441
0.076,0.5302904509,0.5259422007,0.5258400000,0.5258400000,0.5269970142,0.5277809668,0.5266000000,-0.0043482502,-0.0044504509,-0.0044504509,-0.0032934367,-0.0025094841,-0.0036904509
0.077,0.5306882275,0.5262835454,0.5261800000,0.5261800000,0.5273522380,0.5281465058,0.5269500000,-0.0044046821,-0.0045082275,-0.0045082275,-0.0033359895,-0.0025417217,-0.0037382275
0.078,0.5310859735,0.5266248902,0.5265200000,0.5265200000,0.5277074619,0.5285120448,0.5273000000,-0.0044610833,-0.0045659735,-0.0045659735,-0.0033785116,-0.0025739287,-0.0037859735
0.079,0.5314836885,0.5269662349,0.5268600000,0.5268600000,0.5280626858,0.5288775839,0.5276500000,-0.0045174535,-0.0046236885,-0.0046236885,-0.0034210027,-0.0026061046,-0.0038336885
0.080,0.5318813720,0.5273075797,0.5272000000,0.5272000000,0.5284179096,0.5292431229,0.5280000000,-0.0045737923,-0.0046813720,-0.0046813720,-0.0034634624,-0.0026382491,-0.0038813720
0.081,0.5322790237,0.5276489244,0.5275400000,0.5275400000,0.5287731335,0.5296086620,0.5283500000,-0.0046300993,-0.0047390237,-0.0047390237,-0.0035058902,-0.0026703618,-0.0039290237
0.082,0.5326766433,0.5279902692,0.5278800000,0.5278800000,0.5291283574,0.5299742010,0.5287000000,-0.0046863741,-0.0047966433,-0.0047966433,-0.0035482859,-0.0027024423,-0.0039766433
0.083,0.5330742302,0.5283316139,0.5282200000,0.5282200000,0.5294835813,0.5303397400,0.5290500000,-0.0047426163,-0.0048542302,-0.0048542302,-0.0035906489,-0.0027344902,-0.0040242302
0.084,0.5334717841,0.5286729587,0.5285600000,0.5285600000,0.5298388051,0.5307052791,0.5294000000,-0.0047988254,-0.0049117841,-0.0049117841,-0.0036329790,-0.0027665051,-0.0040717841
0.085,0.5338693046,0.5290143034,0.5289000000,0.5289000000,0.5301940290,0.5310708181,0.5297500000,-0.0048550012,-0.0049693046,-0.0049693046,-0.0036752756,-0.0027984865,-0.0041193046
0.086,0.5342667914,0.5293556482,0.5292400000,0.5292400000,0.5305492529,0.5314363571,0.5301000000,-0.0049111432,-0.0050267914,-0.0050267914,-0.0037175385,-0.0028304342,-0.0041667914
0.087,0.5346642439,0.5296969929,0.5295800000,0.5295800000,0.5309044767,0.5318018962,0.5304500000,-0.0049672510,-0.0050842439,-0.0050842439,-0.0037597672,-0.0028623478,-0.0042142439
0.088,0.5350616619,0.5300383377,0.5299200000,0.5299200000,0.5312597006,0.5321674352,0.5308000000,-0.0050233243,-0.0051416619,-0.0051416619,-0.0038019613,-0.0028942267,-0.0042616619
0.089,0.5354590449,0.5303796824,0.5302600000,0.5302600000,0.5316149245,0.5325329742,0.5311500000,-0.0050793625,-0.0051990449,-0.0051990449,-0.0038441205,-0.0029260707,-0.0043090449
0.090,0.5358563926,0.5307210271,0.5306000000,0.5306000000,0.5319701483,0.5328985133,0.5315000000,-0.0051353654,-0.0052563926,-0.0052563926,-0.0038862442,-0.0029578793,-0.0043563926
0.091,0.5362537045,0.5310623719,0.5309400000,0.5309400000,0.5323253722,0.5332640523,0.5318500000,-0.0051913326,-0.0053137045,-0.0053137045,-0.0039283323,-0.0029896522,-0.0044037045
0.092,0.5366509802,0.5314037166,0.5312800000,0.5312800000,0.5326805961,0.5336295914,0.5322000000,-0.0052472636,-0.0053709802,-0.0053709802,-0.0039703841,-0.0030213888,-0.0044509802
0.093,0.5370482194,0.5317450614,0.5316200000,0.5316200000,0.5330358200,0.5339951304,0.5325500000,-0.0053031580,-0.0054282194,-0.0054282194,-0.0040123994,-0.0030530890,-0.0044982194
0.094,0.5374454216,0.5320864061,0.5319600000,0.5319600000,0.5333910438,0.5343606694,0.5329000000,-0.0053590155,-0.0054854216,-0.0054854216,-0.0040543778,-0.0030847522,-0.0045454216
0.095,0.5378425865,0.5324277509,0.5323000000,0.5323000000,0.5337462677,0.5347262085,0.5332500000,-0.0054148357,-0.0055425865,-0.0055425865,-0.0040963188,-0.0031163781,-0.0045925865
0.096,0.5382397137,0.5327690956,0.5326400000,0.5326400000,0.5341014916,0.5350917475,0.5336000000,-0.0054706181,-0.0055997137,-0.0055997137,-0.0041382221,-0.0031479662,-0.0046397137
0.097,0.5386368028,0.5331104404,0.5329800000,0.5329800000,0.5344567154,0.5354572865,0.5339500000,-0.0055263624,-0.0056568028,-0.0056568028,-0.0041800873,-0.0031795162,-0.0046868028
0.098,0.5390338533,0.5334517851,0.5333200000,0.5333200000,0.5348119393,0.5358228256,0.5343000000,-0.0055820682,-0.0057138533,-0.0057138533,-0.0042219140,-0.0032110277,-0.0047338533
0.099,0.5394308649,0.5337931299,0.5336600000,0.5336600000,0.5351671632,0.5361883646,0.5346500000,-0.0056377351,-0.0057708649,-0.0057708649,-0.0042637018,-0.0032425003,-0.0047808649
0.100,0.5398278373,0.5341344746,0.5340000000,0.5340000000,0.5355223871,0.5365539036,0.5350000000,-0.0056933627,-0.0058278373,-0.0058278373,-0.0043054502,-0.0032739336,-0.0048278373
0.101,0.5402247699,0.5344758194,0.5343400000,0.5343400000,0.5358776109,0.5369194427,0.5353500000,-0.0057489506,-0.0058847699,-0.0058847699,-0.0043471590,-0.0033053272,-0.0048747699
0.102,0.5406216625,0.5348171641,0.5346800000,0.5346800000,0.5362328348,0.5372849817,0.5357000000,-0.0058044984,-0.0059416625,-0.0059416625,-0.0043888277,-0.0033366807,-0.0049216625
0.103,0.5410185145,0.5351585088,0.5350200000,0.5350200000,0.5365880587,0.5376505208,0.5360500000,-0.0058600057,-0.0059985145,-0.0059985145,-0.0044304559,-0.0033679938,-0.0049685145
0.104,0.5414153257,0.5354998536,0.5353600000,0.5353600000,0.5369432825,0.5380160598,0.5364000000,-0.0059154721,-0.0060553257,-0.0060553257,-0.0044720432,-0.0033992659,-0.0050153257
0.105,0.5418120956,0.5358411983,0.5357000000,0.5357000000,0.5372985064,0.5383815988,0.5367500000,-0.0059708973,-0.0061120956,-0.0061120956,-0.0045135892,-0.0034304968,-0.0050620956
0.106,0.5422088239,0.5361825431,0.5360400000,0.5360400000,0.5376537303,0.5387471379,0.5371000000,-0.0060262808,-0.0061688239,-0.0061688239,-0.0045550936,-0.0034616860,-0.0051088239
0.107,0.5426055101,0.5365238878,0.5363800000,0.5363800000,0.5380089541,0.5391126769,0.5374500000,-0.0060816223,-0.0062255101,-0.0062255101,-0.0045965560,-0.0034928332,-0.0051555101
0.108,0.5430021539,0.5368652326,0.5367200000,0.5367200000,0.5383641780,0.5394782159,0.5378000000,-0.0061369213,-0.0062821539,-0.0062821539,-0.0046379759,-0.0035239380,-0.0052021539
0.109,0.5433987548,0.5372065773,0.5370600000,0.5370600000,0.5387194019,0.5398437550,0.5381500000,-0.0061921775,-0.0063387548,-0.0063387548,-0.0046793529,-0.0035549999,-0.0052487548
0.110,0.5437953125,0.5375479221,0.5374000000,0.5374000000,0.5390746258,0.5402092940,0.5385000000,-0.0062473905,-0.0063953125,-0.0063953125,-0.0047206868,-0.0035860185,-0.0052953125
0.111,0.5441918266,0.5378892668,0.5377400000,0.5377400000,0.5394298496,0.5405748330,0.5388500000,-0.0063025598,-0.0064518266,-0.0064518266,-0.0047619770,-0.0036169936,-0.0053418266
0.112,0.5445882967,0.5382306116,0.5380800000,0.5380800000,0.5397850735,0.5409403721,0.5392000000,-0.0063576852,-0.0065082967,-0.0065082967,-0.0048032232,-0.0036479246,-0.0053882967
0.113,0.5449847224,0.5385719563,0.5384200000,0.5384200000,0.5401402974,0.5413059111,0.5395500000,-0.0064127661,-0.0065647224,-0.0065647224,-0.0048444250,-0.0036788113,-0.0054347224
0.114,0.5453811033,0.5389133011,0.5387600000,0.5387600000,0.5404955212,0.5416714502,0.5399000000,-0.0064678022,-0.0066211033,-0.0066211033,-0.0048855820,-0.0037096531,-0.0054811033
0.115,0.5457774390,0.5392546458,0.5391000000,0.5391000000,0.5408507451,0.5420369892,0.5402500000,-0.0065227932,-0.0066774390,-0.0066774390,-0.0049266939,-0.0037404498,-0.0055274390
0.116,0.5461737291,0.5395959905,0.5394400000,0.5394400000,0.5412059690,0.5424025282,0.5406000000,-0.0065777386,-0.0067337291,-0.0067337291,-0.0049677601,-0.0037712009,-0.0055737291
0.117,0.5465699733,0.5399373353,0.5397800000,0.5397800000,0.5415611929,0.5427680673,0.5409500000,-0.0066326380,-0.0067899733,-0.0067899733,-0.0050087804,-0.0038019060,-0.0056199733
0.118,0.5469661711,0.5402786800,0.5401200000,0.5401200000,0.5419164167,0.5431336063,0.5413000000,-0.0066874910,-0.0068461711,-0.0068461711,-0.0050497543,-0.0038325648,-0.0056661711
0.119,0.5473623221,0.5406200248,0.5404600000,0.5404600000,0.5422716406,0.5434991453,0.5416500000,-0.0067422973,-0.0069023221,-0.0069023221,-0.0050906815,-0.0038631768,-0.0057123221
0.120,0.5477584260,0.5409613695,0.5408000000,0.5408000000,0.5426268645,0.5438646844,0.5420000000,-0.0067970565,-0.0069584260,-0.0069584260,-0.0051315616,-0.0038937416,-0.0057584260
0.121,0.5481544824,0.5413027143,0.5411400000,0.5411400000,0.5429820883,0.5442302234,0.5423500000,-0.0068517681,-0.0070144824,-0.0070144824,-0.0051723941,-0.0039242590,-0.0058044824
0.122,0.5485504909,0.5416440590,0.5414800000,0.5414800000,0.5433373122,0.5445957625,0.5427000000,-0.0069064318,-0.0070704909,-0.0070704909,-0.0052131787,-0.0039547284,-0.0058504909
0.123,0.5489464510,0.5419854038,0.5418200000,0.5418200000,0.5436925361,0.5449613015,0.5430500000,-0.0069610473,-0.0071264510,-0.0071264510,-0.0052539149,-0.0039851495,-0.0058964510
0.124,0.5493423625,0.5423267485,0.5421600000,0.5421600000,0.5440477599,0.5453268405,0.5434000000,-0.0070156140,-0.0071823625,-0.0071823625,-0.0052946025,-0.0040155219,-0.0059423625
0.125,0.5497382248,0.5426680933,0.5425000000,0.5425000000,0.5444029838,0.5456923796,0.5437500000,-0.0070701316,-0.0072382248,-0.0072382248,-0.0053352410,-0.0040458453,-0.0059882248
0.126,0.5501340377,0.5430094380,0.5428400000,0.5428400000,0.5447582077,0.5460579186,0.5441000000,-0.0071245997,-0.0072940377,-0.0072940377,-0.0053758300,-0.0040761191,-0.0060340377
0.127,0.5505298007,0.5433507828,0.5431800000,0.5431800000,0.5451134316,0.5464234576,0.5444500000,-0.0071790180,-0.0073498007,-0.0073498007,-0.0054163692,-0.0041063431,-0.0060798007
0.128,0.5509255135,0.5436921275,0.5435200000,0.5435200000,0.5454686554,0.5467889967,0.5448000000,-0.0072333860,-0.0074055135,-0.0074055135,-0.0054568580,-0.0041365168,-0.0061255135
0.129,0.5513211756,0.5440334722,0.5438600000,0.5438600000,0.5458238793,0.5471545357,0.5451500000,-0.0072877033,-0.0074611756,-0.0074611756,-0.0054972963,-0.0041666399,-0.0061711756
0.130,0.5517167867,0.5443748170,0.5442000000,0.5442000000,0.5461791032,0.5475200747,0.5455000000,-0.0073419697,-0.0075167867,-0.0075167867,-0.0055376835,-0.0041967119,-0.0062167867
0.131,0.5521123463,0.5447161617,0.5445400000,0.5445400000,0.5465343270,0.5478856138,0.5458500000,-0.0073961846,-0.0075723463,-0.0075723463,-0.0055780193,-0.0042267325,-0.0062623463
0.132,0.5525078541,0.5450575065,0.5448800000,0.5448800000,0.5468895509,0.5482511528,0.5462000000,-0.0074503476,-0.0076278541,-0.0076278541,-0.0056183032,-0.0042567013,-0.0063078541
0.133,0.5529033098,0.5453988512,0.5452200000,0.5452200000,0.5472447748,0.5486166919,0.5465500000,-0.0075044585,-0.0076833098,-0.0076833098,-0.0056585350,-0.0042866179,-0.0063533098
0.134,0.5532987128,0.5457401960,0.5455600000,0.5455600000,0.5475999987,0.5489822309,0.5469000000,-0.0075585168,-0.0077387128,-0.0077387128,-0.0056987141,-0.0043164819,-0.0063987128
0.135,0.5536940628,0.5460815407,0.5459000000,0.5459000000,0.5479552225,0.5493477699,0.5472500000,-0.0076125221,-0.0077940628,-0.0077940628,-0.0057388403,-0.0043462929,-0.0064440628
0.136,0.5540893595,0.5464228855,0.5462400000,0.5462400000,0.5483104464,0.5497133090,0.5476000000,-0.0076664741,-0.0078493595,-0.0078493595,-0.0057789131,-0.0043760506,-0.0064893595
0.137,0.5544846024,0.5467642302,0.5465800000,0.5465800000,0.5486656703,0.5500788480,0.5479500000,-0.0077203722,-0.0079046024,-0.0079046024,-0.0058189322,-0.0044057544,-0.0065346024
0.138,0.5548797912,0.5471055750,0.5469200000,0.5469200000,0.5490208941,0.5504443870,0.5483000000,-0.0077742163,-0.0079597912,-0.0079597912,-0.0058588971,-0.0044354042,-0.0065797912
0.139,0.5552749255,0.5474469197,0.5472600000,0.5472600000,0.5493761180,0.5508099261,0.5486500000,-0.0078280058,-0.0080149255,-0.0080149255,-0.0058988075,-0.0044649994,-0.0066249255
0.140,0.5556700048,0.5477882644,0.5476000000,0.5476000000,0.5497313419,0.5511754651,0.5490000000,-0.0078817404,-0.0080700048,-0.0080700048,-0.0059386629,-0.0044945397,-0.0066700048
0.141,0.5560650288,0.5481296092,0.5479400000,0.5479400000,0.5500865657,0.5515410041,0.5493500000,-0.0079354196,-0.0081250288,-0.0081250288,-0.0059784631,-0.0045240247,-0.0067150288
0.142,0.5564599972,0.5484709539,0.5482800000,0.5482800000,0.5504417896,0.5519065432,0.5497000000,-0.0079890432,-0.0081799972,-0.0081799972,-0.0060182075,-0.0045534540,-0.0067599972
0.143,0.5568549094,0.5488122987,0.5486200000,0.5486200000,0.5507970135,0.5522720822,0.5500500000,-0.0080426107,-0.0082349094,-0.0082349094,-0.0060578959,-0.0045828272,-0.0068049094
0.144,0.5572497652,0.5491536434,0.5489600000,0.5489600000,0.5511522374,0.5526376213,0.5504000000,-0.0080961217,-0.0082897652,-0.0082897652,-0.0060975278,-0.0046121439,-0.0068497652
0.145,0.5576445641,0.5494949882,0.5493000000,0.5493000000,0.5515074612,0.5530031603,0.5507500000,-0.0081495759,-0.0083445641,-0.0083445641,-0.0061371029,-0.0046414038,-0.0068945641
0.146,0.5580393058,0.5498363329,0.5496400000,0.5496400000,0.5518626851,0.5533686993,0.5511000000,-0.0082029729,-0.0083993058,-0.0083993058,-0.0061766207,-0.0046706065,-0.0069393058
0.147,0.5584339898,0.5501776777,0.5499800000,0.5499800000,0.5522179090,0.5537342384,0.5514500000,-0.0082563122,-0.0084539898,-0.0084539898,-0.0062160809,-0.0046997515,-0.0069839898
0.148,0.5588286159,0.5505190224,0.5503200000,0.5503200000,0.5525731328,0.5540997774,0.5518000000,-0.0083095935,-0.0085086159,-0.0085086159,-0.0062554830,-0.0047288385,-0.0070286159
0.149,0.5592231835,0.5508603672,0.5506600000,0.5506600000,0.5529283567,0.5544653164,0.5521500000,-0.0083628164,-0.0085631835,-0.0085631835,-0.0062948268,-0.0047578671,-0.0070731835
0.150,0.5596176924,0.5512017119,0.5510000000,0.5510000000,0.5532835806,0.5548308555,0.5525000000,-0.0084159805,-0.0086176924,-0.0086176924,-0.0063341118,-0.0047868369,-0.0071176924
0.151,0.5600121421,0.5515430567,0.5513400000,0.5513400000,0.5536388045,0.5551963945,0.5528500000,-0.0084690854,-0.0086721421,-0.0086721421,-0.0063733376,-0.0048157475,-0.0071621421
0.152,0.5604065322,0.5518844014,0.5516800000,0.5516800000,0.5539940283,0.5555619335,0.5532000000,-0.0085221308,-0.0087265322,-0.0087265322,-0.0064125039,-0.0048445986,-0.0072065322
0.153,0.5608008624,0.5522257461,0.5520200000,0.5520200000,0.5543492522,0.5559274726,0.5535500000,-0.0085751162,-0.0087808624,-0.0087808624,-0.0064516102,-0.0048733898,-0.0072508624
0.154,0.5611951322,0.5525670909,0.5523600000,0.5523600000,0.5547044761,0.5562930116,0.5539000000,-0.0086280413,-0.0088351322,-0.0088351322,-0.0064906561,-0.0049021206,-0.0072951322
0.155,0.5615893413,0.5529084356,0.5527000000,0.5527000000,0.5550596999,0.5566585507,0.5542500000,-0.0086809057,-0.0088893413,-0.0088893413,-0.0065296414,-0.0049307907,-0.0073393413
0.156,0.5619834894,0.5532497804,0.5530400000,0.5530400000,0.5554149238,0.5570240897,0.5546000000,-0.0087337090,-0.0089434894,-0.0089434894,-0.0065685656,-0.0049593997,-0.0073834894
0.157,0.5623775759,0.5535911251,0.5533800000,0.5533800000,0.5557701477,0.5573896287,0.5549500000,-0.0087864508,-0.0089975759,-0.0089975759,-0.0066074283,-0.0049879472,-0.0074275759
0.158,0.5627716006,0.5539324699,0.5537200000,0.5537200000,0.5561253715,0.5577551678,0.5553000000,-0.0088391308,-0.0090516006,-0.0090516006,-0.0066462291,-0.0050164329,-0.0074716006
0.159,0.5631655631,0.5542738146,0.5540600000,0.5540600000,0.5564805954,0.5581207068,0.5556500000,-0.0088917485,-0.0091055631,-0.0091055631,-0.0066849677,-0.0050448563,-0.0075155631
0.160,0.5635594629,0.5546151594,0.5544000000,0.5544000000,0.5568358193,0.5584862458,0.5560000000,-0.0089443035,-0.0091594629,-0.0091594629,-0.0067236436,-0.0050732171,-0.0075594629
0.161,0.5639532997,0.5549565041,0.5547400000,0.5547400000,0.5571910432,0.5588517849,0.5563500000,-0.0089967956,-0.0092132997,-0.0092132997,-0.0067622565,-0.0051015148,-0.0076032997
0.162,0.5643470731,0.5552978489,0.5550800000,0.5550800000,0.5575462670,0.5592173239,0.5567000000,-0.0090492242,-0.0092670731,-0.0092670731,-0.0068008060,-0.0051297492,-0.0076470731
0.163,0.5647407827,0.5556391936,0.5554200000,0.5554200000,0.5579014909,0.5595828629,0.5570500000,-0.0091015891,-0.0093207827,-0.0093207827,-0.0068392918,-0.0051579197,-0.0076907827
0.164,0.5651344281,0.5559805384,0.5557600000,0.5557600000,0.5582567148,0.5599484020,0.5574000000,-0.0091538897,-0.0093744281,-0.0093744281,-0.0068777133,-0.0051860261,-0.0077344281
0.165,0.5655280090,0.5563218831,0.5561000000,0.5561000000,0.5586119386,0.5603139410,0.5577500000,-0.0092061259,-0.0094280090,-0.0094280090,-0.0069160703,-0.0052140680,-0.0077780090
0.166,0.5659215249,0.5566632278,0.5564400000,0.5564400000,0.5589671625,0.5606794801,0.5581000000,-0.0092582971,-0.0094815249,-0.0094815249,-0.0069543624,-0.0052420449,-0.0078215249
0.167,0.5663149755,0.5570045726,0.5567800000,0.5567800000,0.5593223864,0.5610450191,0.5584500000,-0.0093104029,-0.0095349755,-0.0095349755,-0.0069925892,-0.0052699564,-0.0078649755
0.168,0.5667083605,0.5573459173,0.5571200000,0.5571200000,0.5596776103,0.5614105581,0.5588000000,-0.0093624431,-0.0095883605,-0.0095883605,-0.0070307502,-0.0052978023,-0.0079083605
0.169,0.5671016793,0.5576872621,0.5574600000,0.5574600000,0.5600328341,0.5617760972,0.5591500000,-0.0094144172,-0.0096416793,-0.0096416793,-0.0070688452,-0.0053255821,-0.0079516793
0.170,0.5674949317,0.5580286068,0.5578000000,0.5578000000,0.5603880580,0.5621416362,0.5595000000,-0.0094663248,-0.0096949317,-0.0096949317,-0.0071068737,-0.0053532955,-0.0079949317
0.171,0.5678881172,0.5583699516,0.5581400000,0.5581400000,0.5607432819,0.5625071752,0.5598500000,-0.0095181656,-0.0097481172,-0.0097481172,-0.0071448353,-0.0053809420,-0.0080381172
0.172,0.5682812355,0.5587112963,0.5584800000,0.5584800000,0.5610985057,0.5628727143,0.5602000000,-0.0095699392,-0.0098012355,-0.0098012355,-0.0071827298,-0.0054085212,-0.0080812355
0.173,0.5686742862,0.5590526411,0.5588200000,0.5588200000,0.5614537296,0.5632382533,0.5605500000,-0.0096216451,-0.0098542862,-0.0098542862,-0.0072205566,-0.0054360329,-0.0081242862
0.174,0.5690672689,0.5593939858,0.5591600000,0.5591600000,0.5618089535,0.5636037923,0.5609000000,-0.0096732831,-0.0099072689,-0.0099072689,-0.0072583154,-0.0054634765,-0.0081672689
0.175,0.5694601832,0.5597353306,0.5595000000,0.5595000000,0.5621641773,0.5639693314,0.5612500000,-0.0097248526,-0.0099601832,-0.0099601832,-0.0072960059,-0.0054908518,-0.0082101832
0.176,0.5698530288,0.5600766753,0.5598400000,0.5598400000,0.5625194012,0.5643348704,0.5616000000,-0.0097763535,-0.0100130288,-0.0100130288,-0.0073336276,-0.0055181584,-0.0082530288
0.177,0.5702458052,0.5604180201,0.5601800000,0.5601800000,0.5628746251,0.5647004095,0.5619500000,-0.0098277852,-0.0100658052,-0.0100658052,-0.0073711801,-0.0055453958,-0.0082958052
0.178,0.5706385121,0.5607593648,0.5605200000,0.5605200000,0.5632298490,0.5650659485,0.5623000000,-0.0098791473,-0.0101185121,-0.0101185121,-0.0074086632,-0.0055725636,-0.0083385121
0.179,0.5710311492,0.5611007095,0.5608600000,0.5608600000,0.5635850728,0.5654314875,0.5626500000,-0.0099304396,-0.0101711492,-0.0101711492,-0.0074460763,-0.0055996616,-0.0083811492
0.180,0.5714237159,0.5614420543,0.5612000000,0.5612000000,0.5639402967,0.5657970266,0.5630000000,-0.0099816616,-0.0102237159,-0.0102237159,-0.0074834192,-0.0056266893,-0.0084237159
0.181,0.5718162120,0.5617833990,0.5615400000,0.5615400000,0.5642955206,0.5661625656,0.5633500000,-0.0100328130,-0.0102762120,-0.0102762120,-0.0075206914,-0.0056536464,-0.0084662120
0.182,0.5722086370,0.5621247438,0.5618800000,0.5618800000,0.5646507444,0.5665281046,0.5637000000,-0.0100838933,-0.0103286370,-0.0103286370,-0.0075578926,-0.0056805324,-0.0085086370
0.183,0.5726009907,0.5624660885,0.5622200000,0.5622200000,0.5650059683,0.5668936437,0.5640500000,-0.0101349022,-0.0103809907,-0.0103809907,-0.0075950224,-0.0057073470,-0.0085509907
0.184,0.5729932725,0.5628074333,0.5625600000,0.5625600000,0.5653611922,0.5672591827,0.5644000000,-0.0101858393,-0.0104332725,-0.0104332725,-0.0076320804,-0.0057340898,-0.0085932725
0.185,0.5733854822,0.5631487780,0.5629000000,0.5629000000,0.5657164161,0.5676247217,0.5647500000,-0.0102367042,-0.0104854822,-0.0104854822,-0.0076690662,-0.0057607605,-0.0086354822
0.186,0.5737776193,0.5634901228,0.5632400000,0.5632400000,0.5660716399,0.5679902608,0.5651000000,-0.0102874966,-0.0105376193,-0.0105376193,-0.0077059794,-0.0057873586,-0.0086776193
0.187,0.5741696835,0.5638314675,0.5635800000,0.5635800000,0.5664268638,0.5683557998,0.5654500000,-0.0103382160,-0.0105896835,-0.0105896835,-0.0077428197,-0.0058138837,-0.0087196835
0.188,0.5745616744,0.5641728123,0.5639200000,0.5639200000,0.5667820877,0.5687213389,0.5658000000,-0.0103888621,-0.0106416744,-0.0106416744,-0.0077795867,-0.0058403356,-0.0087616744
0.189,0.5749535916,0.5645141570,0.5642600000,0.5642600000,0.5671373115,0.5690868779,0.5661500000,-0.0104394346,-0.0106935916,-0.0106935916,-0.0078162801,-0.0058667137,-0.0088035916
0.190,0.5753454347,0.5648555018,0.5646000000,0.5646000000,0.5674925354,0.5694524169,0.5665000000,-0.0104899330,-0.0107454347,-0.0107454347,-0.0078528993,-0.0058930178,-0.0088454347
0.191,0.5757372034,0.5651968465,0.5649400000,0.5649400000,0.5678477593,0.5698179560,0.5668500000,-0.0105403569,-0.0107972034,-0.0107972034,-0.0078894441,-0.0059192475,-0.0088872034
0.192,0.5761288973,0.5655381912,0.5652800000,0.5652800000,0.5682029831,0.5701834950,0.5672000000,-0.0105907060,-0.0108488973,-0.0108488973,-0.0079259141,-0.0059454023,-0.0089288973
0.193,0.5765205160,0.5658795360,0.5656200000,0.5656200000,0.5685582070,0.5705490340,0.5675500000,-0.0106409800,-0.0109005160,-0.0109005160,-0.0079623089,-0.0059714819,-0.0089705160
0.194,0.5769120590,0.5662208807,0.5659600000,0.5659600000,0.5689134309,0.5709145731,0.5679000000,-0.0106911783,-0.0109520590,-0.0109520590,-0.0079986282,-0.0059974860,-0.0090120590
0.195,0.5773035262,0.5665622255,0.5663000000,0.5663000000,0.5692686548,0.5712801121,0.5682500000,-0.0107413007,-0.0110035262,-0.0110035262,-0.0080348714,-0.0060234141,-0.0090535262
0.196,0.5776949170,0.5669035702,0.5666400000,0.5666400000,0.5696238786,0.5716456511,0.5686000000,-0.0107913468,-0.0110549170,-0.0110549170,-0.0080710384,-0.0060492659,-0.0090949170
0.197,0.5780862311,0.5672449150,0.5669800000,0.5669800000,0.5699791025,0.5720111902,0.5689500000,-0.0108413161,-0.0111062311,-0.0111062311,-0.0081071286,-0.0060750409,-0.0091362311
0.198,0.5784774681,0.5675862597,0.5673200000,0.5673200000,0.5703343264,0.5723767292,0.5693000000,-0.0108912084,-0.0111574681,-0.0111574681,-0.0081431418,-0.0061007389,-0.0091774681
0.199,0.5788686277,0.5679276045,0.5676600000,0.5676600000,0.5706895502,0.5727422683,0.5696500000,-0.0109410232,-0.0112086277,-0.0112086277,-0.0081790775,-0.0061263594,-0.0092186277
0.200,0.5792597094,0.5682689492,0.5680000000,0.5680000000,0.5710447741,0.5731078073,0.5700000000,-0.0109907602,-0.0112597094,-0.0112597094,-0.0082149353,-0.0061519021,-0.0092597094
0.201,0.5796507130,0.5686102940,0.5683400000,0.5683400000,0.5713999980,0.5734733463,0.5703500000,-0.0110404190,-0.0113107130,-0.0113107130,-0.0082507150,-0.0061773666,-0.0093007130
0.202,0.5800416379,0.5689516387,0.5686800000,0.5686800000,0.5717552219,0.5738388854,0.5707000000,-0.0110899992,-0.0113616379,-0.0113616379,-0.0082864161,-0.0062027525,-0.0093416379
0.203,0.5804324839,0.5692929835,0.5690200000,0.5690200000,0.5721104457,0.5742044244,0.5710500000,-0.0111395004,-0.0114124839,-0.0114124839,-0.0083220382,-0.0062280595,-0.0093824839
0.204,0.5808232505,0.5696343282,0.5693600000,0.5693600000,0.5724656696,0.5745699634,0.5714000000,-0.0111889223,-0.0114632505,-0.0114632505,-0.0083575810,-0.0062532871,-0.0094232505
0.205,0.5812139375,0.5699756729,0.5697000000,0.5697000000,0.5728208935,0.5749355025,0.5717500000,-0.0112382645,-0.0115139375,-0.0115139375,-0.0083930440,-0.0062784350,-0.0094639375
0.206,0.5816045443,0.5703170177,0.5700400000,0.5700400000,0.5731761173,0.5753010415,0.5721000000,-0.0112875267,-0.0115645443,-0.0115645443,-0.0084284270,-0.0063035028,-0.0095045443
0.207,0.5819950708,0.5706583624,0.5703800000,0.5703800000,0.5735313412,0.5756665806,0.5724500000,-0.0113367083,-0.0116150708,-0.0116150708,-0.0084637295,-0.0063284902,-0.0095450708
0.208,0.5823855163,0.5709997072,0.5707200000,0.5707200000,0.5738865651,0.5760321196,0.5728000000,-0.0113858091,-0.0116655163,-0.0116655163,-0.0084989512,-0.0063533967,-0.0095855163
0.209,0.5827758807,0.5713410519,0.5710600000,0.5710600000,0.5742417889,0.5763976586,0.5731500000,-0.0114348288,-0.0117158807,-0.0117158807,-0.0085340917,-0.0063782221,-0.0096258807
0.210,0.5831661635,0.5716823967,0.5714000000,0.5714000000,0.5745970128,0.5767631977,0.5735000000,-0.0114837668,-0.0117661635,-0.0117661635,-0.0085691507,-0.0064029658,-0.0096661635
0.211,0.5835563643,0.5720237414,0.5717400000,0.5717400000,0.5749522367,0.5771287367,0.5738500000,-0.0115326229,-0.0118163643,-0.0118163643,-0.0086041276,-0.0064276276,-0.0097063643
0.212,0.5839464828,0.5723650862,0.5720800000,0.5720800000,0.5753074606,0.5774942757,0.5742000000,-0.0115813967,-0.0118664828,-0.0118664828,-0.0086390223,-0.0064522071,-0.0097464828
0.213,0.5843365187,0.5727064309,0.5724200000,0.5724200000,0.5756626844,0.5778598148,0.5745500000,-0.0116300877,-0.0119165187,-0.0119165187,-0.0086738342,-0.0064767039,-0.0097865187
0.214,0.5847264714,0.5730477757,0.5727600000,0.5727600000,0.5760179083,0.5782253538,0.5749000000,-0.0116786958,-0.0119664714,-0.0119664714,-0.0087085631,-0.0065011176,-0.0098264714
0.215,0.5851163407,0.5733891204,0.5731000000,0.5731000000,0.5763731322,0.5785908928,0.5752500000,-0.0117272203,-0.0120163407,-0.0120163407,-0.0087432086,-0.0065254479,-0.0098663407
0.216,0.5855061262,0.5737304652,0.5734400000,0.5734400000,0.5767283560,0.5789564319,0.5756000000,-0.0117756611,-0.0120661262,-0.0120661262,-0.0087777702,-0.0065496943,-0.0099061262
0.217,0.5858958275,0.5740718099,0.5737800000,0.5737800000,0.5770835799,0.5793219709,0.5759500000,-0.0118240176,-0.0121158275,-0.0121158275,-0.0088122476,-0.0065738566,-0.0099458275
0.218,0.5862854443,0.5744131546,0.5741200000,0.5741200000,0.5774388038,0.5796875100,0.5763000000,-0.0118722896,-0.0121654443,-0.0121654443,-0.0088466405,-0.0065979343,-0.0099854443
0.219,0.5866749761,0.5747544994,0.5744600000,0.5744600000,0.5777940276,0.5800530490,0.5766500000,-0.0119204767,-0.0122149761,-0.0122149761,-0.0088809485,-0.0066219271,-0.0100249761
0.220,0.5870644226,0.5750958441,0.5748000000,0.5748000000,0.5781492515,0.5804185880,0.5770000000,-0.0119685785,-0.0122644226,-0.0122644226,-0.0089151711,-0.0066458346,-0.0100644226
0.221,0.5874537835,0.5754371889,0.5751400000,0.5751400000,0.5785044754,0.5807841271,0.5773500000,-0.0120165946,-0.0123137835,-0.0123137835,-0.0089493081,-0.0066696564,-0.0101037835
0.222,0.5878430583,0.5757785336,0.5754800000,0.5754800000,0.5788596993,0.5811496661,0.5777000000,-0.0120645247,-0.0123630583,-0.0123630583,-0.0089833591,-0.0066933922,-0.0101430583
0.223,0.5882322467,0.5761198784,0.5758200000,0.5758200000,0.5792149231,0.5815152051,0.5780500000,-0.0121123684,-0.0124122467,-0.0124122467,-0.0090173236,-0.0067170416,-0.0101822467
0.224,0.5886213484,0.5764612231,0.5761600000,0.5761600000,0.5795701470,0.5818807442,0.5784000000,-0.0121601253,-0.0124613484,-0.0124613484,-0.0090512014,-0.0067406042,-0.0102213484
0.225,0.5890103629,0.5768025679,0.5765000000,0.5765000000,0.5799253709,0.5822462832,0.5787500000,-0.0122077950,-0.0125103629,-0.0125103629,-0.0090849920,-0.0067640797,-0.0102603629
0.226,0.5893992898,0.5771439126,0.5768400000,0.5768400000,0.5802805947,0.5826118222,0.5791000000,-0.0122553772,-0.0125592898,-0.0125592898,-0.0091186951,-0.0067874676,-0.0102992898
0.227,0.5897881289,0.5774852574,0.5771800000,0.5771800000,0.5806358186,0.5829773613,0.5794500000,-0.0123028716,-0.0126081289,-0.0126081289,-0.0091523103,-0.0068107676,-0.0103381289
0.228,0.5901768797,0.5778266021,0.5775200000,0.5775200000,0.5809910425,0.5833429003,0.5798000000,-0.0123502776,-0.0126568797,-0.0126568797,-0.0091858373,-0.0068339794,-0.0103768797
0.229,0.5905655419,0.5781679468,0.5778600000,0.5778600000,0.5813462664,0.5837084394,0.5801500000,-0.0123975951,-0.0127055419,-0.0127055419,-0.0092192756,-0.0068571026,-0.0104155419
0.230,0.5909541151,0.5785092916,0.5782000000,0.5782000000,0.5817014902,0.5840739784,0.5805000000,-0.0124448235,-0.0127541151,-0.0127541151,-0.0092526249,-0.0068801368,-0.0104541151
0.231,0.5913425990,0.5788506363,0.5785400000,0.5785400000,0.5820567141,0.5844395174,0.5808500000,-0.0124919626,-0.0128025990,-0.0128025990,-0.0092858849,-0.0069030816,-0.0104925990
0.232,0.5917309931,0.5791919811,0.5788800000,0.5788800000,0.5824119380,0.5848050565,0.5812000000,-0.0125390120,-0.0128509931,-0.0128509931,-0.0093190551,-0.0069259366,-0.0105309931
0.233,0.5921192971,0.5795333258,0.5792200000,0.5792200000,0.5827671618,0.5851705955,0.5815500000,-0.0125859713,-0.0128992971,-0.0128992971,-0.0093521353,-0.0069487016,-0.0105692971
0.234,0.5925075107,0.5798746706,0.5795600000,0.5795600000,0.5831223857,0.5855361345,0.5819000000,-0.0126328401,-0.0129475107,-0.0129475107,-0.0093851250,-0.0069713761,-0.0106075107
0.235,0.5928956334,0.5802160153,0.5799000000,0.5799000000,0.5834776096,0.5859016736,0.5822500000,-0.0126796181,-0.0129956334,-0.0129956334,-0.0094180238,-0.0069939598,-0.0106456334
0.236,0.5932836649,0.5805573601,0.5802400000,0.5802400000,0.5838328334,0.5862672126,0.5826000000,-0.0127263048,-0.0130436649,-0.0130436649,-0.0094508315,-0.0070164523,-0.0106836649
0.237,0.5936716049,0.5808987048,0.5805800000,0.5805800000,0.5841880573,0.5866327516,0.5829500000,-0.0127729001,-0.0130916049,-0.0130916049,-0.0094835476,-0.0070388532,-0.0107216049
0.238,0.5940594529,0.5812400496,0.5809200000,0.5809200000,0.5845432812,0.5869982907,0.5833000000,-0.0128194033,-0.0131394529,-0.0131394529,-0.0095161717,-0.0070611622,-0.0107594529
0.239,0.5944472086,0.5815813943,0.5812600000,0.5812600000,0.5848985051,0.5873638297,0.5836500000,-0.0128658143,-0.0131872086,-0.0131872086,-0.0095487036,-0.0070833789,-0.0107972086
0.240,0.5948348717,0.5819227391,0.5816000000,0.5816000000,0.5852537289,0.5877293688,0.5840000000,-0.0129121326,-0.0132348717,-0.0132348717,-0.0095811428,-0.0071055029,-0.0108348717
0.241,0.5952224417,0.5822640838,0.5819400000,0.5819400000,0.5856089528,0.5880949078,0.5843500000,-0.0129583579,-0.0132824417,-0.0132824417,-0.0096134889,-0.0071275339,-0.0108724417
0.242,0.5956099184,0.5826054285,0.5822800000,0.5822800000,0.5859641767,0.5884604468,0.5847000000,-0.0130044898,-0.0133299184,-0.0133299184,-0.0096457417,-0.0071494716,-0.0109099184
0.243,0.5959973013,0.5829467733,0.5826200000,0.5826200000,0.5863194005,0.5888259859,0.5850500000,-0.0130505280,-0.0133773013,-0.0133773013,-0.0096779007,-0.0071713154,-0.0109473013
0.244,0.5963845900,0.5832881180,0.5829600000,0.5829600000,0.5866746244,0.5891915249,0.5854000000,-0.0130964720,-0.0134245900,-0.0134245900,-0.0097099656,-0.0071930651,-0.0109845900
0.245,0.5967717843,0.5836294628,0.5833000000,0.5833000000,0.5870298483,0.5895570639,0.5857500000,-0.0131423215,-0.0134717843,-0.0134717843,-0.0097419360,-0.0072147204,-0.0110217843
0.246,0.5971588837,0.5839708075,0.5836400000,0.5836400000,0.5873850722,0.5899226030,0.5861000000,-0.0131880762,-0.0135188837,-0.0135188837,-0.0097738116,-0.0072362808,-0.0110588837
0.247,0.5975458880,0.5843121523,0.5839800000,0.5839800000,0.5877402960,0.5902881420,0.5864500000,-0.0132337357,-0.0135658880,-0.0135658880,-0.0098055919,-0.0072577460,-0.0110958880
0.248,0.5979327966,0.5846534970,0.5843200000,0.5843200000,0.5880955199,0.5906536810,0.5868000000,-0.0132792996,-0.0136127966,-0.0136127966,-0.0098372767,-0.0072791156,-0.0111327966
0.249,0.5983196093,0.5849948418,0.5846600000,0.5846600000,0.5884507438,0.5910192201,0.5871500000,-0.0133247675,-0.0136596093,-0.0136596093,-0.0098688655,-0.0073003892,-0.0111696093
0.250,0.5987063257,0.5853361865,0.5850000000,0.5850000000,0.5888059676,0.5913847591,0.5875000000,-0.0133701392,-0.0137063257,-0.0137063257,-0.0099003580,-0.0073215666,-0.0112063257
0.251,0.5990929454,0.5856775313,0.5853400000,0.5853400000,0.5891611915,0.5917502982,0.5878500000,-0.0134154141,-0.0137529454,-0.0137529454,-0.0099317539,-0.0073426472,-0.0112429454
0.252,0.5994794681,0.5860188760,0.5856800000,0.5856800000,0.5895164154,0.5921158372,0.5882000000,-0.0134605921,-0.0137994681,-0.0137994681,-0.0099630527,-0.0073636309,-0.0112794681
0.253,0.5998658934,0.5863602208,0.5860200000,0.5860200000,0.5898716392,0.5924813762,0.5885500000,-0.0135056726,-0.0138458934,-0.0138458934,-0.0099942542,-0.0073845172,-0.0113158934
0.254,0.6002522210,0.5867015655,0.5863600000,0.5863600000,0.5902268631,0.5928469153,0.5889000000,-0.0135506554,-0.0138922210,-0.0138922210,-0.0100253578,-0.0074053057,-0.0113522210
0.255,0.6006384504,0.5870429102,0.5867000000,0.5867000000,0.5905820870,0.5932124543,0.5892500000,-0.0135955401,-0.0139384504,-0.0139384504,-0.0100563634,-0.0074259961,-0.0113884504
0.256,0.6010245813,0.5873842550,0.5870400000,0.5870400000,0.5909373109,0.5935779933,0.5896000000,-0.0136403263,-0.0139845813,-0.0139845813,-0.0100872705,-0.0074465880,-0.0114245813
0.257,0.6014106135,0.5877255997,0.5873800000,0.5873800000,0.5912925347,0.5939435324,0.5899500000,-0.0136850137,-0.0140306135,-0.0140306135,-0.0101180787,-0.0074670811,-0.0114606135
0.258,0.6017965464,0.5880669445,0.5877200000,0.5877200000,0.5916477586,0.5943090714,0.5903000000,-0.0137296019,-0.0140765464,-0.0140765464,-0.0101487878,-0.0074874750,-0.0114965464
0.259,0.6021823798,0.5884082892,0.5880600000,0.5880600000,0.5920029825,0.5946746104,0.5906500000,-0.0137740905,-0.0141223798,-0.0141223798,-0.0101793973,-0.0075077693,-0.0115323798
0.260,0.6025681132,0.5887496340,0.5884000000,0.5884000000,0.5923582063,0.5950401495,0.5910000000,-0.0138184792,-0.0141681132,-0.0141681132,-0.0102099069,-0.0075279637,-0.0115681132
0.261,0.6029537464,0.5890909787,0.5887400000,0.5887400000,0.5927134302,0.5954056885,0.5913500000,-0.0138627676,-0.0142137464,-0.0142137464,-0.0102403162,-0.0075480579,-0.0116037464
0.262,0.6033392789,0.5894323235,0.5890800000,0.5890800000,0.5930686541,0.5957712276,0.5917000000,-0.0139069554,-0.0142592789,-0.0142592789,-0.0102706248,-0.0075680513,-0.0116392789
0.263,0.6037247104,0.5897736682,0.5894200000,0.5894200000,0.5934238780,0.5961367666,0.5920500000,-0.0139510422,-0.0143047104,-0.0143047104,-0.0103008325,-0.0075879438,-0.0116747104
0.264,0.6041100406,0.5901150130,0.5897600000,0.5897600000,0.5937791018,0.5965023056,0.5924000000,-0.0139950277,-0.0143500406,-0.0143500406,-0.0103309388,-0.0076077350,-0.0117100406
0.265,0.6044952691,0.5904563577,0.5901000000,0.5901000000,0.5941343257,0.5968678447,0.5927500000,-0.0140389114,-0.0143952691,-0.0143952691,-0.0103609434,-0.0076274244,-0.0117452691
0.266,0.6048803955,0.5907977025,0.5904400000,0.5904400000,0.5944895496,0.5972333837,0.5931000000,-0.0140826930,-0.0144403955,-0.0144403955,-0.0103908459,-0.0076470118,-0.0117803955
0.267,0.6052654195,0.5911390472,0.5907800000,0.5907800000,0.5948447734,0.5975989227,0.5934500000,-0.0141263723,-0.0144854195,-0.0144854195,-0.0104206460,-0.0076664967,-0.0118154195
0.268,0.6056503406,0.5914803919,0.5911200000,0.5911200000,0.5951999973,0.5979644618,0.5938000000,-0.0141699487,-0.0145303406,-0.0145303406,-0.0104503433,-0.0076858789,-0.0118503406
0.269,0.6060351587,0.5918217367,0.5914600000,0.5914600000,0.5955552212,0.5983300008,0.5941500000,-0.0142134220,-0.0145751587,-0.0145751587,-0.0104799375,-0.0077051579,-0.0118851587
0.270,0.6064198732,0.5921630814,0.5918000000,0.5918000000,0.5959104450,0.5986955398,0.5945000000,-0.0142567918,-0.0146198732,-0.0146198732,-0.0105094282,-0.0077243333,-0.0119198732
0.271,0.6068044839,0.5925044262,0.5921400000,0.5921400000,0.5962656689,0.5990610789,0.5948500000,-0.0143000577,-0.0146644839,-0.0146644839,-0.0105388150,-0.0077434050,-0.0119544839
0.272,0.6071889903,0.5928457709,0.5924800000,0.5924800000,0.5966208928,0.5994266179,0.5952000000,-0.0143432194,-0.0147089903,-0.0147089903,-0.0105680975,-0.0077623724,-0.0119889903
0.273,0.6075733922,0.5931871157,0.5928200000,0.5928200000,0.5969761167,0.5997921570,0.5955500000,-0.0143862765,-0.0147533922,-0.0147533922,-0.0105972756,-0.0077812353,-0.0120233922
0.274,0.6079576892,0.5935284604,0.5931600000,0.5931600000,0.5973313405,0.6001576960,0.5959000000,-0.0144292287,-0.0147976892,-0.0147976892,-0.0106263486,-0.0077999932,-0.0120576892
0.275,0.6083418808,0.5938698052,0.5935000000,0.5935000000,0.5976865644,0.6005232350,0.5962500000,-0.0144720757,-0.0148418808,-0.0148418808,-0.0106553164,-0.0078186458,-0.0120918808
0.276,0.6087259669,0.5942111499,0.5938400000,0.5938400000,0.5980417883,0.6008887741,0.5966000000,-0.0145148170,-0.0148859669,-0.0148859669,-0.0106841786,-0.0078371928,-0.0121259669
0.277,0.6091099469,0.5945524947,0.5941800000,0.5941800000,0.5983970121,0.6012543131,0.5969500000,-0.0145574523,-0.0149299469,-0.0149299469,-0.0107129348,-0.0078556338,-0.0121599469
0.278,0.6094938206,0.5948938394,0.5945200000,0.5945200000,0.5987522360,0.6016198521,0.5973000000,-0.0145999812,-0.0149738206,-0.0149738206,-0.0107415846,-0.0078739685,-0.0121938206
0.279,0.6098775876,0.5952351842,0.5948600000,0.5948600000,0.5991074599,0.6019853912,0.5976500000,-0.0146424035,-0.0150175876,-0.0150175876,-0.0107701277,-0.0078921964,-0.0122275876
0.280,0.6102612476,0.5955765289,0.5952000000,0.5952000000,0.5994626838,0.6023509302,0.5980000000,-0.0146847187,-0.0150612476,-0.0150612476,-0.0107985638,-0.0079103173,-0.0122612476
0.281,0.6106448001,0.5959178736,0.5955400000,0.5955400000,0.5998179076,0.6027164693,0.5983500000,-0.0147269264,-0.0151048001,-0.0151048001,-0.0108268925,-0.0079283308,-0.0122948001
0.282,0.6110282448,0.5962592184,0.5958800000,0.5958800000,0.6001731315,0.6030820083,0.5987000000,-0.0147690265,-0.0151482448,-0.0151482448,-0.0108551134,-0.0079462366,-0.0123282448
0.283,0.6114115815,0.5966005631,0.5962200000,0.5962200000,0.6005283554,0.6034475473,0.5990500000,-0.0148110184,-0.0151915815,-0.0151915815,-0.0108832261,-0.0079640342,-0.0123615815
0.284,0.6117948097,0.5969419079,0.5965600000,0.5965600000,0.6008835792,0.6038130864,0.5994000000,-0.0148529018,-0.0152348097,-0.0152348097,-0.0109112304,-0.0079817233,-0.0123948097
0.285,0.6121779290,0.5972832526,0.5969000000,0.5969000000,0.6012388031,0.6041786254,0.5997500000,-0.0148946764,-0.0152779290,-0.0152779290,-0.0109391259,-0.0079993036,-0.0124279290
0.286,0.6125609392,0.5976245974,0.5972400000,0.5972400000,0.6015940270,0.6045441644,0.6001000000,-0.0149363418,-0.0153209392,-0.0153209392,-0.0109669122,-0.0080167748,-0.0124609392
0.287,0.6129438399,0.5979659421,0.5975800000,0.5975800000,0.6019492508,0.6049097035,0.6004500000,-0.0149778978,-0.0153638399,-0.0153638399,-0.0109945890,-0.0080341364,-0.0124938399
0.288,0.6133266307,0.5983072869,0.5979200000,0.5979200000,0.6023044747,0.6052752425,0.6008000000,-0.0150193438,-0.0154066307,-0.0154066307,-0.0110221559,-0.0080513882,-0.0125266307
0.289,0.6137093112,0.5986486316,0.5982600000,0.5982600000,0.6026596986,0.6056407815,0.6011500000,-0.0150606796,-0.0154493112,-0.0154493112,-0.0110496126,-0.0080685297,-0.0125593112
0.290,0.6140918812,0.5989899764,0.5986000000,0.5986000000,0.6030149225,0.6060063206,0.6015000000,-0.0151019048,-0.0154918812,-0.0154918812,-0.0110769587,-0.0080855606,-0.0125918812
0.291,0.6144743402,0.5993313211,0.5989400000,0.5989400000,0.6033701463,0.6063718596,0.6018500000,-0.0151430191,-0.0155343402,-0.0155343402,-0.0111041939,-0.0081024806,-0.0126243402
0.292,0.6148566880,0.5996726659,0.5992800000,0.5992800000,0.6037253702,0.6067373987,0.6022000000,-0.0151840222,-0.0155766880,-0.0155766880,-0.0111313178,-0.0081192894,-0.0126566880
0.293,0.6152389242,0.6000140106,0.5996200000,0.5996200000,0.6040805941,0.6071029377,0.6025500000,-0.0152249136,-0.0156189242,-0.0156189242,-0.0111583301,-0.0081359865,-0.0126889242
0.294,0.6156210483,0.6003553553,0.5999600000,0.5999600000,0.6044358179,0.6074684767,0.6029000000,-0.0152656930,-0.0156610483,-0.0156610483,-0.0111852304,-0.0081525716,-0.0127210483
0.295,0.6160030601,0.6006967001,0.6003000000,0.6003000000,0.6047910418,0.6078340158,0.6032500000,-0.0153063601,-0.0157030601,-0.0157030601,-0.0112120183,-0.0081690444,-0.0127530601
0.296,0.6163849593,0.6010380448,0.6006400000,0.6006400000,0.6051462657,0.6081995548,0.6036000000,-0.0153469145,-0.0157449593,-0.0157449593,-0.0112386936,-0.0081854045,-0.0127849593
0.297,0.6167667454,0.6013793896,0.6009800000,0.6009800000,0.6055014896,0.6085650938,0.6039500000,-0.0153873558,-0.0157867454,-0.0157867454,-0.0112652559,-0.0082016516,-0.0128167454
0.298,0.6171484182,0.6017207343,0.6013200000,0.6013200000,0.6058567134,0.6089306329,0.6043000000,-0.0154276839,-0.0158284182,-0.0158284182,-0.0112917048,-0.0082177853,-0.0128484182
0.299,0.6175299772,0.6020620791,0.6016600000,0.6016600000,0.6062119373,0.6092961719,0.6046500000,-0.0154678981,-0.0158699772,-0.0158699772,-0.0113180399,-0.0082338053,-0.0128799772
0.300,0.6179114222,0.6024034238,0.6020000000,0.6020000000,0.6065671612,0.6096617109,0.6050000000,-0.0155079984,-0.0159114222,-0.0159114222,-0.0113442610,-0.0082497112,-0.0129114222
0.301,0.6182927527,0.6027447686,0.6023400000,0.6023400000,0.6069223850,0.6100272500,0.6053500000,-0.0155479842,-0.0159527527,-0.0159527527,-0.0113703677,-0.0082655028,-0.0129427527
0.302,0.6186739685,0.6030861133,0.6026800000,0.6026800000,0.6072776089,0.6103927890,0.6057000000,-0.0155878552,-0.0159939685,-0.0159939685,-0.0113963596,-0.0082811795,-0.0129739685
0.303,0.6190550692,0.6034274581,0.6030200000,0.6030200000,0.6076328328,0.6107583281,0.6060500000,-0.0156276111,-0.0160350692,-0.0160350692,-0.0114222364,-0.0082967411,-0.0130050692
0.304,0.6194360544,0.6037688028,0.6033600000,0.6033600000,0.6079880566,0.6111238671,0.6064000000,-0.0156672516,-0.0160760544,-0.0160760544,-0.0114479978,-0.0083121873,-0.0130360544
0.305,0.6198169238,0.6041101476,0.6037000000,0.6037000000,0.6083432805,0.6114894061,0.6067500000,-0.0157067763,-0.0161169238,-0.0161169238,-0.0114736433,-0.0083275177,-0.0130669238
0.306,0.6201976771,0.6044514923,0.6040400000,0.6040400000,0.6086985044,0.6118549452,0.6071000000,-0.0157461848,-0.0161576771,-0.0161576771,-0.0114991727,-0.0083427319,-0.0130976771
0.307,0.6205783139,0.6047928370,0.6043800000,0.6043800000,0.6090537283,0.6122204842,0.6074500000,-0.0157854768,-0.0161983139,-0.0161983139,-0.0115245856,-0.0083578297,-0.0131283139
0.308,0.6209588338,0.6051341818,0.6047200000,0.6047200000,0.6094089521,0.6125860232,0.6078000000,-0.0158246520,-0.0162388338,-0.0162388338,-0.0115498817,-0.0083728106,-0.0131588338
0.309,0.6213392366,0.6054755265,0.6050600000,0.6050600000,0.6097641760,0.6129515623,0.6081500000,-0.0158637101,-0.0162792366,-0.0162792366,-0.0115750606,-0.0083876743,-0.0131892366
0.310,0.6217195218,0.6058168713,0.6054000000,0.6054000000,0.6101193999,0.6133171013,0.6085000000,-0.0159026505,-0.0163195218,-0.0163195218,-0.0116001220,-0.0084024205,-0.0132195218
0.311,0.6220996892,0.6061582160,0.6057400000,0.6057400000,0.6104746237,0.6136826403,0.6088500000,-0.0159414732,-0.0163596892,-0.0163596892,-0.0116250654,-0.0084170488,-0.0132496892
0.312,0.6224797383,0.6064995608,0.6060800000,0.6060800000,0.6108298476,0.6140481794,0.6092000000,-0.0159801776,-0.0163997383,-0.0163997383,-0.0116498907,-0.0084315590,-0.0132797383
0.313,0.6228596689,0.6068409055,0.6064200000,0.6064200000,0.6111850715,0.6144137184,0.6095500000,-0.0160187634,-0.0164396689,-0.0164396689,-0.0116745974,-0.0084459505,-0.0133096689
0.314,0.6232394806,0.6071822503,0.6067600000,0.6067600000,0.6115402954,0.6147792575,0.6099000000,-0.0160572304,-0.0164794806,-0.0164794806,-0.0116991853,-0.0084602232,-0.0133394806
0.315,0.6236191731,0.6075235950,0.6071000000,0.6071000000,0.6118955192,0.6151447965,0.6102500000,-0.0160955781,-0.0165191731,-0.0165191731,-0.0117236538,-0.0084743766,-0.0133691731
0.316,0.6239987459,0.6078649398,0.6074400000,0.6074400000,0.6122507431,0.6155103355,0.6106000000,-0.0161338062,-0.0165587459,-0.0165587459,-0.0117480028,-0.0084884104,-0.0133987459
0.317,0.6243781989,0.6082062845,0.6077800000,0.6077800000,0.6126059670,0.6158758746,0.6109500000,-0.0161719144,-0.0165981989,-0.0165981989,-0.0117722319,-0.0085023243,-0.0134281989
0.318,0.6247575315,0.6085476292,0.6081200000,0.6081200000,0.6129611908,0.6162414136,0.6113000000,-0.0162099023,-0.0166375315,-0.0166375315,-0.0117963407,-0.0085161179,-0.0134575315
0.319,0.6251367436,0.6088889740,0.6084600000,0.6084600000,0.6133164147,0.6166069526,0.6116500000,-0.0162477696,-0.0166767436,-0.0166767436,-0.0118203289,-0.0085297910,-0.0134867436
0.320,0.6255158347,0.6092303187,0.6088000000,0.6088000000,0.6136716386,0.6169724917,0.6120000000,-0.0162855160,-0.0167158347,-0.0167158347,-0.0118441961,-0.0085433430,-0.0135158347
0.321,0.6258948045,0.6095716635,0.6091400000,0.6091400000,0.6140268624,0.6173380307,0.6123500000,-0.0163231411,-0.0167548045,-0.0167548045,-0.0118679421,-0.0085567738,-0.0135448045
0.322,0.6262736527,0.6099130082,0.6094800000,0.6094800000,0.6143820863,0.6177035697,0.6127000000,-0.0163606445,-0.0167936527,-0.0167936527,-0.0118915664,-0.0085700830,-0.0135736527
0.323,0.6266523790,0.6102543530,0.6098200000,0.6098200000,0.6147373102,0.6180691088,0.6130500000,-0.0163980260,-0.0168323790,-0.0168323790,-0.0119150688,-0.0085832702,-0.0136023790
0.324,0.6270309829,0.6105956977,0.6101600000,0.6101600000,0.6150925341,0.6184346478,0.6134000000,-0.0164352852,-0.0168709829,-0.0168709829,-0.0119384488,-0.0085963351,-0.0136309829
0.325,0.6274094642,0.6109370425,0.6105000000,0.6105000000,0.6154477579,0.6188001869,0.6137500000,-0.0164724217,-0.0169094642,-0.0169094642,-0.0119617062,-0.0086092773,-0.0136594642
0.326,0.6277878224,0.6112783872,0.6108400000,0.6108400000,0.6158029818,0.6191657259,0.6141000000,-0.0165094352,-0.0169478224,-0.0169478224,-0.0119848406,-0.0086220965,-0.0136878224
0.327,0.6281660574,0.6116197320,0.6111800000,0.6111800000,0.6161582057,0.6195312649,0.6144500000,-0.0165463254,-0.0169860574,-0.0169860574,-0.0120078517,-0.0086347925,-0.0137160574
0.328,0.6285441687,0.6119610767,0.6115200000,0.6115200000,0.6165134295,0.6198968040,0.6148000000,-0.0165830920,-0.0170241687,-0.0170241687,-0.0120307391,-0.0086473647,-0.0137441687
0.329,0.6289221560,0.6123024215,0.6118600000,0.6118600000,0.6168686534,0.6202623430,0.6151500000,-0.0166197345,-0.0170621560,-0.0170621560,-0.0120535026,-0.0086598130,-0.0137721560
0.330,0.6293000189,0.6126437662,0.6122000000,0.6122000000,0.6172238773,0.6206278820,0.6155000000,-0.0166562527,-0.0171000189,-0.0171000189,-0.0120761417,-0.0086721369,-0.0138000189
0.331,0.6296777572,0.6129851109,0.6125400000,0.6125400000,0.6175791012,0.6209934211,0.6158500000,-0.0166926463,-0.0171377572,-0.0171377572,-0.0120986561,-0.0086843361,-0.0138277572
0.332,0.6300553705,0.6133264557,0.6128800000,0.6128800000,0.6179343250,0.6213589601,0.6162000000,-0.0167289148,-0.0171753705,-0.0171753705,-0.0121210455,-0.0086964104,-0.0138553705
0.333,0.6304328584,0.6136678004,0.6132200000,0.6132200000,0.6182895489,0.6217244991,0.6165500000,-0.0167650580,-0.0172128584,-0.0172128584,-0.0121433095,-0.0087083593,-0.0138828584
0.334,0.6308102207,0.6140091452,0.6135600000,0.6135600000,0.6186447728,0.6220900382,0.6169000000,-0.0168010755,-0.0172502207,-0.0172502207,-0.0121654479,-0.0087201825,-0.0139102207
0.335,0.6311874569,0.6143504899,0.6139000000,0.6139000000,0.6189999966,0.6224555772,0.6172500000,-0.0168369670,-0.0172874569,-0.0172874569,-0.0121874603,-0.0087318797,-0.0139374569
0.336,0.6315645668,0.6146918347,0.6142400000,0.6142400000,0.6193552205,0.6228211163,0.6176000000,-0.0168727321,-0.0173245668,-0.0173245668,-0.0122093463,-0.0087434505,-0.0139645668
0.337,0.6319415499,0.6150331794,0.6145800000,0.6145800000,0.6197104444,0.6231866553,0.6179500000,-0.0169083705,-0.0173615499,-0.0173615499,-0.0122311056,-0.0087548947,-0.0139915499
0.338,0.6323184061,0.6153745242,0.6149200000,0.6149200000,0.6200656682,0.6235521943,0.6183000000,-0.0169438819,-0.0173984061,-0.0173984061,-0.0122527379,-0.0087662118,-0.0140184061
0.339,0.6326951349,0.6157158689,0.6152600000,0.6152600000,0.6204208921,0.6239177334,0.6186500000,-0.0169792660,-0.0174351349,-0.0174351349,-0.0122742428,-0.0087774016,-0.0140451349
0.340,0.6330717360,0.6160572137,0.6156000000,0.6156000000,0.6207761160,0.6242832724,0.6190000000,-0.0170145224,-0.0174717360,-0.0174717360,-0.0122956201,-0.0087884636,-0.0140717360
0.341,0.6334482091,0.6163985584,0.6159400000,0.6159400000,0.6211313399,0.6246488114,0.6193500000,-0.0170496507,-0.0175082091,-0.0175082091,-0.0123168693,-0.0087993977,-0.0140982091
0.342,0.6338245539,0.6167399032,0.6162800000,0.6162800000,0.6214865637,0.6250143505,0.6197000000,-0.0170846507,-0.0175445539,-0.0175445539,-0.0123379901,-0.0088102034,-0.0141245539
0.343,0.6342007699,0.6170812479,0.6166200000,0.6166200000,0.6218417876,0.6253798895,0.6200500000,-0.0171195220,-0.0175807699,-0.0175807699,-0.0123589823,-0.0088208804,-0.0141507699
0.344,0.6345768570,0.6174225926,0.6169600000,0.6169600000,0.6221970115,0.6257454285,0.6204000000,-0.0171542643,-0.0176168570,-0.0176168570,-0.0123798455,-0.0088314284,-0.0141768570
0.345,0.6349528146,0.6177639374,0.6173000000,0.6173000000,0.6225522353,0.6261109676,0.6207500000,-0.0171888772,-0.0176528146,-0.0176528146,-0.0124005793,-0.0088418470,-0.0142028146
0.346,0.6353286426,0.6181052821,0.6176400000,0.6176400000,0.6229074592,0.6264765066,0.6211000000,-0.0172233605,-0.0176886426,-0.0176886426,-0.0124211834,-0.0088521360,-0.0142286426
0.347,0.6357043406,0.6184466269,0.6179800000,0.6179800000,0.6232626831,0.6268420457,0.6214500000,-0.0172577137,-0.0177243406,-0.0177243406,-0.0124416575,-0.0088622950,-0.0142543406
0.348,0.6360799083,0.6187879716,0.6183200000,0.6183200000,0.6236179070,0.6272075847,0.6218000000,-0.0172919366,-0.0177599083,-0.0177599083,-0.0124620013,-0.0088723236,-0.0142799083
0.349,0.6364553452,0.6191293164,0.6186600000,0.6186600000,0.6239731308,0.6275731237,0.6221500000,-0.0173260288,-0.0177953452,-0.0177953452,-0.0124822144,-0.0088822215,-0.0143053452
0.350,0.6368306512,0.6194706611,0.6190000000,0.6190000000,0.6243283547,0.6279386628,0.6225000000,-0.0173599901,-0.0178306512,-0.0178306512,-0.0125022965,-0.0088919884,-0.0143306512
0.351,0.6372058258,0.6198120059,0.6193400000,0.6193400000,0.6246835786,0.6283042018,0.6228500000,-0.0173938199,-0.0178658258,-0.0178658258,-0.0125222472,-0.0089016240,-0.0143558258
0.352,0.6375808688,0.6201533506,0.6196800000,0.6196800000,0.6250388024,0.6286697408,0.6232000000,-0.0174275181,-0.0179008688,-0.0179008688,-0.0125420663,-0.0089111279,-0.0143808688
0.353,0.6379557797,0.6204946954,0.6200200000,0.6200200000,0.6253940263,0.6290352799,0.6235500000,-0.0174610844,-0.0179357797,-0.0179357797,-0.0125617534,-0.0089204999,-0.0144057797
0.354,0.6383305584,0.6208360401,0.6203600000,0.6203600000,0.6257492502,0.6294008189,0.6239000000,-0.0174945183,-0.0179705584,-0.0179705584,-0.0125813082,-0.0089297395,-0.0144305584
0.355,0.6387052044,0.6211773849,0.6207000000,0.6207000000,0.6261044740,0.6297663580,0.6242500000,-0.0175278195,-0.0180052044,-0.0180052044,-0.0126007303,-0.0089388464,-0.0144552044
0.356,0.6390797174,0.6215187296,0.6210400000,0.6210400000,0.6264596979,0.6301318970,0.6246000000,-0.0175609878,-0.0180397174,-0.0180397174,-0.0126200195,-0.0089478204,-0.0144797174
0.357,0.6394540971,0.6218600743,0.6213800000,0.6213800000,0.6268149218,0.6304974360,0.6249500000,-0.0175940228,-0.0180740971,-0.0180740971,-0.0126391753,-0.0089566611,-0.0145040971
0.358,0.6398283432,0.6222014191,0.6217200000,0.6217200000,0.6271701457,0.6308629751,0.6253000000,-0.0176269241,-0.0181083432,-0.0181083432,-0.0126581976,-0.0089653682,-0.0145283432
0.359,0.6402024554,0.6225427638,0.6220600000,0.6220600000,0.6275253695,0.6312285141,0.6256500000,-0.0176596915,-0.0181424554,-0.0181424554,-0.0126770858,-0.0089739413,-0.0145524554
0.360,0.6405764332,0.6228841086,0.6224000000,0.6224000000,0.6278805934,0.6315940531,0.6260000000,-0.0176923246,-0.0181764332,-0.0181764332,-0.0126958398,-0.0089823801,-0.0145764332
0.361,0.6409502765,0.6232254533,0.6227400000,0.6227400000,0.6282358173,0.6319595922,0.6263500000,-0.0177248231,-0.0182102765,-0.0182102765,-0.0127144592,-0.0089906843,-0.0146002765
0.362,0.6413239848,0.6235667981,0.6230800000,0.6230800000,0.6285910411,0.6323251312,0.6267000000,-0.0177571867,-0.0182439848,-0.0182439848,-0.0127329436,-0.0089988536,-0.0146239848
0.363,0.6416975578,0.6239081428,0.6234200000,0.6234200000,0.6289462650,0.6326906702,0.6270500000,-0.0177894150,-0.0182775578,-0.0182775578,-0.0127512928,-0.0090068876,-0.0146475578
0.364,0.6420709953,0.6242494876,0.6237600000,0.6237600000,0.6293014889,0.6330562093,0.6274000000,-0.0178215077,-0.0183109953,-0.0183109953,-0.0127695064,-0.0090147860,-0.0146709953
0.365,0.6424442969,0.6245908323,0.6241000000,0.6241000000,0.6296567127,0.6334217483,0.6277500000,-0.0178534646,-0.0183442969,-0.0183442969,-0.0127875841,-0.0090225486,-0.0146942969
0.366,0.6428174622,0.6249321771,0.6244400000,0.6244400000,0.6300119366,0.6337872874,0.6281000000,-0.0178852852,-0.0183774622,-0.0183774622,-0.0128055256,-0.0090301749,-0.0147174622
0.367,0.6431904910,0.6252735218,0.6247800000,0.6247800000,0.6303671605,0.6341528264,0.6284500000,-0.0179169692,-0.0184104910,-0.0184104910,-0.0128233305,-0.0090376646,-0.0147404910
0.368,0.6435633829,0.6256148666,0.6251200000,0.6251200000,0.6307223844,0.6345183654,0.6288000000,-0.0179485164,-0.0184433829,-0.0184433829,-0.0128409985,-0.0090450175,-0.0147633829
0.369,0.6439361376,0.6259562113,0.6254600000,0.6254600000,0.6310776082,0.6348839045,0.6291500000,-0.0179799263,-0.0184761376,-0.0184761376,-0.0128585294,-0.0090522332,-0.0147861376
0.370,0.6443087548,0.6262975560,0.6258000000,0.6258000000,0.6314328321,0.6352494435,0.6295000000,-0.0180111988,-0.0185087548,-0.0185087548,-0.0128759227,-0.0090593113,-0.0148087548
0.371,0.6446812341,0.6266389008,0.6261400000,0.6261400000,0.6317880560,0.6356149825,0.6298500000,-0.0180423334,-0.0185412341,-0.0185412341,-0.0128931782,-0.0090662516,-0.0148312341
0.372,0.6450535753,0.6269802455,0.6264800000,0.6264800000,0.6321432798,0.6359805216,0.6302000000,-0.0180733298,-0.0185735753,-0.0185735753,-0.0129102955,-0.0090730538,-0.0148535753
0.373,0.6454257780,0.6273215903,0.6268200000,0.6268200000,0.6324985037,0.6363460606,0.6305500000,-0.0181041877,-0.0186057780,-0.0186057780,-0.0129272743,-0.0090797174,-0.0148757780
0.374,0.6457978419,0.6276629350,0.6271600000,0.6271600000,0.6328537276,0.6367115996,0.6309000000,-0.0181349069,-0.0186378419,-0.0186378419,-0.0129441143,-0.0090862423,-0.0148978419
0.375,0.6461697667,0.6280042798,0.6275000000,0.6275000000,0.6332089515,0.6370771387,0.6312500000,-0.0181654869,-0.0186697667,-0.0186697667,-0.0129608152,-0.0090926280,-0.0149197667
0.376,0.6465415520,0.6283456245,0.6278400000,0.6278400000,0.6335641753,0.6374426777,0.6316000000,-0.0181959275,-0.0187015520,-0.0187015520,-0.0129773767,-0.0090988743,-0.0149415520
0.377,0.6469131975,0.6286869693,0.6281800000,0.6281800000,0.6339193992,0.6378082168,0.6319500000,-0.0182262283,-0.0187331975,-0.0187331975,-0.0129937983,-0.0091049808,-0.0149631975
0.378,0.6472847030,0.6290283140,0.6285200000,0.6285200000,0.6342746231,0.6381737558,0.6323000000,-0.0182563890,-0.0187647030,-0.0187647030,-0.0130100799,-0.0091109472,-0.0149847030
0.379,0.6476560681,0.6293696588,0.6288600000,0.6288600000,0.6346298469,0.6385392948,0.6326500000,-0.0182864093,-0.0187960681,-0.0187960681,-0.0130262211,-0.0091167733,-0.0150060681
0.380,0.6480272924,0.6297110035,0.6292000000,0.6292000000,0.6349850708,0.6389048339,0.6330000000,-0.0183162889,-0.0188272924,-0.0188272924,-0.0130422216,-0.0091224586,-0.0150272924
0.381,0.6483983757,0.6300523483,0.6295400000,0.6295400000,0.6353402947,0.6392703729,0.6333500000,-0.0183460275,-0.0188583757,-0.0188583757,-0.0130580811,-0.0091280028,-0.0150483757
0.382,0.6487693177,0.6303936930,0.6298800000,0.6298800000,0.6356955185,0.6396359119,0.6337000000,-0.0183756247,-0.0188893177,-0.0188893177,-0.0130737991,-0.0091334057,-0.0150693177
0.383,0.6491401180,0.6307350377,0.6302200000,0.6302200000,0.6360507424,0.6400014510,0.6340500000,-0.0184050802,-0.0189201180,-0.0189201180,-0.0130893755,-0.0091386670,-0.0150901180
0.384,0.6495107763,0.6310763825,0.6305600000,0.6305600000,0.6364059663,0.6403669900,0.6344000000,-0.0184343938,-0.0189507763,-0.0189507763,-0.0131048100,-0.0091437862,-0.0151107763
0.385,0.6498812922,0.6314177272,0.6309000000,0.6309000000,0.6367611902,0.6407325290,0.6347500000,-0.0184635650,-0.0189812922,-0.0189812922,-0.0131201021,-0.0091487632,-0.0151312922
0.386,0.6502516656,0.6317590720,0.6312400000,0.6312400000,0.6371164140,0.6410980681,0.6351000000,-0.0184925936,-0.0190116656,-0.0190116656,-0.0131352516,-0.0091535975,-0.0151516656
0.387,0.6506218960,0.6321004167,0.6315800000,0.6315800000,0.6374716379,0.6414636071,0.6354500000,-0.0185214793,-0.0190418960,-0.0190418960,-0.0131502581,-0.0091582889,-0.0151718960
0.388,0.6509919832,0.6324417615,0.6319200000,0.6319200000,0.6378268618,0.6418291462,0.6358000000,-0.0185502217,-0.0190719832,-0.0190719832,-0.0131651214,-0.0091628370,-0.0151919832
0.389,0.6513619268,0.6327831062,0.6322600000,0.6322600000,0.6381820856,0.6421946852,0.6361500000,-0.0185788206,-0.0191019268,-0.0191019268,-0.0131798412,-0.0091672416,-0.0152119268
0.390,0.6517317265,0.6331244510,0.6326000000,0.6326000000,0.6385373095,0.6425602242,0.6365000000,-0.0186072756,-0.0191317265,-0.0191317265,-0.0131944170,-0.0091715023,-0.0152317265
0.391,0.6521013821,0.6334657957,0.6329400000,0.6329400000,0.6388925334,0.6429257633,0.6368500000,-0.0186355864,-0.0191613821,-0.0191613821,-0.0132088487,-0.0091756188,-0.0152513821
0.392,0.6524708931,0.6338071405,0.6332800000,0.6332800000,0.6392477573,0.6432913023,0.6372000000,-0.0186637526,-0.0191908931,-0.0191908931,-0.0132231358,-0.0091795908,-0.0152708931
0.393,0.6528402593,0.6341484852,0.6336200000,0.6336200000,0.6396029811,0.6436568413,0.6375500000,-0.0186917741,-0.0192202593,-0.0192202593,-0.0132372782,-0.0091834180,-0.0152902593
0.394,0.6532094804,0.6344898300,0.6339600000,0.6339600000,0.6399582050,0.6440223804,0.6379000000,-0.0187196504,-0.0192494804,-0.0192494804,-0.0132512754,-0.0091871000,-0.0153094804
0.395,0.6535785560,0.6348311747,0.6343000000,0.6343000000,0.6403134289,0.6443879194,0.6382500000,-0.0187473813,-0.0192785560,-0.0192785560,-0.0132651271,-0.0091906366,-0.0153285560
0.396,0.6539474859,0.6351725194,0.6346400000,0.6346400000,0.6406686527,0.6447534584,0.6386000000,-0.0187749664,-0.0193074859,-0.0193074859,-0.0132788332,-0.0091940274,-0.0153474859
0.397,0.6543162697,0.6355138642,0.6349800000,0.6349800000,0.6410238766,0.6451189975,0.6389500000,-0.0188024055,-0.0193362697,-0.0193362697,-0.0132923931,-0.0091972722,-0.0153662697
0.398,0.6546849071,0.6358552089,0.6353200000,0.6353200000,0.6413791005,0.6454845365,0.6393000000,-0.0188296982,-0.0193649071,-0.0193649071,-0.0133058066,-0.0092003706,-0.0153849071
0.399,0.6550533979,0.6361965537,0.6356600000,0.6356600000,0.6417343243,0.6458500756,0.6396500000,-0.0188568442,-0.0193933979,-0.0193933979,-0.0133190735,-0.0092033223,-0.0154033979
0.400,0.6554217416,0.6365378984,0.6360000000,0.6360000000,0.6420895482,0.6462156146,0.6400000000,-0.0188838432,-0.0194217416,-0.0194217416,-0.0133321934,-0.0092061270,-0.0154217416
0.401,0.6557899380,0.6368792432,0.6363400000,0.6363400000,0.6424447721,0.6465811536,0.6403500000,-0.0189106949,-0.0194499380,-0.0194499380,-0.0133451660,-0.0092087844,-0.0154399380
0.402,0.6561579869,0.6372205879,0.6366800000,0.6366800000,0.6427999960,0.6469466927,0.6407000000,-0.0189373989,-0.0194779869,-0.0194779869,-0.0133579909,-0.0092112942,-0.0154579869
0.403,0.6565258878,0.6375619327,0.6370200000,0.6370200000,0.6431552198,0.6473122317,0.6410500000,-0.0189639551,-0.0195058878,-0.0195058878,-0.0133706679,-0.0092136561,-0.0154758878
0.404,0.6568936404,0.6379032774,0.6373600000,0.6373600000,0.6435104437,0.6476777707,0.6414000000,-0.0189903630,-0.0195336404,-0.0195336404,-0.0133831967,-0.0092158697,-0.0154936404
0.405,0.6572612445,0.6382446222,0.6377000000,0.6377000000,0.6438656676,0.6480433098,0.6417500000,-0.0190166224,-0.0195612445,-0.0195612445,-0.0133955770,-0.0092179348,-0.0155112445
0.406,0.6576286998,0.6385859669,0.6380400000,0.6380400000,0.6442208914,0.6484088488,0.6421000000,-0.0190427329,-0.0195886998,-0.0195886998,-0.0134078084,-0.0092198510,-0.0155286998
0.407,0.6579960059,0.6389273116,0.6383800000,0.6383800000,0.6445761153,0.6487743878,0.6424500000,-0.0190686943,-0.0196160059,-0.0196160059,-0.0134198906,-0.0092216181,-0.0155460059
0.408,0.6583631625,0.6392686564,0.6387200000,0.6387200000,0.6449313392,0.6491399269,0.6428000000,-0.0190945062,-0.0196431625,-0.0196431625,-0.0134318234,-0.0092232357,-0.0155631625
0.409,0.6587301694,0.6396100011,0.6390600000,0.6390600000,0.6452865631,0.6495054659,0.6431500000,-0.0191201683,-0.0196701694,-0.0196701694,-0.0134436064,-0.0092247035,-0.0155801694
0.410,0.6590970262,0.6399513459,0.6394000000,0.6394000000,0.6456417869,0.6498710050,0.6435000000,-0.0191456803,-0.0196970262,-0.0196970262,-0.0134552393,-0.0092260213,-0.0155970262
0.411,0.6594637326,0.6402926906,0.6397400000,0.6397400000,0.6459970108,0.6502365440,0.6438500000,-0.0191710420,-0.0197237326,-0.0197237326,-0.0134667219,-0.0092271887,-0.0156137326
0.412,0.6598302884,0.6406340354,0.6400800000,0.6400800000,0.6463522347,0.6506020830,0.6442000000,-0.0191962530,-0.0197502884,-0.0197502884,-0.0134780537,-0.0092282054,-0.0156302884
0.413,0.6601966931,0.6409753801,0.6404200000,0.6404200000,0.6467074585,0.6509676221,0.6445500000,-0.0192213130,-0.0197766931,-0.0197766931,-0.0134892346,-0.0092290711,-0.0156466931
0.414,0.6605629466,0.6413167249,0.6407600000,0.6407600000,0.6470626824,0.6513331611,0.6449000000,-0.0192462217,-0.0198029466,-0.0198029466,-0.0135002642,-0.0092297855,-0.0156629466
0.415,0.6609290484,0.6416580696,0.6411000000,0.6411000000,0.6474179063,0.6516987001,0.6452500000,-0.0192709788,-0.0198290484,-0.0198290484,-0.0135111422,-0.0092303483,-0.0156790484
0.416,0.6612949984,0.6419994144,0.6414400000,0.6414400000,0.6477731301,0.6520642392,0.6456000000,-0.0192955840,-0.0198549984,-0.0198549984,-0.0135218682,-0.0092307592,-0.0156949984
0.417,0.6616607961,0.6423407591,0.6417800000,0.6417800000,0.6481283540,0.6524297782,0.6459500000,-0.0193200370,-0.0198807961,-0.0198807961,-0.0135324421,-0.0092310179,-0.0157107961
0.418,0.6620264414,0.6426821039,0.6421200000,0.6421200000,0.6484835779,0.6527953172,0.6463000000,-0.0193443375,-0.0199064414,-0.0199064414,-0.0135428635,-0.0092311241,-0.0157264414
0.419,0.6623919338,0.6430234486,0.6424600000,0.6424600000,0.6488388018,0.6531608563,0.6466500000,-0.0193684852,-0.0199319338,-0.0199319338,-0.0135531321,-0.0092310775,-0.0157419338
0.420,0.6627572732,0.6433647933,0.6428000000,0.6428000000,0.6491940256,0.6535263953,0.6470000000,-0.0193924798,-0.0199572732,-0.0199572732,-0.0135632475,-0.0092308778,-0.0157572732
0.421,0.6631224591,0.6437061381,0.6431400000,0.6431400000,0.6495492495,0.6538919344,0.6473500000,-0.0194163210,-0.0199824591,-0.0199824591,-0.0135732096,-0.0092305247,-0.0157724591
0.422,0.6634874913,0.6440474828,0.6434800000,0.6434800000,0.6499044734,0.6542574734,0.6477000000,-0.0194400084,-0.0200074913,-0.0200074913,-0.0135830179,-0.0092300179,-0.0157874913
0.423,0.6638523695,0.6443888276,0.6438200000,0.6438200000,0.6502596972,0.6546230124,0.6480500000,-0.0194635419,-0.0200323695,-0.0200323695,-0.0135926722,-0.0092293570,-0.0158023695
0.424,0.6642170934,0.6447301723,0.6441600000,0.6441600000,0.6506149211,0.6549885515,0.6484000000,-0.0194869210,-0.0200570934,-0.0200570934,-0.0136021722,-0.0092285419,-0.0158170934
0.425,0.6645816626,0.6450715171,0.6445000000,0.6445000000,0.6509701450,0.6553540905,0.6487500000,-0.0195101456,-0.0200816626,-0.0200816626,-0.0136115176,-0.0092275721,-0.0158316626
0.426,0.6649460770,0.6454128618,0.6448400000,0.6448400000,0.6513253689,0.6557196295,0.6491000000,-0.0195332152,-0.0201060770,-0.0201060770,-0.0136207081,-0.0092264475,-0.0158460770
0.427,0.6653103362,0.6457542066,0.6451800000,0.6451800000,0.6516805927,0.6560851686,0.6494500000,-0.0195561296,-0.0201303362,-0.0201303362,-0.0136297434,-0.0092251676,-0.0158603362
0.428,0.6656744398,0.6460955513,0.6455200000,0.6455200000,0.6520358166,0.6564507076,0.6498000000,-0.0195788885,-0.0201544398,-0.0201544398,-0.0136386232,-0.0092237322,-0.0158744398
0.429,0.6660383877,0.6464368961,0.6458600000,0.6458600000,0.6523910405,0.6568162466,0.6501500000,-0.0196014916,-0.0201783877,-0.0201783877,-0.0136473472,-0.0092221410,-0.0158883877
0.430,0.6664021794,0.6467782408,0.6462000000,0.6462000000,0.6527462643,0.6571817857,0.6505000000,-0.0196239386,-0.0202021794,-0.0202021794,-0.0136559151,-0.0092203937,-0.0159021794
0.431,0.6667658148,0.6471195856,0.6465400000,0.6465400000,0.6531014882,0.6575473247,0.6508500000,-0.0196462292,-0.0202258148,-0.0202258148,-0.0136643266,-0.0092184900,-0.0159158148
0.432,0.6671292934,0.6474609303,0.6468800000,0.6468800000,0.6534567121,0.6579128638,0.6512000000,-0.0196683631,-0.0202492934,-0.0202492934,-0.0136725813,-0.0092164297,-0.0159292934
0.433,0.6674926151,0.6478022750,0.6472200000,0.6472200000,0.6538119359,0.6582784028,0.6515500000,-0.0196903400,-0.0202726151,-0.0202726151,-0.0136806791,-0.0092142123,-0.0159426151
0.434,0.6678557795,0.6481436198,0.6475600000,0.6475600000,0.6541671598,0.6586439418,0.6519000000,-0.0197121597,-0.0202957795,-0.0202957795,-0.0136886197,-0.0092118376,-0.0159557795
0.435,0.6682187863,0.6484849645,0.6479000000,0.6479000000,0.6545223837,0.6590094809,0.6522500000,-0.0197338217,-0.0203187863,-0.0203187863,-0.0136964026,-0.0092093054,-0.0159687863
0.436,0.6685816352,0.6488263093,0.6482400000,0.6482400000,0.6548776076,0.6593750199,0.6526000000,-0.0197553259,-0.0203416352,-0.0203416352,-0.0137040277,-0.0092066153,-0.0159816352
0.437,0.6689443260,0.6491676540,0.6485800000,0.6485800000,0.6552328314,0.6597405589,0.6529500000,-0.0197766719,-0.0203643260,-0.0203643260,-0.0137114946,-0.0092037670,-0.0159943260
0.438,0.6693068583,0.6495089988,0.6489200000,0.6489200000,0.6555880553,0.6601060980,0.6533000000,-0.0197978595,-0.0203868583,-0.0203868583,-0.0137188030,-0.0092007603,-0.0160068583
0.439,0.6696692318,0.6498503435,0.6492600000,0.6492600000,0.6559432792,0.6604716370,0.6536500000,-0.0198188883,-0.0204092318,-0.0204092318,-0.0137259527,-0.0091975948,-0.0160192318
0.440,0.6700314463,0.6501916883,0.6496000000,0.6496000000,0.6562985030,0.6608371761,0.6540000000,-0.0198397581,-0.0204314463,-0.0204314463,-0.0137329433,-0.0091942703,-0.0160314463
0.441,0.6703935015,0.6505330330,0.6499400000,0.6499400000,0.6566537269,0.6612027151,0.6543500000,-0.0198604685,-0.0204535015,-0.0204535015,-0.0137397746,-0.0091907864,-0.0160435015
0.442,0.6707553970,0.6508743778,0.6502800000,0.6502800000,0.6570089508,0.6615682541,0.6547000000,-0.0198810193,-0.0204753970,-0.0204753970,-0.0137464463,-0.0091871429,-0.0160553970
0.443,0.6711171326,0.6512157225,0.6506200000,0.6506200000,0.6573641747,0.6619337932,0.6550500000,-0.0199014101,-0.0204971326,-0.0204971326,-0.0137529580,-0.0091833395,-0.0160671326
0.444,0.6714787080,0.6515570673,0.6509600000,0.6509600000,0.6577193985,0.6622993322,0.6554000000,-0.0199216408,-0.0205187080,-0.0205187080,-0.0137593095,-0.0091793758,-0.0160787080
0.445,0.6718401229,0.6518984120,0.6513000000,0.6513000000,0.6580746224,0.6626648712,0.6557500000,-0.0199417109,-0.0205401229,-0.0205401229,-0.0137655005,-0.0091752517,-0.0160901229
0.446,0.6722013770,0.6522397567,0.6516400000,0.6516400000,0.6584298463,0.6630304103,0.6561000000,-0.0199616203,-0.0205613770,-0.0205613770,-0.0137715308,-0.0091709668,-0.0161013770
0.447,0.6725624701,0.6525811015,0.6519800000,0.6519800000,0.6587850701,0.6633959493,0.6564500000,-0.0199813686,-0.0205824701,-0.0205824701,-0.0137773999,-0.0091665207,-0.0161124701
0.448,0.6729234017,0.6529224462,0.6523200000,0.6523200000,0.6591402940,0.6637614883,0.6568000000,-0.0200009555,-0.0206034017,-0.0206034017,-0.0137831077,-0.0091619134,-0.0161234017
0.449,0.6732841717,0.6532637910,0.6526600000,0.6526600000,0.6594955179,0.6641270274,0.6571500000,-0.0200203807,-0.0206241717,-0.0206241717,-0.0137886538,-0.0091571443,-0.0161341717
0.450,0.6736447797,0.6536051357,0.6530000000,0.6530000000,0.6598507417,0.6644925664,0.6575000000,-0.0200396440,-0.0206447797,-0.0206447797,-0.0137940380,-0.0091522133,-0.0161447797
0.451,0.6740052255,0.6539464805,0.6533400000,0.6533400000,0.6602059656,0.6648581055,0.6578500000,-0.0200587450,-0.0206652255,-0.0206652255,-0.0137992599,-0.0091471201,-0.0161552255
0.452,0.6743655088,0.6542878252,0.6536800000,0.6536800000,0.6605611895,0.6652236445,0.6582000000,-0.0200776836,-0.0206855088,-0.0206855088,-0.0138043193,-0.0091418643,-0.0161655088
0.453,0.6747256292,0.6546291700,0.6540200000,0.6540200000,0.6609164134,0.6655891835,0.6585500000,-0.0200964593,-0.0207056292,-0.0207056292,-0.0138092159,-0.0091364457,-0.0161756292
0.454,0.6750855866,0.6549705147,0.6543600000,0.6543600000,0.6612716372,0.6659547226,0.6589000000,-0.0201150719,-0.0207255866,-0.0207255866,-0.0138139494,-0.0091308640,-0.0161855866
0.455,0.6754453806,0.6553118595,0.6547000000,0.6547000000,0.6616268611,0.6663202616,0.6592500000,-0.0201335211,-0.0207453806,-0.0207453806,-0.0138185195,-0.0091251190,-0.0161953806
0.456,0.6758050109,0.6556532042,0.6550400000,0.6550400000,0.6619820850,0.6666858006,0.6596000000,-0.0201518067,-0.0207650109,-0.0207650109,-0.0138229259,-0.0091192103,-0.0162050109
0.457,0.6761644772,0.6559945490,0.6553800000,0.6553800000,0.6623373088,0.6670513397,0.6599500000,-0.0201699283,-0.0207844772,-0.0207844772,-0.0138271684,-0.0091131376,-0.0162144772
0.458,0.6765237794,0.6563358937,0.6557200000,0.6557200000,0.6626925327,0.6674168787,0.6603000000,-0.0201878857,-0.0208037794,-0.0208037794,-0.0138312467,-0.0091069007,-0.0162237794
0.459,0.6768829170,0.6566772384,0.6560600000,0.6560600000,0.6630477566,0.6677824177,0.6606500000,-0.0202056785,-0.0208229170,-0.0208229170,-0.0138351604,-0.0091004992,-0.0162329170
0.460,0.6772418897,0.6570185832,0.6564000000,0.6564000000,0.6634029805,0.6681479568,0.6610000000,-0.0202233066,-0.0208418897,-0.0208418897,-0.0138389093,-0.0090939330,-0.0162418897
0.461,0.6776006974,0.6573599279,0.6567400000,0.6567400000,0.6637582043,0.6685134958,0.6613500000,-0.0202407695,-0.0208606974,-0.0208606974,-0.0138424931,-0.0090872016,-0.0162506974
0.462,0.6779593398,0.6577012727,0.6570800000,0.6570800000,0.6641134282,0.6688790349,0.6617000000,-0.0202580671,-0.0208793398,-0.0208793398,-0.0138459116,-0.0090803049,-0.0162593398
0.463,0.6783178164,0.6580426174,0.6574200000,0.6574200000,0.6644686521,0.6692445739,0.6620500000,-0.0202751990,-0.0208978164,-0.0208978164,-0.0138491644,-0.0090732426,-0.0162678164
0.464,0.6786761272,0.6583839622,0.6577600000,0.6577600000,0.6648238759,0.6696101129,0.6624000000,-0.0202921650,-0.0209161272,-0.0209161272,-0.0138522513,-0.0090660143,-0.0162761272
0.465,0.6790342717,0.6587253069,0.6581000000,0.6581000000,0.6651790998,0.6699756520,0.6627500000,-0.0203089648,-0.0209342717,-0.0209342717,-0.0138551719,-0.0090586197,-0.0162842717
0.466,0.6793922497,0.6590666517,0.6584400000,0.6584400000,0.6655343237,0.6703411910,0.6631000000,-0.0203255981,-0.0209522497,-0.0209522497,-0.0138579260,-0.0090510587,-0.0162922497
0.467,0.6797500610,0.6594079964,0.6587800000,0.6587800000,0.6658895475,0.6707067300,0.6634500000,-0.0203420646,-0.0209700610,-0.0209700610,-0.0138605134,-0.0090433309,-0.0163000610
0.468,0.6801077051,0.6597493412,0.6591200000,0.6591200000,0.6662447714,0.6710722691,0.6638000000,-0.0203583640,-0.0209877051,-0.0209877051,-0.0138629337,-0.0090354361,-0.0163077051
0.469,0.6804651820,0.6600906859,0.6594600000,0.6594600000,0.6665999953,0.6714378081,0.6641500000,-0.0203744961,-0.0210051820,-0.0210051820,-0.0138651867,-0.0090273739,-0.0163151820
0.470,0.6808224912,0.6604320307,0.6598000000,0.6598000000,0.6669552192,0.6718033471,0.6645000000,-0.0203904606,-0.0210224912,-0.0210224912,-0.0138672721,-0.0090191441,-0.0163224912
0.471,0.6811796325,0.6607733754,0.6601400000,0.6601400000,0.6673104430,0.6721688862,0.6648500000,-0.0204062572,-0.0210396325,-0.0210396325,-0.0138691895,-0.0090107464,-0.0163296325
0.472,0.6815366057,0.6611147201,0.6604800000,0.6604800000,0.6676656669,0.6725344252,0.6652000000,-0.0204218856,-0.0210566057,-0.0210566057,-0.0138709388,-0.0090021805,-0.0163366057
0.473,0.6818934104,0.6614560649,0.6608200000,0.6608200000,0.6680208908,0.6728999643,0.6655500000,-0.0204373455,-0.0210734104,-0.0210734104,-0.0138725196,-0.0089934462,-0.0163434104
0.474,0.6822500464,0.6617974096,0.6611600000,0.6611600000,0.6683761146,0.6732655033,0.6659000000,-0.0204526368,-0.0210900464,-0.0210900464,-0.0138739317,-0.0089845431,-0.0163500464
0.475,0.6826065134,0.6621387544,0.6615000000,0.6615000000,0.6687313385,0.6736310423,0.6662500000,-0.0204677590,-0.0211065134,-0.0211065134,-0.0138751748,-0.0089754710,-0.0163565134
0.476,0.6829628110,0.6624800991,0.6618400000,0.6618400000,0.6690865624,0.6739965814,0.6666000000,-0.0204827119,-0.0211228110,-0.0211228110,-0.0138762487,-0.0089662297,-0.0163628110
0.477,0.6833189392,0.6628214439,0.6621800000,0.6621800000,0.6694417863,0.6743621204,0.6669500000,-0.0204974953,-0.0211389392,-0.0211389392,-0.0138771529,-0.0089568188,-0.0163689392
0.478,0.6836748975,0.6631627886,0.6625200000,0.6625200000,0.6697970101,0.6747276594,0.6673000000,-0.0205121089,-0.0211548975,-0.0211548975,-0.0138778874,-0.0089472380,-0.0163748975
0.479,0.6840306857,0.6635041334,0.6628600000,0.6628600000,0.6701522340,0.6750931985,0.6676500000,-0.0205265523,-0.0211706857,-0.0211706857,-0.0138784517,-0.0089374872,-0.0163806857
0.480,0.6843863035,0.6638454781,0.6632000000,0.6632000000,0.6705074579,0.6754587375,0.6680000000,-0.0205408254,-0.0211863035,-0.0211863035,-0.0138788456,-0.0089275660,-0.0163863035
0.481,0.6847417506,0.6641868229,0.6635400000,0.6635400000,0.6708626817,0.6758242765,0.6683500000,-0.0205549278,-0.0212017506,-0.0212017506,-0.0138790689,-0.0089174741,-0.0163917506
0.482,0.6850970269,0.6645281676,0.6638800000,0.6638800000,0.6712179056,0.6761898156,0.6687000000,-0.0205688593,-0.0212170269,-0.0212170269,-0.0138791213,-0.0089072113,-0.0163970269
0.483,0.6854521319,0.6648695124,0.6642200000,0.6642200000,0.6715731295,0.6765553546,0.6690500000,-0.0205826195,-0.0212321319,-0.0212321319,-0.0138790024,-0.0088967773,-0.0164021319
0.484,0.6858070654,0.6652108571,0.6645600000,0.6645600000,0.6719283533,0.6769208937,0.6694000000,-0.0205962083,-0.0212470654,-0.0212470654,-0.0138787121,-0.0088861718,-0.0164070654
0.485,0.6861618272,0.6655522018,0.6649000000,0.6649000000,0.6722835772,0.6772864327,0.6697500000,-0.0206096254,-0.0212618272,-0.0212618272,-0.0138782500,-0.0088753946,-0.0164118272
0.486,0.6865164170,0.6658935466,0.6652400000,0.6652400000,0.6726388011,0.6776519717,0.6701000000,-0.0206228704,-0.0212764170,-0.0212764170,-0.0138776159,-0.0088644453,-0.0164164170
0.487,0.6868708345,0.6662348913,0.6655800000,0.6655800000,0.6729940250,0.6780175108,0.6704500000,-0.0206359432,-0.0212908345,-0.0212908345,-0.0138768096,-0.0088533238,-0.0164208345
0.488,0.6872250795,0.6665762361,0.6659200000,0.6659200000,0.6733492488,0.6783830498,0.6708000000,-0.0206488434,-0.0213050795,-0.0213050795,-0.0138758306,-0.0088420297,-0.0164250795
0.489,0.6875791516,0.6669175808,0.6662600000,0.6662600000,0.6737044727,0.6787485888,0.6711500000,-0.0206615707,-0.0213191516,-0.0213191516,-0.0138746789,-0.0088305627,-0.0164291516
0.490,0.6879330506,0.6672589256,0.6666000000,0.6666000000,0.6740596966,0.6791141279,0.6715000000,-0.0206741250,-0.0213330506,-0.0213330506,-0.0138733540,-0.0088189227,-0.0164330506
0.491,0.6882867762,0.6676002703,0.6669400000,0.6669400000,0.6744149204,0.6794796669,0.6718500000,-0.0206865059,-0.0213467762,-0.0213467762,-0.0138718558,-0.0088071093,-0.0164367762
0.492,0.6886403282,0.6679416151,0.6672800000,0.6672800000,0.6747701443,0.6798452059,0.6722000000,-0.0206987132,-0.0213603282,-0.0213603282,-0.0138701839,-0.0087951223,-0.0164403282
0.493,0.6889937063,0.6682829598,0.6676200000,0.6676200000,0.6751253682,0.6802107450,0.6725500000,-0.0207107465,-0.0213737063,-0.0213737063,-0.0138683382,-0.0087829613,-0.0164437063
0.494,0.6893469103,0.6686243046,0.6679600000,0.6679600000,0.6754805920,0.6805762840,0.6729000000,-0.0207226057,-0.0213869103,-0.0213869103,-0.0138663182,-0.0087706262,-0.0164469103
0.495,0.6896999397,0.6689656493,0.6683000000,0.6683000000,0.6758358159,0.6809418231,0.6732500000,-0.0207342904,-0.0213999397,-0.0213999397,-0.0138641238,-0.0087581167,-0.0164499397
0.496,0.6900527945,0.6693069940,0.6686400000,0.6686400000,0.6761910398,0.6813073621,0.6736000000,-0.0207458005,-0.0214127945,-0.0214127945,-0.0138617547,-0.0087454324,-0.0164527945
0.497,0.6904054743,0.6696483388,0.6689800000,0.6689800000,0.6765462637,0.6816729011,0.6739500000,-0.0207571355,-0.0214254743,-0.0214254743,-0.0138592107,-0.0087325732,-0.0164554743
0.498,0.6907579789,0.6699896835,0.6693200000,0.6693200000,0.6769014875,0.6820384402,0.6743000000,-0.0207682954,-0.0214379789,-0.0214379789,-0.0138564914,-0.0087195387,-0.0164579789
0.499,0.6911103080,0.6703310283,0.6696600000,0.6696600000,0.6772567114,0.6824039792,0.6746500000,-0.0207792797,-0.0214503080,-0.0214503080,-0.0138535966,-0.0087063288,-0.0164603080
0.500,0.6914624613,0.6706723730,0.6700000000,0.6700000000,0.6776119353,0.6827695182,0.6750000000,-0.0207900882,-0.0214624613,-0.0214624613,-0.0138505260,-0.0086929430,-0.0164624613
0.501,0.6918144385,0.6710137178,0.6703400000,0.6703400000,0.6779671591,0.6831350573,0.6753500000,-0.0208007208,-0.0214744385,-0.0214744385,-0.0138472794,-0.0086793813,-0.0164644385
0.502,0.6921662395,0.6713550625,0.6706800000,0.6706800000,0.6783223830,0.6835005963,0.6757000000,-0.0208111770,-0.0214862395,-0.0214862395,-0.0138438565,-0.0086656432,-0.0164662395
0.503,0.6925178639,0.6716964073,0.6710200000,0.6710200000,0.6786776069,0.6838661353,0.6760500000,-0.0208214566,-0.0214978639,-0.0214978639,-0.0138402570,-0.0086517286,-0.0164678639
0.504,0.6928693115,0.6720377520,0.6713600000,0.6713600000,0.6790328308,0.6842316744,0.6764000000,-0.0208315595,-0.0215093115,-0.0215093115,-0.0138364808,-0.0086376371,-0.0164693115
0.505,0.6932205820,0.6723790968,0.6717000000,0.6717000000,0.6793880546,0.6845972134,0.6767500000,-0.0208414852,-0.0215205820,-0.0215205820,-0.0138325274,-0.0086233686,-0.0164705820
0.506,0.6935716752,0.6727204415,0.6720400000,0.6720400000,0.6797432785,0.6849627525,0.6771000000,-0.0208512337,-0.0215316752,-0.0215316752,-0.0138283967,-0.0086089227,-0.0164716752
0.507,0.6939225907,0.6730617863,0.6723800000,0.6723800000,0.6800985024,0.6853282915,0.6774500000,-0.0208608045,-0.0215425907,-0.0215425907,-0.0138240883,-0.0085942992,-0.0164725907
0.508,0.6942733284,0.6734031310,0.6727200000,0.6727200000,0.6804537262,0.6856938305,0.6778000000,-0.0208701974,-0.0215533284,-0.0215533284,-0.0138196022,-0.0085794979,-0.0164733284
0.509,0.6946238879,0.6737444757,0.6730600000,0.6730600000,0.6808089501,0.6860593696,0.6781500000,-0.0208794122,-0.0215638879,-0.0215638879,-0.0138149378,-0.0085645184,-0.0164738879
0.510,0.6949742691,0.6740858205,0.6734000000,0.6734000000,0.6811641740,0.6864249086,0.6785000000,-0.0208884486,-0.0215742691,-0.0215742691,-0.0138100951,-0.0085493605,-0.0164742691
0.511,0.6953244716,0.6744271652,0.6737400000,0.6737400000,0.6815193978,0.6867904476,0.6788500000,-0.0208973064,-0.0215844716,-0.0215844716,-0.0138050738,-0.0085340240,-0.0164744716
0.512,0.6956744952,0.6747685100,0.6740800000,0.6740800000,0.6818746217,0.6871559867,0.6792000000,-0.0209059852,-0.0215944952,-0.0215944952,-0.0137998735,-0.0085185085,-0.0164744952
0.513,0.6960243397,0.6751098547,0.6744200000,0.6744200000,0.6822298456,0.6875215257,0.6795500000,-0.0209144849,-0.0216043397,-0.0216043397,-0.0137944941,-0.0085028139,-0.0164743397
0.514,0.6963740047,0.6754511995,0.6747600000,0.6747600000,0.6825850695,0.6878870648,0.6799000000,-0.0209228052,-0.0216140047,-0.0216140047,-0.0137889352,-0.0084869399,-0.0164740047
0.515,0.6967234900,0.6757925442,0.6751000000,0.6751000000,0.6829402933,0.6882526038,0.6802500000,-0.0209309458,-0.0216234900,-0.0216234900,-0.0137831967,-0.0084708862,-0.0164734900
0.516,0.6970727954,0.6761338890,0.6754400000,0.6754400000,0.6832955172,0.6886181428,0.6806000000,-0.0209389064,-0.0216327954,-0.0216327954,-0.0137772782,-0.0084546526,-0.0164727954
0.517,0.6974219206,0.6764752337,0.6757800000,0.6757800000,0.6836507411,0.6889836819,0.6809500000,-0.0209466869,-0.0216419206,-0.0216419206,-0.0137711795,-0.0084382387,-0.0164719206
0.518,0.6977708653,0.6768165785,0.6761200000,0.6761200000,0.6840059649,0.6893492209,0.6813000000,-0.0209542869,-0.0216508653,-0.0216508653,-0.0137649004,-0.0084216444,-0.0164708653
0.519,0.6981196294,0.6771579232,0.6764600000,0.6764600000,0.6843611888,0.6897147599,0.6816500000,-0.0209617062,-0.0216596294,-0.0216596294,-0.0137584406,-0.0084048694,-0.0164696294
0.520,0.6984682125,0.6774992680,0.6768000000,0.6768000000,0.6847164127,0.6900802990,0.6820000000,-0.0209689445,-0.0216682125,-0.0216682125,-0.0137517998,-0.0083879135,-0.0164682125
0.521,0.6988166143,0.6778406127,0.6771400000,0.6771400000,0.6850716366,0.6904458380,0.6823500000,-0.0209760016,-0.0216766143,-0.0216766143,-0.0137449778,-0.0083707763,-0.0164666143
0.522,0.6991648347,0.6781819574,0.6774800000,0.6774800000,0.6854268604,0.6908113770,0.6827000000,-0.0209828773,-0.0216848347,-0.0216848347,-0.0137379743,-0.0083534577,-0.0164648347
0.523,0.6995128734,0.6785233022,0.6778200000,0.6778200000,0.6857820843,0.6911769161,0.6830500000,-0.0209895712,-0.0216928734,-0.0216928734,-0.0137307891,-0.0083359573,-0.0164628734
0.524,0.6998607301,0.6788646469,0.6781600000,0.6781600000,0.6861373082,0.6915424551,0.6834000000,-0.0209960831,-0.0217007301,-0.0217007301,-0.0137234219,-0.0083182750,-0.0164607301
0.525,0.7002084045,0.6792059917,0.6785000000,0.6785000000,0.6864925320,0.6919079942,0.6837500000,-0.0210024128,-0.0217084045,-0.0217084045,-0.0137158725,-0.0083004104,-0.0164584045
0.526,0.7005558965,0.6795473364,0.6788400000,0.6788400000,0.6868477559,0.6922735332,0.6841000000,-0.0210085601,-0.0217158965,-0.0217158965,-0.0137081406,-0.0082823633,-0.0164558965
0.527,0.7009032058,0.6798886812,0.6791800000,0.6791800000,0.6872029798,0.6926390722,0.6844500000,-0.0210145246,-0.0217232058,-0.0217232058,-0.0137002260,-0.0082641335,-0.0164532058
0.528,0.7012503320,0.6802300259,0.6795200000,0.6795200000,0.6875582036,0.6930046113,0.6848000000,-0.0210203061,-0.0217303320,-0.0217303320,-0.0136921284,-0.0082457208,-0.0164503320
0.529,0.7015972751,0.6805713707,0.6798600000,0.6798600000,0.6879134275,0.6933701503,0.6851500000,-0.0210259044,-0.0217372751,-0.0217372751,-0.0136838475,-0.0082271248,-0.0164472751
0.530,0.7019440346,0.6809127154,0.6802000000,0.6802000000,0.6882686514,0.6937356893,0.6855000000,-0.0210313192,-0.0217440346,-0.0217440346,-0.0136753832,-0.0082083453,-0.0164440346
0.531,0.7022906104,0.6812540602,0.6805400000,0.6805400000,0.6886238753,0.6941012284,0.6858500000,-0.0210365503,-0.0217506104,-0.0217506104,-0.0136667352,-0.0081893820,-0.0164406104
0.532,0.7026370022,0.6815954049,0.6808800000,0.6808800000,0.6889790991,0.6944667674,0.6862000000,-0.0210415973,-0.0217570022,-0.0217570022,-0.0136579031,-0.0081702348,-0.0164370022
0.533,0.7029832098,0.6819367497,0.6812200000,0.6812200000,0.6893343230,0.6948323064,0.6865500000,-0.0210464602,-0.0217632098,-0.0217632098,-0.0136488868,-0.0081509034,-0.0164332098
0.534,0.7033292330,0.6822780944,0.6815600000,0.6815600000,0.6896895469,0.6951978455,0.6869000000,-0.0210511386,-0.0217692330,-0.0217692330,-0.0136396861,-0.0081313875,-0.0164292330
0.535,0.7036750714,0.6826194391,0.6819000000,0.6819000000,0.6900447707,0.6955633845,0.6872500000,-0.0210556322,-0.0217750714,-0.0217750714,-0.0136303006,-0.0081116868,-0.0164250714
0.536,0.7040207248,0.6829607839,0.6822400000,0.6822400000,0.6903999946,0.6959289236,0.6876000000,-0.0210599409,-0.0217807248,-0.0217807248,-0.0136207302,-0.0080918012,-0.0164207248
0.537,0.7043661930,0.6833021286,0.6825800000,0.6825800000,0.6907552185,0.6962944626,0.6879500000,-0.0210640643,-0.0217861930,-0.0217861930,-0.0136109745,-0.0080717304,-0.0164161930
0.538,0.7047114757,0.6836434734,0.6829200000,0.6829200000,0.6911104424,0.6966600016,0.6883000000,-0.0210680023,-0.0217914757,-0.0217914757,-0.0136010333,-0.0080514741,-0.0164114757
0.539,0.7050565727,0.6839848181,0.6832600000,0.6832600000,0.6914656662,0.6970255407,0.6886500000,-0.0210717546,-0.0217965727,-0.0217965727,-0.0135909065,-0.0080310321,-0.0164065727
0.540,0.7054014838,0.6843261629,0.6836000000,0.6836000000,0.6918208901,0.6973910797,0.6890000000,-0.0210753209,-0.0218014838,-0.0218014838,-0.0135805937,-0.0080104041,-0.0164014838
0.541,0.7057462086,0.6846675076,0.6839400000,0.6839400000,0.6921761140,0.6977566187,0.6893500000,-0.0210787010,-0.0218062086,-0.0218062086,-0.0135700947,-0.0079895899,-0.0163962086
0.542,0.7060907471,0.6850088524,0.6842800000,0.6842800000,0.6925313378,0.6981221578,0.6897000000,-0.0210818947,-0.0218107471,-0.0218107471,-0.0135594092,-0.0079685893,-0.0163907471
0.543,0.7064350988,0.6853501971,0.6846200000,0.6846200000,0.6928865617,0.6984876968,0.6900500000,-0.0210849017,-0.0218150988,-0.0218150988,-0.0135485371,-0.0079474020,-0.0163850988
0.544,0.7067792636,0.6856915419,0.6849600000,0.6849600000,0.6932417856,0.6988532358,0.6904000000,-0.0210877217,-0.0218192636,-0.0218192636,-0.0135374780,-0.0079260277,-0.0163792636
0.545,0.7071232412,0.6860328866,0.6853000000,0.6853000000,0.6935970094,0.6992187749,0.6907500000,-0.0210903546,-0.0218232412,-0.0218232412,-0.0135262317,-0.0079044663,-0.0163732412
0.546,0.7074670314,0.6863742314,0.6856400000,0.6856400000,0.6939522333,0.6995843139,0.6911000000,-0.0210928000,-0.0218270314,-0.0218270314,-0.0135147981,-0.0078827175,-0.0163670314
0.547,0.7078106339,0.6867155761,0.6859800000,0.6859800000,0.6943074572,0.6999498530,0.6914500000,-0.0210950578,-0.0218306339,-0.0218306339,-0.0135031767,-0.0078607810,-0.0163606339
0.548,0.7081540486,0.6870569208,0.6863200000,0.6863200000,0.6946626811,0.7003153920,0.6918000000,-0.0210971277,-0.0218340486,-0.0218340486,-0.0134913675,-0.0078386566,-0.0163540486
0.549,0.7084972751,0.6873982656,0.6866600000,0.6866600000,0.6950179049,0.7006809310,0.6921500000,-0.0210990095,-0.0218372751,-0.0218372751,-0.0134793702,-0.0078163441,-0.0163472751
0.550,0.7088403132,0.6877396103,0.6870000000,0.6870000000,0.6953731288,0.7010464701,0.6925000000,-0.0211007029,-0.0218403132,-0.0218403132,-0.0134671844,-0.0077938431,-0.0163403132
0.551,0.7091831627,0.6880809551,0.6873400000,0.6873400000,0.6957283527,0.7014120091,0.6928500000,-0.0211022076,-0.0218431627,-0.0218431627,-0.0134548100,-0.0077711536,-0.0163331627
0.552,0.7095258234,0.6884222998,0.6876800000,0.6876800000,0.6960835765,0.7017775481,0.6932000000,-0.0211035235,-0.0218458234,-0.0218458234,-0.0134422468,-0.0077482752,-0.0163258234
0.553,0.7098682949,0.6887636446,0.6880200000,0.6880200000,0.6964388004,0.7021430872,0.6935500000,-0.0211046503,-0.0218482949,-0.0218482949,-0.0134294945,-0.0077252077,-0.0163182949
0.554,0.7102105771,0.6891049893,0.6883600000,0.6883600000,0.6967940243,0.7025086262,0.6939000000,-0.0211055878,-0.0218505771,-0.0218505771,-0.0134165528,-0.0077019509,-0.0163105771
0.555,0.7105526698,0.6894463341,0.6887000000,0.6887000000,0.6971492482,0.7028741652,0.6942500000,-0.0211063357,-0.0218526698,-0.0218526698,-0.0134034216,-0.0076785045,-0.0163026698
0.556,0.7108945726,0.6897876788,0.6890400000,0.6890400000,0.6975044720,0.7032397043,0.6946000000,-0.0211068938,-0.0218545726,-0.0218545726,-0.0133901006,-0.0076548683,-0.0162945726
0.557,0.7112362854,0.6901290236,0.6893800000,0.6893800000,0.6978596959,0.7036052433,0.6949500000,-0.0211072618,-0.0218562854,-0.0218562854,-0.0133765895,-0.0076310421,-0.0162862854
0.558,0.7115778079,0.6904703683,0.6897200000,0.6897200000,0.6982149198,0.7039707824,0.6953000000,-0.0211074396,-0.0218578079,-0.0218578079,-0.0133628881,-0.0076070256,-0.0162778079
0.559,0.7119191399,0.6908117131,0.6900600000,0.6900600000,0.6985701436,0.7043363214,0.6956500000,-0.0211074269,-0.0218591399,-0.0218591399,-0.0133489963,-0.0075828185,-0.0162691399
0.560,0.7122602812,0.6911530578,0.6904000000,0.6904000000,0.6989253675,0.7047018604,0.6960000000,-0.0211072234,-0.0218602812,-0.0218602812,-0.0133349136,-0.0075584207,-0.0162602812
0.561,0.7126012314,0.6914944025,0.6907400000,0.6907400000,0.6992805914,0.7050673995,0.6963500000,-0.0211068289,-0.0218612314,-0.0218612314,-0.0133206400,-0.0075338319,-0.0162512314
0.562,0.7129419904,0.6918357473,0.6910800000,0.6910800000,0.6996358152,0.7054329385,0.6967000000,-0.0211062432,-0.0218619904,-0.0218619904,-0.0133061752,-0.0075090519,-0.0162419904
0.563,0.7132825580,0.6921770920,0.6914200000,0.6914200000,0.6999910391,0.7057984775,0.6970500000,-0.0211054660,-0.0218625580,-0.0218625580,-0.0132915189,-0.0074840805,-0.0162325580
0.564,0.7136229339,0.6925184368,0.6917600000,0.6917600000,0.7003462630,0.7061640166,0.6974000000,-0.0211044971,-0.0218629339,-0.0218629339,-0.0132766709,-0.0074589174,-0.0162229339
0.565,0.7139631179,0.6928597815,0.6921000000,0.6921000000,0.7007014869,0.7065295556,0.6977500000,-0.0211033364,-0.0218631179,-0.0218631179,-0.0132616311,-0.0074335623,-0.0162131179
0.566,0.7143031097,0.6932011263,0.6924400000,0.6924400000,0.7010567107,0.7068950946,0.6981000000,-0.0211019835,-0.0218631097,-0.0218631097,-0.0132463990,-0.0074080151,-0.0162031097
0.567,0.7146429092,0.6935424710,0.6927800000,0.6927800000,0.7014119346,0.7072606337,0.6984500000,-0.0211004382,-0.0218629092,-0.0218629092,-0.0132309746,-0.0073822755,-0.0161929092
0.568,0.7149825160,0.6938838158,0.6931200000,0.6931200000,0.7017671585,0.7076261727,0.6988000000,-0.0210987003,-0.0218625160,-0.0218625160,-0.0132153576,-0.0073563433,-0.0161825160
0.569,0.7153219300,0.6942251605,0.6934600000,0.6934600000,0.7021223823,0.7079917118,0.6991500000,-0.0210967695,-0.0218619300,-0.0218619300,-0.0131995477,-0.0073302183,-0.0161719300
0.570,0.7156611510,0.6945665053,0.6938000000,0.6938000000,0.7024776062,0.7083572508,0.6995000000,-0.0210946457,-0.0218611510,-0.0218611510,-0.0131835447,-0.0073039002,-0.0161611510
0.571,0.7160001786,0.6949078500,0.6941400000,0.6941400000,0.7028328301,0.7087227898,0.6998500000,-0.0210923286,-0.0218601786,-0.0218601786,-0.0131673485,-0.0072773887,-0.0161501786
0.572,0.7163390127,0.6952491948,0.6944800000,0.6944800000,0.7031880540,0.7090883289,0.7002000000,-0.0210898179,-0.0218590127,-0.0218590127,-0.0131509587,-0.0072506838,-0.0161390127
0.573,0.7166776530,0.6955905395,0.6948200000,0.6948200000,0.7035432778,0.7094538679,0.7005500000,-0.0210871135,-0.0218576530,-0.0218576530,-0.0131343752,-0.0072237851,-0.0161276530
0.574,0.7170160994,0.6959318842,0.6951600000,0.6951600000,0.7038985017,0.7098194069,0.7009000000,-0.0210842151,-0.0218560994,-0.0218560994,-0.0131175977,-0.0071966924,-0.0161160994
0.575,0.7173543515,0.6962732290,0.6955000000,0.6955000000,0.7042537256,0.7101849460,0.7012500000,-0.0210811225,-0.0218543515,-0.0218543515,-0.0131006259,-0.0071694055,-0.0161043515
0.576,0.7176924092,0.6966145737,0.6958400000,0.6958400000,0.7046089494,0.7105504850,0.7016000000,-0.0210778355,-0.0218524092,-0.0218524092,-0.0130834598,-0.0071419242,-0.0160924092
0.577,0.7180302722,0.6969559185,0.6961800000,0.6961800000,0.7049641733,0.7109160240,0.7019500000,-0.0210743538,-0.0218502722,-0.0218502722,-0.0130660989,-0.0071142482,-0.0160802722
0.578,0.7183679404,0.6972972632,0.6965200000,0.6965200000,0.7053193972,0.7112815631,0.7023000000,-0.0210706772,-0.0218479404,-0.0218479404,-0.0130485432,-0.0070863773,-0.0160679404
0.579,0.7187054134,0.6976386080,0.6968600000,0.6968600000,0.7056746210,0.7116471021,0.7026500000,-0.0210668054,-0.0218454134,-0.0218454134,-0.0130307924,-0.0070583113,-0.0160554134
0.580,0.7190426911,0.6979799527,0.6972000000,0.6972000000,0.7060298449,0.7120126412,0.7030000000,-0.0210627384,-0.0218426911,-0.0218426911,-0.0130128462,-0.0070300499,-0.0160426911
0.581,0.7193797732,0.6983212975,0.6975400000,0.6975400000,0.7063850688,0.7123781802,0.7033500000,-0.0210584758,-0.0218397732,-0.0218397732,-0.0129947044,-0.0070015930,-0.0160297732
0.582,0.7197166596,0.6986626422,0.6978800000,0.6978800000,0.7067402927,0.7127437192,0.7037000000,-0.0210540174,-0.0218366596,-0.0218366596,-0.0129763669,-0.0069729403,-0.0160166596
0.583,0.7200533499,0.6990039870,0.6982200000,0.6982200000,0.7070955165,0.7131092583,0.7040500000,-0.0210493629,-0.0218333499,-0.0218333499,-0.0129578334,-0.0069440916,-0.0160033499
0.584,0.7203898440,0.6993453317,0.6985600000,0.6985600000,0.7074507404,0.7134747973,0.7044000000,-0.0210445123,-0.0218298440,-0.0218298440,-0.0129391036,-0.0069150467,-0.0159898440
0.585,0.7207261416,0.6996866765,0.6989000000,0.6989000000,0.7078059643,0.7138403363,0.7047500000,-0.0210394652,-0.0218261416,-0.0218261416,-0.0129201773,-0.0068858053,-0.0159761416
0.586,0.7210622426,0.7000280212,0.6992400000,0.6992400000,0.7081611881,0.7142058754,0.7051000000,-0.0210342214,-0.0218222426,-0.0218222426,-0.0129010544,-0.0068563672,-0.0159622426
0.587,0.7213981466,0.7003693659,0.6995800000,0.6995800000,0.7085164120,0.7145714144,0.7054500000,-0.0210287807,-0.0218181466,-0.0218181466,-0.0128817346,-0.0068267322,-0.0159481466
0.588,0.7217338536,0.7007107107,0.6999200000,0.6999200000,0.7088716359,0.7149369534,0.7058000000,-0.0210231429,-0.0218138536,-0.0218138536,-0.0128622177,-0.0067969001,-0.0159338536
0.589,0.7220693632,0.7010520554,0.7002600000,0.7002600000,0.7092268598,0.7153024925,0.7061500000,-0.0210173078,-0.0218093632,-0.0218093632,-0.0128425034,-0.0067668707,-0.0159193632
0.590,0.7224046752,0.7013934002,0.7006000000,0.7006000000,0.7095820836,0.7156680315,0.7065000000,-0.0210112751,-0.0218046752,-0.0218046752,-0.0128225916,-0.0067366437,-0.0159046752
0.591,0.7227397895,0.7017347449,0.7009400000,0.7009400000,0.7099373075,0.7160335706,0.7068500000,-0.0210050446,-0.0217997895,-0.0217997895,-0.0128024820,-0.0067062190,-0.0158897895
0.592,0.7230747058,0.7020760897,0.7012800000,0.7012800000,0.7102925314,0.7163991096,0.7072000000,-0.0209986161,-0.0217947058,-0.0217947058,-0.0127821744,-0.0066755962,-0.0158747058
0.593,0.7234094239,0.7024174344,0.7016200000,0.7016200000,0.7106477552,0.7167646486,0.7075500000,-0.0209919895,-0.0217894239,-0.0217894239,-0.0127616686,-0.0066447752,-0.0158594239
0.594,0.7237439435,0.7027587792,0.7019600000,0.7019600000,0.7110029791,0.7171301877,0.7079000000,-0.0209851643,-0.0217839435,-0.0217839435,-0.0127409644,-0.0066137558,-0.0158439435
0.595,0.7240782645,0.7031001239,0.7023000000,0.7023000000,0.7113582030,0.7174957267,0.7082500000,-0.0209781406,-0.0217782645,-0.0217782645,-0.0127200615,-0.0065825378,-0.0158282645
0.596,0.7244123866,0.7034414687,0.7026400000,0.7026400000,0.7117134268,0.7178612657,0.7086000000,-0.0209709180,-0.0217723866,-0.0217723866,-0.0126989598,-0.0065511209,-0.0158123866
0.597,0.7247463097,0.7037828134,0.7029800000,0.7029800000,0.7120686507,0.7182268048,0.7089500000,-0.0209634963,-0.0217663097,-0.0217663097,-0.0126776590,-0.0065195049,-0.0157963097
0.598,0.7250800335,0.7041241581,0.7033200000,0.7033200000,0.7124238746,0.7185923438,0.7093000000,-0.0209558753,-0.0217600335,-0.0217600335,-0.0126561589,-0.0064876896,-0.0157800335
0.599,0.7254135577,0.7044655029,0.7036600000,0.7036600000,0.7127790985,0.7189578829,0.7096500000,-0.0209480548,-0.0217535577,-0.0217535577,-0.0126344593,-0.0064556749,-0.0157635577
0.600,0.7257468822,0.7048068476,0.7040000000,0.7040000000,0.7131343223,0.7193234219,0.7100000000,-0.0209400346,-0.0217468822,-0.0217468822,-0.0126125599,-0.0064234604,-0.0157468822
0.601,0.7260800068,0.7051481924,0.7043400000,0.7043400000,0.7134895462,0.7196889609,0.7103500000,-0.0209318145,-0.0217400068,-0.0217400068,-0.0125904607,-0.0063910459,-0.0157300068
0.602,0.7264129313,0.7054895371,0.7046800000,0.7046800000,0.7138447701,0.7200545000,0.7107000000,-0.0209233942,-0.0217329313,-0.0217329313,-0.0125681612,-0.0063584313,-0.0157129313
0.603,0.7267456554,0.7058308819,0.7050200000,0.7050200000,0.7141999939,0.7204200390,0.7110500000,-0.0209147735,-0.0217256554,-0.0217256554,-0.0125456615,-0.0063256164,-0.0156956554
0.604,0.7270781789,0.7061722266,0.7053600000,0.7053600000,0.7145552178,0.7207855780,0.7114000000,-0.0209059523,-0.0217181789,-0.0217181789,-0.0125229611,-0.0062926009,-0.0156781789
0.605,0.7274105017,0.7065135714,0.7057000000,0.7057000000,0.7149104417,0.7211511171,0.7117500000,-0.0208969303,-0.0217105017,-0.0217105017,-0.0125000600,-0.0062593846,-0.0156605017
0.606,0.7277426234,0.7068549161,0.7060400000,0.7060400000,0.7152656656,0.7215166561,0.7121000000,-0.0208877073,-0.0217026234,-0.0217026234,-0.0124769578,-0.0062259673,-0.0156426234
0.607,0.7280745439,0.7071962609,0.7063800000,0.7063800000,0.7156208894,0.7218821951,0.7124500000,-0.0208782831,-0.0216945439,-0.0216945439,-0.0124536545,-0.0061923488,-0.0156245439
0.608,0.7284062631,0.7075376056,0.7067200000,0.7067200000,0.7159761133,0.7222477342,0.7128000000,-0.0208686574,-0.0216862631,-0.0216862631,-0.0124301498,-0.0061585289,-0.0156062631
0.609,0.7287377806,0.7078789504,0.7070600000,0.7070600000,0.7163313372,0.7226132732,0.7131500000,-0.0208588302,-0.0216777806,-0.0216777806,-0.0124064434,-0.0061245073,-0.0155877806
0.610,0.7290690962,0.7082202951,0.7074000000,0.7074000000,0.7166865610,0.7229788123,0.7135000000,-0.0208488011,-0.0216690962,-0.0216690962,-0.0123825352,-0.0060902840,-0.0155690962
0.611,0.7294002098,0.7085616398,0.7077400000,0.7077400000,0.7170417849,0.7233443513,0.7138500000,-0.0208385700,-0.0216602098,-0.0216602098,-0.0123584249,-0.0060558586,-0.0155502098
0.612,0.7297311212,0.7089029846,0.7080800000,0.7080800000,0.7173970088,0.7237098903,0.7142000000,-0.0208281366,-0.0216511212,-0.0216511212,-0.0123341124,-0.0060212309,-0.0155311212
0.613,0.7300618301,0.7092443293,0.7084200000,0.7084200000,0.7177522326,0.7240754294,0.7145500000,-0.0208175008,-0.0216418301,-0.0216418301,-0.0123095975,-0.0059864008,-0.0155118301
0.614,0.7303923364,0.7095856741,0.7087600000,0.7087600000,0.7181074565,0.7244409684,0.7149000000,-0.0208066623,-0.0216323364,-0.0216323364,-0.0122848799,-0.0059513680,-0.0154923364
0.615,0.7307226398,0.7099270188,0.7091000000,0.7091000000,0.7184626804,0.7248065074,0.7152500000,-0.0207956210,-0.0216226398,-0.0216226398,-0.0122599594,-0.0059161324,-0.0154726398
0.616,0.7310527401,0.7102683636,0.7094400000,0.7094400000,0.7188179043,0.7251720465,0.7156000000,-0.0207843765,-0.0216127401,-0.0216127401,-0.0122348358,-0.0058806936,-0.0154527401
0.617,0.7313826371,0.7106097083,0.7097800000,0.7097800000,0.7191731281,0.7255375855,0.7159500000,-0.0207729288,-0.0216026371,-0.0216026371,-0.0122095090,-0.0058450516,-0.0154326371
0.618,0.7317123307,0.7109510531,0.7101200000,0.7101200000,0.7195283520,0.7259031245,0.7163000000,-0.0207612776,-0.0215923307,-0.0215923307,-0.0121839787,-0.0058092061,-0.0154123307
0.619,0.7320418206,0.7112923978,0.7104600000,0.7104600000,0.7198835759,0.7262686636,0.7166500000,-0.0207494227,-0.0215818206,-0.0215818206,-0.0121582447,-0.0057731570,-0.0153918206
0.620,0.7323711065,0.7116337426,0.7108000000,0.7108000000,0.7202387997,0.7266342026,0.7170000000,-0.0207373640,-0.0215711065,-0.0215711065,-0.0121323068,-0.0057369039,-0.0153711065
0.621,0.7327001884,0.7119750873,0.7111400000,0.7111400000,0.7205940236,0.7269997417,0.7173500000,-0.0207251011,-0.0215601884,-0.0215601884,-0.0121061648,-0.0057004468,-0.0153501884
0.622,0.7330290660,0.7123164321,0.7114800000,0.7114800000,0.7209492475,0.7273652807,0.7177000000,-0.0207126339,-0.0215490660,-0.0215490660,-0.0120798185,-0.0056637853,-0.0153290660
0.623,0.7333577391,0.7126577768,0.7118200000,0.7118200000,0.7213044714,0.7277308197,0.7180500000,-0.0206999623,-0.0215377391,-0.0215377391,-0.0120532677,-0.0056269194,-0.0153077391
0.624,0.7336862075,0.7129991215,0.7121600000,0.7121600000,0.7216596952,0.7280963588,0.7184000000,-0.0206870859,-0.0215262075,-0.0215262075,-0.0120265122,-0.0055898487,-0.0152862075
0.625,0.7340144710,0.7133404663,0.7125000000,0.7125000000,0.7220149191,0.7284618978,0.7187500000,-0.0206740047,-0.0215144710,-0.0215144710,-0.0119995519,-0.0055525732,-0.0152644710
0.626,0.7343425293,0.7136818110,0.7128400000,0.7128400000,0.7223701430,0.7288274368,0.7191000000,-0.0206607183,-0.0215025293,-0.0215025293,-0.0119723864,-0.0055150925,-0.0152425293
0.627,0.7346703824,0.7140231558,0.7131800000,0.7131800000,0.7227253668,0.7291929759,0.7194500000,-0.0206472266,-0.0214903824,-0.0214903824,-0.0119450156,-0.0054774065,-0.0152203824
0.628,0.7349980300,0.7143645005,0.7135200000,0.7135200000,0.7230805907,0.7295585149,0.7198000000,-0.0206335295,-0.0214780300,-0.0214780300,-0.0119174393,-0.0054395151,-0.0151980300
0.629,0.7353254719,0.7147058453,0.7138600000,0.7138600000,0.7234358146,0.7299240539,0.7201500000,-0.0206196266,-0.0214654719,-0.0214654719,-0.0118896573,-0.0054014179,-0.0151754719
0.630,0.7356527079,0.7150471900,0.7142000000,0.7142000000,0.7237910384,0.7302895930,0.7205000000,-0.0206055179,-0.0214527079,-0.0214527079,-0.0118616694,-0.0053631149,-0.0151527079
0.631,0.7359797378,0.7153885348,0.7145400000,0.7145400000,0.7241462623,0.7306551320,0.7208500000,-0.0205912030,-0.0214397378,-0.0214397378,-0.0118334755,-0.0053246058,-0.0151297378
0.632,0.7363065614,0.7157298795,0.7148800000,0.7148800000,0.7245014862,0.7310206711,0.7212000000,-0.0205766819,-0.0214265614,-0.0214265614,-0.0118050752,-0.0052858903,-0.0151065614
0.633,0.7366331785,0.7160712243,0.7152200000,0.7152200000,0.7248567101,0.7313862101,0.7215500000,-0.0205619542,-0.0214131785,-0.0214131785,-0.0117764685,-0.0052469684,-0.0150831785
0.634,0.7369595889,0.7164125690,0.7155600000,0.7155600000,0.7252119339,0.7317517491,0.7219000000,-0.0205470199,-0.0213995889,-0.0213995889,-0.0117476550,-0.0052078398,-0.0150595889
0.635,0.7372857925,0.7167539138,0.7159000000,0.7159000000,0.7255671578,0.7321172882,0.7222500000,-0.0205318787,-0.0213857925,-0.0213857925,-0.0117186347,-0.0051685043,-0.0150357925
0.636,0.7376117890,0.7170952585,0.7162400000,0.7162400000,0.7259223817,0.7324828272,0.7226000000,-0.0205165305,-0.0213717890,-0.0213717890,-0.0116894073,-0.0051289618,-0.0150117890
0.637,0.7379375782,0.7174366032,0.7165800000,0.7165800000,0.7262776055,0.7328483662,0.7229500000,-0.0205009750,-0.0213575782,-0.0213575782,-0.0116599727,-0.0050892120,-0.0149875782
0.638,0.7382631600,0.7177779480,0.7169200000,0.7169200000,0.7266328294,0.7332139053,0.7233000000,-0.0204852120,-0.0213431600,-0.0213431600,-0.0116303305,-0.0050492547,-0.0149631600
0.639,0.7385885341,0.7181192927,0.7172600000,0.7172600000,0.7269880533,0.7335794443,0.7236500000,-0.0204692413,-0.0213285341,-0.0213285341,-0.0116004808,-0.0050090897,-0.0149385341
0.640,0.7389137003,0.7184606375,0.7176000000,0.7176000000,0.7273432771,0.7339449833,0.7240000000,-0.0204530628,-0.0213137003,-0.0213137003,-0.0115704232,-0.0049687170,-0.0149137003
0.641,0.7392386585,0.7188019822,0.7179400000,0.7179400000,0.7276985010,0.7343105224,0.7243500000,-0.0204366763,-0.0212986585,-0.0212986585,-0.0115401575,-0.0049281361,-0.0148886585
0.642,0.7395634085,0.7191433270,0.7182800000,0.7182800000,0.7280537249,0.7346760614,0.7247000000,-0.0204200815,-0.0212834085,-0.0212834085,-0.0115096836,-0.0048873471,-0.0148634085
0.643,0.7398879501,0.7194846717,0.7186200000,0.7186200000,0.7284089488,0.7350416005,0.7250500000,-0.0204032783,-0.0212679501,-0.0212679501,-0.0114790013,-0.0048463496,-0.0148379501
0.644,0.7402122830,0.7198260165,0.7189600000,0.7189600000,0.7287641726,0.7354071395,0.7254000000,-0.0203862665,-0.0212522830,-0.0212522830,-0.0114481104,-0.0048051435,-0.0148122830
0.645,0.7405364071,0.7201673612,0.7193000000,0.7193000000,0.7291193965,0.7357726785,0.7257500000,-0.0203690459,-0.0212364071,-0.0212364071,-0.0114170106,-0.0047637286,-0.0147864071
0.646,0.7408603223,0.7205087060,0.7196400000,0.7196400000,0.7294746204,0.7361382176,0.7261000000,-0.0203516163,-0.0212203223,-0.0212203223,-0.0113857019,-0.0047221047,-0.0147603223
0.647,0.7411840283,0.7208500507,0.7199800000,0.7199800000,0.7298298442,0.7365037566,0.7264500000,-0.0203339776,-0.0212040283,-0.0212040283,-0.0113541840,-0.0046802717,-0.0147340283
0.648,0.7415075249,0.7211913955,0.7203200000,0.7203200000,0.7301850681,0.7368692956,0.7268000000,-0.0203161294,-0.0211875249,-0.0211875249,-0.0113224567,-0.0046382292,-0.0147075249
0.649,0.7418308119,0.7215327402,0.7206600000,0.7206600000,0.7305402920,0.7372348347,0.7271500000,-0.0202980717,-0.0211708119,-0.0211708119,-0.0112905199,-0.0045959772,-0.0146808119
0.650,0.7421538892,0.7218740849,0.7210000000,0.7210000000,0.7308955159,0.7376003737,0.7275000000,-0.0202798042,-0.0211538892,-0.0211538892,-0.0112583733,-0.0045535155,-0.0146538892
0.651,0.7424767566,0.7222154297,0.7213400000,0.7213400000,0.7312507397,0.7379659127,0.7278500000,-0.0202613269,-0.0211367566,-0.0211367566,-0.0112260168,-0.0045108438,-0.0146267566
0.652,0.7427994138,0.7225567744,0.7216800000,0.7216800000,0.7316059636,0.7383314518,0.7282000000,-0.0202426394,-0.0211194138,-0.0211194138,-0.0111934502,-0.0044679620,-0.0145994138
0.653,0.7431218607,0.7228981192,0.7220200000,0.7220200000,0.7319611875,0.7386969908,0.7285500000,-0.0202237416,-0.0211018607,-0.0211018607,-0.0111606733,-0.0044248699,-0.0145718607
0.654,0.7434440972,0.7232394639,0.7223600000,0.7223600000,0.7323164113,0.7390625299,0.7289000000,-0.0202046333,-0.0210840972,-0.0210840972,-0.0111276859,-0.0043815673,-0.0145440972
0.655,0.7437661230,0.7235808087,0.7227000000,0.7227000000,0.7326716352,0.7394280689,0.7292500000,-0.0201853143,-0.0210661230,-0.0210661230,-0.0110944878,-0.0043380541,-0.0145161230
0.656,0.7440879379,0.7239221534,0.7230400000,0.7230400000,0.7330268591,0.7397936079,0.7296000000,-0.0201657845,-0.0210479379,-0.0210479379,-0.0110610788,-0.0042943300,-0.0144879379
0.657,0.7444095418,0.7242634982,0.7233800000,0.7233800000,0.7333820829,0.7401591470,0.7299500000,-0.0201460436,-0.0210295418,-0.0210295418,-0.0110274588,-0.0042503948,-0.0144595418
0.658,0.7447309344,0.7246048429,0.7237200000,0.7237200000,0.7337373068,0.7405246860,0.7303000000,-0.0201260915,-0.0210109344,-0.0210109344,-0.0109936276,-0.0042062484,-0.0144309344
0.659,0.7450521157,0.7249461877,0.7240600000,0.7240600000,0.7340925307,0.7408902250,0.7306500000,-0.0201059280,-0.0209921157,-0.0209921157,-0.0109595850,-0.0041618906,-0.0144021157
0.660,0.7453730853,0.7252875324,0.7244000000,0.7244000000,0.7344477546,0.7412557641,0.7310000000,-0.0200855529,-0.0209730853,-0.0209730853,-0.0109253308,-0.0041173213,-0.0143730853
0.661,0.7456938432,0.7256288772,0.7247400000,0.7247400000,0.7348029784,0.7416213031,0.7313500000,-0.0200649661,-0.0209538432,-0.0209538432,-0.0108908648,-0.0040725401,-0.0143438432
0.662,0.7460143892,0.7259702219,0.7250800000,0.7250800000,0.7351582023,0.7419868421,0.7317000000,-0.0200441673,-0.0209343892,-0.0209343892,-0.0108561869,-0.0040275470,-0.0143143892
0.663,0.7463347230,0.7263115666,0.7254200000,0.7254200000,0.7355134262,0.7423523812,0.7320500000,-0.0200231563,-0.0209147230,-0.0209147230,-0.0108212968,-0.0039823418,-0.0142847230
0.664,0.7466548445,0.7266529114,0.7257600000,0.7257600000,0.7358686500,0.7427179202,0.7324000000,-0.0200019331,-0.0208948445,-0.0208948445,-0.0107861944,-0.0039369242,-0.0142548445
0.665,0.7469747535,0.7269942561,0.7261000000,0.7261000000,0.7362238739,0.7430834593,0.7327500000,-0.0199804973,-0.0208747535,-0.0208747535,-0.0107508795,-0.0038912942,-0.0142247535
0.666,0.7472944498,0.7273356009,0.7264400000,0.7264400000,0.7365790978,0.7434489983,0.7331000000,-0.0199588489,-0.0208544498,-0.0208544498,-0.0107153520,-0.0038454515,-0.0141944498
0.667,0.7476139333,0.7276769456,0.7267800000,0.7267800000,0.7369343217,0.7438145373,0.7334500000,-0.0199369877,-0.0208339333,-0.0208339333,-0.0106796116,-0.0037993960,-0.0141639333
0.668,0.7479332038,0.7280182904,0.7271200000,0.7271200000,0.7372895455,0.7441800764,0.7338000000,-0.0199149134,-0.0208132038,-0.0208132038,-0.0106436582,-0.0037531274,-0.0141332038
0.669,0.7482522610,0.7283596351,0.7274600000,0.7274600000,0.7376447694,0.7445456154,0.7341500000,-0.0198926259,-0.0207922610,-0.0207922610,-0.0106074916,-0.0037066456,-0.0141022610
0.670,0.7485711049,0.7287009799,0.7278000000,0.7278000000,0.7379999933,0.7449111544,0.7345000000,-0.0198701250,-0.0207711049,-0.0207711049,-0.0105711116,-0.0036599505,-0.0140711049
0.671,0.7488897352,0.7290423246,0.7281400000,0.7281400000,0.7383552171,0.7452766935,0.7348500000,-0.0198474106,-0.0207497352,-0.0207497352,-0.0105345181,-0.0036130418,-0.0140397352
0.672,0.7492081518,0.7293836694,0.7284800000,0.7284800000,0.7387104410,0.7456422325,0.7352000000,-0.0198244825,-0.0207281518,-0.0207281518,-0.0104977108,-0.0035659193,-0.0140081518
0.673,0.7495263545,0.7297250141,0.7288200000,0.7288200000,0.7390656649,0.7460077716,0.7355500000,-0.0198013404,-0.0207063545,-0.0207063545,-0.0104606897,-0.0035185830,-0.0139763545
0.674,0.7498443432,0.7300663589,0.7291600000,0.7291600000,0.7394208887,0.7463733106,0.7359000000,-0.0197779843,-0.0206843432,-0.0206843432,-0.0104234544,-0.0034710326,-0.0139443432
0.675,0.7501621175,0.7304077036,0.7295000000,0.7295000000,0.7397761126,0.7467388496,0.7362500000,-0.0197544139,-0.0206621175,-0.0206621175,-0.0103860049,-0.0034232679,-0.0139121175
0.676,0.7504796775,0.7307490483,0.7298400000,0.7298400000,0.7401313365,0.7471043887,0.7366000000,-0.0197306291,-0.0206396775,-0.0206396775,-0.0103483410,-0.0033752888,-0.0138796775
0.677,0.7507970228,0.7310903931,0.7301800000,0.7301800000,0.7404865604,0.7474699277,0.7369500000,-0.0197066297,-0.0206170228,-0.0206170228,-0.0103104625,-0.0033270951,-0.0138470228
0.678,0.7511141534,0.7314317378,0.7305200000,0.7305200000,0.7408417842,0.7478354667,0.7373000000,-0.0196824156,-0.0205941534,-0.0205941534,-0.0102723692,-0.0032786867,-0.0138141534
0.679,0.7514310690,0.7317730826,0.7308600000,0.7308600000,0.7411970081,0.7482010058,0.7376500000,-0.0196579864,-0.0205710690,-0.0205710690,-0.0102340609,-0.0032300633,-0.0137810690
0.680,0.7517477695,0.7321144273,0.7312000000,0.7312000000,0.7415522320,0.7485665448,0.7380000000,-0.0196333422,-0.0205477695,-0.0205477695,-0.0101955376,-0.0031812247,-0.0137477695
0.681,0.7520642548,0.7324557721,0.7315400000,0.7315400000,0.7419074558,0.7489320838,0.7383500000,-0.0196084827,-0.0205242548,-0.0205242548,-0.0101567989,-0.0031321709,-0.0137142548
0.682,0.7523805246,0.7327971168,0.7318800000,0.7318800000,0.7422626797,0.7492976229,0.7387000000,-0.0195834078,-0.0205005246,-0.0205005246,-0.0101178449,-0.0030829017,-0.0136805246
0.683,0.7526965787,0.7331384616,0.7322200000,0.7322200000,0.7426179036,0.7496631619,0.7390500000,-0.0195581172,-0.0204765787,-0.0204765787,-0.0100786751,-0.0030334168,-0.0136465787
0.684,0.7530124171,0.7334798063,0.7325600000,0.7325600000,0.7429731275,0.7500287010,0.7394000000,-0.0195326108,-0.0204524171,-0.0204524171,-0.0100392896,-0.0029837162,-0.0136124171
0.685,0.7533280395,0.7338211511,0.7329000000,0.7329000000,0.7433283513,0.7503942400,0.7397500000,-0.0195068885,-0.0204280395,-0.0204280395,-0.0099996882,-0.0029337995,-0.0135780395
0.686,0.7536434458,0.7341624958,0.7332400000,0.7332400000,0.7436835752,0.7507597790,0.7401000000,-0.0194809500,-0.0204034458,-0.0204034458,-0.0099598706,-0.0028836668,-0.0135434458
0.687,0.7539586358,0.7345038405,0.7335800000,0.7335800000,0.7440387991,0.7511253181,0.7404500000,-0.0194547952,-0.0203786358,-0.0203786358,-0.0099198367,-0.0028333177,-0.0135086358
0.688,0.7542736093,0.7348451853,0.7339200000,0.7339200000,0.7443940229,0.7514908571,0.7408000000,-0.0194284240,-0.0203536093,-0.0203536093,-0.0098795864,-0.0027827522,-0.0134736093
0.689,0.7545883662,0.7351865300,0.7342600000,0.7342600000,0.7447492468,0.7518563961,0.7411500000,-0.0194018362,-0.0203283662,-0.0203283662,-0.0098391194,-0.0027319701,-0.0134383662
0.690,0.7549029063,0.7355278748,0.7346000000,0.7346000000,0.7451044707,0.7522219352,0.7415000000,-0.0193750315,-0.0203029063,-0.0203029063,-0.0097984356,-0.0026809712,-0.0134029063
0.691,0.7552172295,0.7358692195,0.7349400000,0.7349400000,0.7454596945,0.7525874742,0.7418500000,-0.0193480099,-0.0202772295,-0.0202772295,-0.0097575349,-0.0026297553,-0.0133672295
0.692,0.7555313355,0.7362105643,0.7352800000,0.7352800000,0.7458149184,0.7529530132,0.7422000000,-0.0193207712,-0.0202513355,-0.0202513355,-0.0097164171,-0.0025783223,-0.0133313355
0.693,0.7558452242,0.7365519090,0.7356200000,0.7356200000,0.7461701423,0.7533185523,0.7425500000,-0.0192933152,-0.0202252242,-0.0202252242,-0.0096750820,-0.0025266720,-0.0132952242
0.694,0.7561588955,0.7368932538,0.7359600000,0.7359600000,0.7465253662,0.7536840913,0.7429000000,-0.0192656418,-0.0201988955,-0.0201988955,-0.0096335294,-0.0024748042,-0.0132588955
0.695,0.7564723492,0.7372345985,0.7363000000,0.7363000000,0.7468805900,0.7540496304,0.7432500000,-0.0192377507,-0.0201723492,-0.0201723492,-0.0095917592,-0.0024227189,-0.0132223492
0.696,0.7567855851,0.7375759433,0.7366400000,0.7366400000,0.7472358139,0.7544151694,0.7436000000,-0.0192096419,-0.0201455851,-0.0201455851,-0.0095497712,-0.0023704157,-0.0131855851
0.697,0.7570986031,0.7379172880,0.7369800000,0.7369800000,0.7475910378,0.7547807084,0.7439500000,-0.0191813151,-0.0201186031,-0.0201186031,-0.0095075653,-0.0023178947,-0.0131486031
0.698,0.7574114030,0.7382586328,0.7373200000,0.7373200000,0.7479462616,0.7551462475,0.7443000000,-0.0191527702,-0.0200914030,-0.0200914030,-0.0094651413,-0.0022651555,-0.0131114030
0.699,0.7577239846,0.7385999775,0.7376600000,0.7376600000,0.7483014855,0.7555117865,0.7446500000,-0.0191240071,-0.0200639846,-0.0200639846,-0.0094224991,-0.0022121981,-0.0130739846
0.700,0.7580363478,0.7389413222,0.7380000000,0.7380000000,0.7486567094,0.7558773255,0.7450000000,-0.0190950255,-0.0200363478,-0.0200363478,-0.0093796384,-0.0021590222,-0.0130363478
0.701,0.7583484924,0.7392826670,0.7383400000,0.7383400000,0.7490119333,0.7562428646,0.7453500000,-0.0190658254,-0.0200084924,-0.0200084924,-0.0093365591,-0.0021056278,-0.0129984924
0.702,0.7586604183,0.7396240117,0.7386800000,0.7386800000,0.7493671571,0.7566084036,0.7457000000,-0.0190364065,-0.0199804183,-0.0199804183,-0.0092932612,-0.0020520147,-0.0129604183
0.703,0.7589721253,0.7399653565,0.7390200000,0.7390200000,0.7497223810,0.7569739426,0.7460500000,-0.0190067688,-0.0199521253,-0.0199521253,-0.0092497443,-0.0019981826,-0.0129221253
0.704,0.7592836132,0.7403067012,0.7393600000,0.7393600000,0.7500776049,0.7573394817,0.7464000000,-0.0189769120,-0.0199236132,-0.0199236132,-0.0092060083,-0.0019441315,-0.0128836132
0.705,0.7595948819,0.7406480460,0.7397000000,0.7397000000,0.7504328287,0.7577050207,0.7467500000,-0.0189468359,-0.0198948819,-0.0198948819,-0.0091620532,-0.0018898612,-0.0128448819
0.706,0.7599059313,0.7409893907,0.7400400000,0.7400400000,0.7507880526,0.7580705598,0.7471000000,-0.0189165405,-0.0198659313,-0.0198659313,-0.0091178787,-0.0018353715,-0.0128059313
0.707,0.7602167611,0.7413307355,0.7403800000,0.7403800000,0.7511432765,0.7584360988,0.7474500000,-0.0188860256,-0.0198367611,-0.0198367611,-0.0090734846,-0.0017806623,-0.0127667611
0.708,0.7605273713,0.7416720802,0.7407200000,0.7407200000,0.7514985003,0.7588016378,0.7478000000,-0.0188552910,-0.0198073713,-0.0198073713,-0.0090288709,-0.0017257334,-0.0127273713
0.709,0.7608377616,0.7420134250,0.7410600000,0.7410600000,0.7518537242,0.7591671769,0.7481500000,-0.0188243366,-0.0197777616,-0.0197777616,-0.0089840374,-0.0016705847,-0.0126877616
0.710,0.7611479319,0.7423547697,0.7414000000,0.7414000000,0.7522089481,0.7595327159,0.7485000000,-0.0187931622,-0.0197479319,-0.0197479319,-0.0089389838,-0.0016152160,-0.0126479319
0.711,0.7614578821,0.7426961145,0.7417400000,0.7417400000,0.7525641720,0.7598982549,0.7488500000,-0.0187617676,-0.0197178821,-0.0197178821,-0.0088937101,-0.0015596272,-0.0126078821
0.712,0.7617676120,0.7430374592,0.7420800000,0.7420800000,0.7529193958,0.7602637940,0.7492000000,-0.0187301528,-0.0196876120,-0.0196876120,-0.0088482162,-0.0015038180,-0.0125676120
0.713,0.7620771214,0.7433788039,0.7424200000,0.7424200000,0.7532746197,0.7606293330,0.7495500000,-0.0186983175,-0.0196571214,-0.0196571214,-0.0088025017,-0.0014477884,-0.0125271214
0.714,0.7623864103,0.7437201487,0.7427600000,0.7427600000,0.7536298436,0.7609948720,0.7499000000,-0.0186662616,-0.0196264103,-0.0196264103,-0.0087565667,-0.0013915382,-0.0124864103
0.715,0.7626954784,0.7440614934,0.7431000000,0.7431000000,0.7539850674,0.7613604111,0.7502500000,-0.0186339849,-0.0195954784,-0.0195954784,-0.0087104109,-0.0013350673,-0.0124454784
0.716,0.7630043255,0.7444028382,0.7434400000,0.7434400000,0.7543402913,0.7617259501,0.7506000000,-0.0186014874,-0.0195643255,-0.0195643255,-0.0086640342,-0.0012783754,-0.0124043255
0.717,0.7633129517,0.7447441829,0.7437800000,0.7437800000,0.7546955152,0.7620914892,0.7509500000,-0.0185687687,-0.0195329517,-0.0195329517,-0.0086174365,-0.0012214625,-0.0123629517
0.718,0.7636213566,0.7450855277,0.7441200000,0.7441200000,0.7550507391,0.7624570282,0.7513000000,-0.0185358289,-0.0195013566,-0.0195013566,-0.0085706175,-0.0011643284,-0.0123213566
0.719,0.7639295402,0.7454268724,0.7444600000,0.7444600000,0.7554059629,0.7628225672,0.7516500000,-0.0185026677,-0.0194695402,-0.0194695402,-0.0085235772,-0.0011069729,-0.0122795402
0.720,0.7642375022,0.7457682172,0.7448000000,0.7448000000,0.7557611868,0.7631881063,0.7520000000,-0.0184692851,-0.0194375022,-0.0194375022,-0.0084763154,-0.0010493960,-0.0122375022
0.721,0.7645452426,0.7461095619,0.7451400000,0.7451400000,0.7561164107,0.7635536453,0.7523500000,-0.0184356807,-0.0194052426,-0.0194052426,-0.0084288320,-0.0009915973,-0.0121952426
0.722,0.7648527612,0.7464509067,0.7454800000,0.7454800000,0.7564716345,0.7639191843,0.7527000000,-0.0184018546,-0.0193727612,-0.0193727612,-0.0083811267,-0.0009335769,-0.0121527612
0.723,0.7651600579,0.7467922514,0.7458200000,0.7458200000,0.7568268584,0.7642847234,0.7530500000,-0.0183678065,-0.0193400579,-0.0193400579,-0.0083331995,-0.0008753345,-0.0121100579
0.724,0.7654671325,0.7471335962,0.7461600000,0.7461600000,0.7571820823,0.7646502624,0.7534000000,-0.0183335363,-0.0193071325,-0.0193071325,-0.0082850502,-0.0008168701,-0.0120671325
0.725,0.7657739848,0.7474749409,0.7465000000,0.7465000000,0.7575373061,0.7650158014,0.7537500000,-0.0182990439,-0.0192739848,-0.0192739848,-0.0082366786,-0.0007581833,-0.0120239848
0.726,0.7660806147,0.7478162856,0.7468400000,0.7468400000,0.7578925300,0.7653813405,0.7541000000,-0.0182643291,-0.0192406147,-0.0192406147,-0.0081880847,-0.0006992742,-0.0119806147
0.727,0.7663870221,0.7481576304,0.7471800000,0.7471800000,0.7582477539,0.7657468795,0.7544500000,-0.0182293917,-0.0192070221,-0.0192070221,-0.0081392682,-0.0006401426,-0.0119370221
0.728,0.7666932069,0.7484989751,0.7475200000,0.7475200000,0.7586029778,0.7661124186,0.7548000000,-0.0181942317,-0.0191732069,-0.0191732069,-0.0080902291,-0.0005807883,-0.0118932069
0.729,0.7669991688,0.7488403199,0.7478600000,0.7478600000,0.7589582016,0.7664779576,0.7551500000,-0.0181588489,-0.0191391688,-0.0191391688,-0.0080409671,-0.0005212112,-0.0118491688
0.730,0.7673049077,0.7491816646,0.7482000000,0.7482000000,0.7593134255,0.7668434966,0.7555000000,-0.0181232431,-0.0191049077,-0.0191049077,-0.0079914822,-0.0004614111,-0.0118049077
0.731,0.7676104235,0.7495230094,0.7485400000,0.7485400000,0.7596686494,0.7672090357,0.7558500000,-0.0180874142,-0.0190704235,-0.0190704235,-0.0079417742,-0.0004013879,-0.0117604235
0.732,0.7679157161,0.7498643541,0.7488800000,0.7488800000,0.7600238732,0.7675745747,0.7562000000,-0.0180513620,-0.0190357161,-0.0190357161,-0.0078918429,-0.0003411414,-0.0117157161
0.733,0.7682207853,0.7502056989,0.7492200000,0.7492200000,0.7603790971,0.7679401137,0.7565500000,-0.0180150864,-0.0190007853,-0.0190007853,-0.0078416882,-0.0002806716,-0.0116707853
0.734,0.7685256310,0.7505470436,0.7495600000,0.7495600000,0.7607343210,0.7683056528,0.7569000000,-0.0179785873,-0.0189656310,-0.0189656310,-0.0077913100,-0.0002199782,-0.0116256310
0.735,0.7688302529,0.7508883884,0.7499000000,0.7499000000,0.7610895449,0.7686711918,0.7572500000,-0.0179418646,-0.0189302529,-0.0189302529,-0.0077407081,-0.0001590611,-0.0115802529
0.736,0.7691346511,0.7512297331,0.7502400000,0.7502400000,0.7614447687,0.7690367308,0.7576000000,-0.0179049180,-0.0188946511,-0.0188946511,-0.0076898824,-0.0000979203,-0.0115346511
0.737,0.7694388253,0.7515710779,0.7505800000,0.7505800000,0.7617999926,0.7694022699,0.7579500000,-0.0178677475,-0.0188588253,-0.0188588253,-0.0076388327,-0.0000365554,-0.0114888253
0.738,0.7697427754,0.7519124226,0.7509200000,0.7509200000,0.7621552165,0.7697678089,0.7583000000,-0.0178303528,-0.0188227754,-0.0188227754,-0.0075875590,0.0000250335,-0.0114427754
0.739,0.7700465013,0.7522537673,0.7512600000,0.7512600000,0.7625104403,0.7701333480,0.7586500000,-0.0177927340,-0.0187865013,-0.0187865013,-0.0075360610,0.0000868466,-0.0113965013
0.740,0.7703500028,0.7525951121,0.7516000000,0.7516000000,0.7628656642,0.7704988870,0.7590000000,-0.0177548907,-0.0187500028,-0.0187500028,-0.0074843386,0.0001488842,-0.0113500028
0.741,0.7706532798,0.7529364568,0.7519400000,0.7519400000,0.7632208881,0.7708644260,0.7593500000,-0.0177168230,-0.0187132798,-0.0187132798,-0.0074323918,0.0002111462,-0.0113032798
0.742,0.7709563322,0.7532778016,0.7522800000,0.7522800000,0.7635761119,0.7712299651,0.7597000000,-0.0176785306,-0.0186763322,-0.0186763322,-0.0073802203,0.0002736329,-0.0112563322
0.743,0.7712591598,0.7536191463,0.7526200000,0.7526200000,0.7639313358,0.7715955041,0.7600500000,-0.0176400135,-0.0186391598,-0.0186391598,-0.0073278240,0.0003363443,-0.0112091598
0.744,0.7715617624,0.7539604911,0.7529600000,0.7529600000,0.7642865597,0.7719610431,0.7604000000,-0.0176012714,-0.0186017624,-0.0186017624,-0.0072752028,0.0003992807,-0.0111617624
0.745,0.7718641401,0.7543018358,0.7533000000,0.7533000000,0.7646417836,0.7723265822,0.7607500000,-0.0175623042,-0.0185641401,-0.0185641401,-0.0072223565,0.0004624421,-0.0111141401
0.746,0.7721662925,0.7546431806,0.7536400000,0.7536400000,0.7649970074,0.7726921212,0.7611000000,-0.0175231119,-0.0185262925,-0.0185262925,-0.0071692851,0.0005258287,-0.0110662925
0.747,0.7724682196,0.7549845253,0.7539800000,0.7539800000,0.7653522313,0.7730576603,0.7614500000,-0.0174836943,-0.0184882196,-0.0184882196,-0.0071159883,0.0005894407,-0.0110182196
0.748,0.7727699212,0.7553258701,0.7543200000,0.7543200000,0.7657074552,0.7734231993,0.7618000000,-0.0174440512,-0.0184499212,-0.0184499212,-0.0070624661,0.0006532781,-0.0109699212
0.749,0.7730713973,0.7556672148,0.7546600000,0.7546600000,0.7660626790,0.7737887383,0.7621500000,-0.0174041825,-0.0184113973,-0.0184113973,-0.0070087182,0.0007173410,-0.0109213973
0.750,0.7733726476,0.7560085596,0.7550000000,0.7550000000,0.7664179029,0.7741542774,0.7625000000,-0.0173640881,-0.0183726476,-0.0183726476,-0.0069547447,0.0007816297,-0.0108726476
0.751,0.7736736721,0.7563499043,0.7553400000,0.7553400000,0.7667731268,0.7745198164,0.7628500000,-0.0173237678,-0.0183336721,-0.0183336721,-0.0069005453,0.0008461443,-0.0108236721
0.752,0.7739744706,0.7566912490,0.7556800000,0.7556800000,0.7671283507,0.7748853554,0.7632000000,-0.0172832216,-0.0182944706,-0.0182944706,-0.0068461200,0.0009108848,-0.0107744706
0.753,0.7742750430,0.7570325938,0.7560200000,0.7560200000,0.7674835745,0.7752508945,0.7635500000,-0.0172424492,-0.0182550430,-0.0182550430,-0.0067914685,0.0009758515,-0.0107250430
0.754,0.7745753891,0.7573739385,0.7563600000,0.7563600000,0.7678387984,0.7756164335,0.7639000000,-0.0172014506,-0.0182153891,-0.0182153891,-0.0067365907,0.0010410444,-0.0106753891
0.755,0.7748755089,0.7577152833,0.7567000000,0.7567000000,0.7681940223,0.7759819725,0.7642500000,-0.0171602256,-0.0181755089,-0.0181755089,-0.0066814866,0.0011064637,-0.0106255089
0.756,0.7751754021,0.7580566280,0.7570400000,0.7570400000,0.7685492461,0.7763475116,0.7646000000,-0.0171187741,-0.0181354021,-0.0181354021,-0.0066261560,0.0011721094,-0.0105754021
0.757,0.7754750688,0.7583979728,0.7573800000,0.7573800000,0.7689044700,0.7767130506,0.7649500000,-0.0170770960,-0.0180950688,-0.0180950688,-0.0065705988,0.0012379818,-0.0105250688
0.758,0.7757745086,0.7587393175,0.7577200000,0.7577200000,0.7692596939,0.7770785897,0.7653000000,-0.0170351911,-0.0180545086,-0.0180545086,-0.0065148148,0.0013040810,-0.0104745086
0.759,0.7760737216,0.7590806623,0.7580600000,0.7580600000,0.7696149177,0.7774441287,0.7656500000,-0.0169930593,-0.0180137216,-0.0180137216,-0.0064588039,0.0013704071,-0.0104237216
0.760,0.7763727076,0.7594220070,0.7584000000,0.7584000000,0.7699701416,0.7778096677,0.7660000000,-0.0169507006,-0.0179727076,-0.0179727076,-0.0064025659,0.0014369602,-0.0103727076
0.761,0.7766714664,0.7597633518,0.7587400000,0.7587400000,0.7703253655,0.7781752068,0.7663500000,-0.0169081146,-0.0179314664,-0.0179314664,-0.0063461009,0.0015037404,-0.0103214664
0.762,0.7769699979,0.7601046965,0.7590800000,0.7590800000,0.7706805894,0.7785407458,0.7667000000,-0.0168653014,-0.0178899979,-0.0178899979,-0.0062894086,0.0015707479,-0.0102699979
0.763,0.7772683021,0.7604460413,0.7594200000,0.7594200000,0.7710358132,0.7789062848,0.7670500000,-0.0168222608,-0.0178483021,-0.0178483021,-0.0062324888,0.0016379828,-0.0102183021
0.764,0.7775663787,0.7607873860,0.7597600000,0.7597600000,0.7713910371,0.7792718239,0.7674000000,-0.0167789927,-0.0178063787,-0.0178063787,-0.0061753416,0.0017054452,-0.0101663787
0.765,0.7778642277,0.7611287307,0.7601000000,0.7601000000,0.7717462610,0.7796373629,0.7677500000,-0.0167354969,-0.0177642277,-0.0177642277,-0.0061179667,0.0017731352,-0.0101142277
0.766,0.7781618489,0.7614700755,0.7604400000,0.7604400000,0.7721014848,0.7800029019,0.7681000000,-0.0166917734,-0.0177218489,-0.0177218489,-0.0060603641,0.0018410530,-0.0100618489
0.767,0.7784592422,0.7618114202,0.7607800000,0.7607800000,0.7724567087,0.7803684410,0.7684500000,-0.0166478220,-0.0176792422,-0.0176792422,-0.0060025335,0.0019091987,-0.0100092422
0.768,0.7787564076,0.7621527650,0.7611200000,0.7611200000,0.7728119326,0.7807339800,0.7688000000,-0.0166036426,-0.0176364076,-0.0176364076,-0.0059444750,0.0019775725,-0.0099564076
0.769,0.7790533447,0.7624941097,0.7614600000,0.7614600000,0.7731671565,0.7810995191,0.7691500000,-0.0165592350,-0.0175933447,-0.0175933447,-0.0058861883,0.0020461743,-0.0099033447
0.770,0.7793500537,0.7628354545,0.7618000000,0.7618000000,0.7735223803,0.7814650581,0.7695000000,-0.0165145992,-0.0175500537,-0.0175500537,-0.0058276733,0.0021150044,-0.0098500537
0.771,0.7796465342,0.7631767992,0.7621400000,0.7621400000,0.7738776042,0.7818305971,0.7698500000,-0.0164697350,-0.0175065342,-0.0175065342,-0.0057689300,0.0021840629,-0.0097965342
0.772,0.7799427863,0.7635181440,0.7624800000,0.7624800000,0.7742328281,0.7821961362,0.7702000000,-0.0164246423,-0.0174627863,-0.0174627863,-0.0057099582,0.0022533499,-0.0097427863
0.773,0.7802388097,0.7638594887,0.7628200000,0.7628200000,0.7745880519,0.7825616752,0.7705500000,-0.0163793210,-0.0174188097,-0.0174188097,-0.0056507577,0.0023228655,-0.0096888097
0.774,0.7805346044,0.7642008335,0.7631600000,0.7631600000,0.7749432758,0.7829272142,0.7709000000,-0.0163337709,-0.0173746044,-0.0173746044,-0.0055913286,0.0023926099,-0.0096346044
0.775,0.7808301702,0.7645421782,0.7635000000,0.7635000000,0.7752984997,0.7832927533,0.7712500000,-0.0162879920,-0.0173301702,-0.0173301702,-0.0055316705,0.0024625831,-0.0095801702
0.776,0.7811255071,0.7648835229,0.7638400000,0.7638400000,0.7756537235,0.7836582923,0.7716000000,-0.0162419841,-0.0172855071,-0.0172855071,-0.0054717835,0.0025327852,-0.0095255071
0.777,0.7814206148,0.7652248677,0.7641800000,0.7641800000,0.7760089474,0.7840238313,0.7719500000,-0.0161957471,-0.0172406148,-0.0172406148,-0.0054116674,0.0026032165,-0.0094706148
0.778,0.7817154934,0.7655662124,0.7645200000,0.7645200000,0.7763641713,0.7843893704,0.7723000000,-0.0161492810,-0.0171954934,-0.0171954934,-0.0053513221,0.0026738770,-0.0094154934
0.779,0.7820101426,0.7659075572,0.7648600000,0.7648600000,0.7767193952,0.7847549094,0.7726500000,-0.0161025854,-0.0171501426,-0.0171501426,-0.0052907475,0.0027447668,-0.0093601426
0.780,0.7823045624,0.7662489019,0.7652000000,0.7652000000,0.7770746190,0.7851204485,0.7730000000,-0.0160556605,-0.0171045624,-0.0171045624,-0.0052299434,0.0028158860,-0.0093045624
0.781,0.7825987526,0.7665902467,0.7655400000,0.7655400000,0.7774298429,0.7854859875,0.7733500000,-0.0160085060,-0.0170587526,-0.0170587526,-0.0051689097,0.0028872348,-0.0092487526
0.782,0.7828927132,0.7669315914,0.7658800000,0.7658800000,0.7777850668,0.7858515265,0.7737000000,-0.0159611218,-0.0170127132,-0.0170127132,-0.0051076464,0.0029588133,-0.0091927132
0.783,0.7831864440,0.7672729362,0.7662200000,0.7662200000,0.7781402906,0.7862170656,0.7740500000,-0.0159135078,-0.0169664440,-0.0169664440,-0.0050461533,0.0030306216,-0.0091364440
0.784,0.7834799448,0.7676142809,0.7665600000,0.7665600000,0.7784955145,0.7865826046,0.7744000000,-0.0158656639,-0.0169199448,-0.0169199448,-0.0049844303,0.0031026598,-0.0090799448
0.785,0.7837732157,0.7679556257,0.7669000000,0.7669000000,0.7788507384,0.7869481436,0.7747500000,-0.0158175900,-0.0168732157,-0.0168732157,-0.0049224773,0.0031749279,-0.0090232157
0.786,0.7840662564,0.7682969704,0.7672400000,0.7672400000,0.7792059622,0.7873136827,0.7751000000,-0.0157692860,-0.0168262564,-0.0168262564,-0.0048602942,0.0032474262,-0.0089662564
0.787,0.7843590669,0.7686383152,0.7675800000,0.7675800000,0.7795611861,0.7876792217,0.7754500000,-0.0157207518,-0.0167790669,-0.0167790669,-0.0047978808,0.0033201548,-0.0089090669
0.788,0.7846516471,0.7689796599,0.7679200000,0.7679200000,0.7799164100,0.7880447607,0.7758000000,-0.0156719872,-0.0167316471,-0.0167316471,-0.0047352371,0.0033931137,-0.0088516471
0.789,0.7849439967,0.7693210046,0.7682600000,0.7682600000,0.7802716339,0.7884102998,0.7761500000,-0.0156229921,-0.0166839967,-0.0166839967,-0.0046723629,0.0034663030,-0.0087939967
0.790,0.7852361158,0.7696623494,0.7686000000,0.7686000000,0.7806268577,0.7887758388,0.7765000000,-0.0155737664,-0.0166361158,-0.0166361158,-0.0046092581,0.0035397230,-0.0087361158
0.791,0.7855280043,0.7700036941,0.7689400000,0.7689400000,0.7809820816,0.7891413779,0.7768500000,-0.0155243101,-0.0165880043,-0.0165880043,-0.0045459227,0.0036133736,-0.0086780043
0.792,0.7858196619,0.7703450389,0.7692800000,0.7692800000,0.7813373055,0.7895069169,0.7772000000,-0.0154746230,-0.0165396619,-0.0165396619,-0.0044823564,0.0036872550,-0.0086196619
0.793,0.7861110886,0.7706863836,0.7696200000,0.7696200000,0.7816925293,0.7898724559,0.7775500000,-0.0154247050,-0.0164910886,-0.0164910886,-0.0044185593,0.0037613673,-0.0085610886
0.794,0.7864022843,0.7710277284,0.7699600000,0.7699600000,0.7820477532,0.7902379950,0.7779000000,-0.0153745559,-0.0164422843,-0.0164422843,-0.0043545311,0.0038357106,-0.0085022843
0.795,0.7866932489,0.7713690731,0.7703000000,0.7703000000,0.7824029771,0.7906035340,0.7782500000,-0.0153241758,-0.0163932489,-0.0163932489,-0.0042902718,0.0039102851,-0.0084432489
0.796,0.7869839823,0.7717104179,0.7706400000,0.7706400000,0.7827582010,0.7909690730,0.7786000000,-0.0152735644,-0.0163439823,-0.0163439823,-0.0042257813,0.0039850907,-0.0083839823
0.797,0.7872744843,0.7720517626,0.7709800000,0.7709800000,0.7831134248,0.7913346121,0.7789500000,-0.0152227217,-0.0162944843,-0.0162944843,-0.0041610595,0.0040601277,-0.0083244843
0.798,0.7875647549,0.7723931074,0.7713200000,0.7713200000,0.7834686487,0.7917001511,0.7793000000,-0.0151716476,-0.0162447549,-0.0162447549,-0.0040961062,0.0041353962,-0.0082647549
0.799,0.7878547940,0.7727344521,0.7716600000,0.7716600000,0.7838238726,0.7920656901,0.7796500000,-0.0151203419,-0.0161947940,-0.0161947940,-0.0040309214,0.0042108961,-0.0082047940
0.800,0.7881446014,0.7730757969,0.7720000000,0.7720000000,0.7841790964,0.7924312292,0.7800000000,-0.0150688046,-0.0161446014,-0.0161446014,-0.0039655050,0.0042866278,-0.0081446014
0.801,0.7884341771,0.7734171416,0.7723400000,0.7723400000,0.7845343203,0.7927967682,0.7803500000,-0.0150170355,-0.0160941771,-0.0160941771,-0.0038998568,0.0043625911,-0.0080841771
0.802,0.7887235209,0.7737584863,0.7726800000,0.7726800000,0.7848895442,0.7931623073,0.7807000000,-0.0149650345,-0.0160435209,-0.0160435209,-0.0038339767,0.0044387864,-0.0080235209
0.803,0.7890126327,0.7740998311,0.7730200000,0.7730200000,0.7852447680,0.7935278463,0.7810500000,-0.0149128016,-0.0159926327,-0.0159926327,-0.0037678647,0.0045152136,-0.0079626327
0.804,0.7893015125,0.7744411758,0.7733600000,0.7733600000,0.7855999919,0.7938933853,0.7814000000,-0.0148603367,-0.0159415125,-0.0159415125,-0.0037015206,0.0045918728,-0.0079015125
0.805,0.7895901601,0.7747825206,0.7737000000,0.7737000000,0.7859552158,0.7942589244,0.7817500000,-0.0148076395,-0.0158901601,-0.0158901601,-0.0036349443,0.0046687643,-0.0078401601
0.806,0.7898785754,0.7751238653,0.7740400000,0.7740400000,0.7863104397,0.7946244634,0.7821000000,-0.0147547101,-0.0158385754,-0.0158385754,-0.0035681358,0.0047458880,-0.0077785754
0.807,0.7901667584,0.7754652101,0.7743800000,0.7743800000,0.7866656635,0.7949900024,0.7824500000,-0.0147015483,-0.0157867584,-0.0157867584,-0.0035010949,0.0048232440,-0.0077167584
0.808,0.7904547089,0.7758065548,0.7747200000,0.7747200000,0.7870208874,0.7953555415,0.7828000000,-0.0146481541,-0.0157347089,-0.0157347089,-0.0034338215,0.0049008325,-0.0076547089
0.809,0.7907424269,0.7761478996,0.7750600000,0.7750600000,0.7873761113,0.7957210805,0.7831500000,-0.0145945273,-0.0156824269,-0.0156824269,-0.0033663156,0.0049786536,-0.0075924269
0.810,0.7910299121,0.7764892443,0.7754000000,0.7754000000,0.7877313351,0.7960866195,0.7835000000,-0.0145406678,-0.0156299121,-0.0156299121,-0.0032985770,0.0050567074,-0.0075299121
0.811,0.7913171646,0.7768305891,0.7757400000,0.7757400000,0.7880865590,0.7964521586,0.7838500000,-0.0144865756,-0.0155771646,-0.0155771646,-0.0032306056,0.0051349940,-0.0074671646
0.812,0.7916041843,0.7771719338,0.7760800000,0.7760800000,0.7884417829,0.7968176976,0.7842000000,-0.0144322504,-0.0155241843,-0.0155241843,-0.0031624014,0.0052135134,-0.0074041843
0.813,0.7918909709,0.7775132786,0.7764200000,0.7764200000,0.7887970068,0.7971832367,0.7845500000,-0.0143776924,-0.0154709709,-0.0154709709,-0.0030939642,0.0052922657,-0.0073409709
0.814,0.7921775245,0.7778546233,0.7767600000,0.7767600000,0.7891522306,0.7975487757,0.7849000000,-0.0143229012,-0.0154175245,-0.0154175245,-0.0030252939,0.0053712512,-0.0072775245
0.815,0.7924638450,0.7781959680,0.7771000000,0.7771000000,0.7895074545,0.7979143147,0.7852500000,-0.0142678769,-0.0153638450,-0.0153638450,-0.0029563905,0.0054504698,-0.0072138450
0.816,0.7927499321,0.7785373128,0.7774400000,0.7774400000,0.7898626784,0.7982798538,0.7856000000,-0.0142126194,-0.0153099321,-0.0153099321,-0.0028872538,0.0055299216,-0.0071499321
0.817,0.7930357860,0.7788786575,0.7777800000,0.7777800000,0.7902179022,0.7986453928,0.7859500000,-0.0141571284,-0.0152557860,-0.0152557860,-0.0028178837,0.0056096068,-0.0070857860
0.818,0.7933214064,0.7792200023,0.7781200000,0.7781200000,0.7905731261,0.7990109318,0.7863000000,-0.0141014041,-0.0152014064,-0.0152014064,-0.0027482803,0.0056895255,-0.0070214064
0.819,0.7936067932,0.7795613470,0.7784600000,0.7784600000,0.7909283500,0.7993764709,0.7866500000,-0.0140454462,-0.0151467932,-0.0151467932,-0.0026784432,0.0057696777,-0.0069567932
0.820,0.7938919464,0.7799026918,0.7788000000,0.7788000000,0.7912835738,0.7997420099,0.7870000000,-0.0139892546,-0.0150919464,-0.0150919464,-0.0026083726,0.0058500635,-0.0068919464
0.821,0.7941768659,0.7802440365,0.7791400000,0.7791400000,0.7916387977,0.8001075489,0.7873500000,-0.0139328294,-0.0150368659,-0.0150368659,-0.0025380682,0.0059306831,-0.0068268659
0.822,0.7944615515,0.7805853813,0.7794800000,0.7794800000,0.7919940216,0.8004730880,0.7877000000,-0.0138761703,-0.0149815515,-0.0149815515,-0.0024675300,0.0060115364,-0.0067615515
0.823,0.7947460033,0.7809267260,0.7798200000,0.7798200000,0.7923492455,0.8008386270,0.7880500000,-0.0138192773,-0.0149260033,-0.0149260033,-0.0023967578,0.0060926237,-0.0066960033
0.824,0.7950302210,0.7812680708,0.7801600000,0.7801600000,0.7927044693,0.8012041661,0.7884000000,-0.0137621503,-0.0148702210,-0.0148702210,-0.0023257517,0.0061739450,-0.0066302210
0.825,0.7953142047,0.7816094155,0.7805000000,0.7805000000,0.7930596932,0.8015697051,0.7887500000,-0.0137047891,-0.0148142047,-0.0148142047,-0.0022545115,0.0062555004,-0.0065642047
0.826,0.7955979541,0.7819507603,0.7808400000,0.7808400000,0.7934149171,0.8019352441,0.7891000000,-0.0136471938,-0.0147579541,-0.0147579541,-0.0021830370,0.0063372900,-0.0064979541
0.827,0.7958814693,0.7822921050,0.7811800000,0.7811800000,0.7937701409,0.8023007832,0.7894500000,-0.0135893643,-0.0147014693,-0.0147014693,-0.0021113283,0.0064193139,-0.0064314693
0.828,0.7961647501,0.7826334497,0.7815200000,0.7815200000,0.7941253648,0.8026663222,0.7898000000,-0.0135313003,-0.0146447501,-0.0146447501,-0.0020393852,0.0065015722,-0.0063647501
0.829,0.7964477964,0.7829747945,0.7818600000,0.7818600000,0.7944805887,0.8030318612,0.7901500000,-0.0134730019,-0.0145877964,-0.0145877964,-0.0019672077,0.0065840649,-0.0062977964
0.830,0.7967306082,0.7833161392,0.7822000000,0.7822000000,0.7948358126,0.8033974003,0.7905000000,-0.0134144689,-0.0145306082,-0.0145306082,-0.0018947956,0.0066667921,-0.0062306082
0.831,0.7970131853,0.7836574840,0.7825400000,0.7825400000,0.7951910364,0.8037629393,0.7908500000,-0.0133557013,-0.0144731853,-0.0144731853,-0.0018221489,0.0067497540,-0.0061631853
0.832,0.7972955277,0.7839988287,0.7828800000,0.7828800000,0.7955462603,0.8041284784,0.7912000000,-0.0132966990,-0.0144155277,-0.0144155277,-0.0017492675,0.0068329506,-0.0060955277
0.833,0.7975776354,0.7843401735,0.7832200000,0.7832200000,0.7959014842,0.8044940174,0.7915500000,-0.0132374619,-0.0143576354,-0.0143576354,-0.0016761512,0.0069163820,-0.0060276354
0.834,0.7978595081,0.7846815182,0.7835600000,0.7835600000,0.7962567080,0.8048595564,0.7919000000,-0.0131779899,-0.0142995081,-0.0142995081,-0.0016028000,0.0070000483,-0.0059595081
0.835,0.7981411458,0.7850228630,0.7839000000,0.7839000000,0.7966119319,0.8052250955,0.7922500000,-0.0131182828,-0.0142411458,-0.0142411458,-0.0015292139,0.0070839497,-0.0058911458
0.836,0.7984225485,0.7853642077,0.7842400000,0.7842400000,0.7969671558,0.8055906345,0.7926000000,-0.0130583408,-0.0141825485,-0.0141825485,-0.0014553927,0.0071680860,-0.0058225485
0.837,0.7987037160,0.7857055525,0.7845800000,0.7845800000,0.7973223796,0.8059561735,0.7929500000,-0.0129981635,-0.0141237160,-0.0141237160,-0.0013813363,0.0072524576,-0.0057537160
0.838,0.7989846483,0.7860468972,0.7849200000,0.7849200000,0.7976776035,0.8063217126,0.7933000000,-0.0129377510,-0.0140646483,-0.0140646483,-0.0013070447,0.0073370643,-0.0056846483
0.839,0.7992653452,0.7863882420,0.7852600000,0.7852600000,0.7980328274,0.8066872516,0.7936500000,-0.0128771032,-0.0140053452,-0.0140053452,-0.0012325178,0.0074219064,-0.0056153452
0.840,0.7995458067,0.7867295867,0.7856000000,0.7856000000,0.7983880513,0.8070527906,0.7940000000,-0.0128162200,-0.0139458067,-0.0139458067,-0.0011577555,0.0075069839,-0.0055458067
0.841,0.7998260328,0.7870709314,0.7859400000,0.7859400000,0.7987432751,0.8074183297,0.7943500000,-0.0127551013,-0.0138860328,-0.0138860328,-0.0010827577,0.0075922969,-0.0054760328
0.842,0.8001060233,0.7874122762,0.7862800000,0.7862800000,0.7990984990,0.8077838687,0.7947000000,-0.0126937471,-0.0138260233,-0.0138260233,-0.0010075243,0.0076778454,-0.0054060233
0.843,0.8003857781,0.7877536209,0.7866200000,0.7866200000,0.7994537229,0.8081494078,0.7950500000,-0.0126321572,-0.0137657781,-0.0137657781,-0.0009320552,0.0077636296,-0.0053357781
0.844,0.8006652972,0.7880949657,0.7869600000,0.7869600000,0.7998089467,0.8085149468,0.7954000000,-0.0125703315,-0.0137052972,-0.0137052972,-0.0008563505,0.0078496496,-0.0052652972
0.845,0.8009445805,0.7884363104,0.7873000000,0.7873000000,0.8001641706,0.8088804858,0.7957500000,-0.0125082701,-0.0136445805,-0.0136445805,-0.0007804099,0.0079359053,-0.0051945805
0.846,0.8012236279,0.7887776552,0.7876400000,0.7876400000,0.8005193945,0.8092460249,0.7961000000,-0.0124459727,-0.0135836279,-0.0135836279,-0.0007042334,0.0080223970,-0.0051236279
0.847,0.8015024393,0.7891189999,0.7879800000,0.7879800000,0.8008746184,0.8096115639,0.7964500000,-0.0123834394,-0.0135224393,-0.0135224393,-0.0006278209,0.0081091246,-0.0050524393
0.848,0.8017810146,0.7894603447,0.7883200000,0.7883200000,0.8012298422,0.8099771029,0.7968000000,-0.0123206700,-0.0134610146,-0.0134610146,-0.0005511724,0.0081960883,-0.0049810146
0.849,0.8020593539,0.7898016894,0.7886600000,0.7886600000,0.8015850661,0.8103426420,0.7971500000,-0.0122576644,-0.0133993539,-0.0133993539,-0.0004742878,0.0082832881,-0.0049093539
0.850,0.8023374569,0.7901430342,0.7890000000,0.7890000000,0.8019402900,0.8107081810,0.7975000000,-0.0121944227,-0.0133374569,-0.0133374569,-0.0003971669,0.0083707241,-0.0048374569
0.851,0.8026153236,0.7904843789,0.7893400000,0.7893400000,0.8022955138,0.8110737200,0.7978500000,-0.0121309447,-0.0132753236,-0.0132753236,-0.0003198098,0.0084583964,-0.0047653236
0.852,0.8028929540,0.7908257237,0.7896800000,0.7896800000,0.8026507377,0.8114392591,0.7982000000,-0.0120672303,-0.0132129540,-0.0132129540,-0.0002422163,0.0085463051,-0.0046929540
0.853,0.8031703479,0.7911670684,0.7900200000,0.7900200000,0.8030059616,0.8118047981,0.7985500000,-0.0120032795,-0.0131503479,-0.0131503479,-0.0001643863,0.0086344502,-0.0046203479
0.854,0.8034475053,0.7915084131,0.7903600000,0.7903600000,0.8033611854,0.8121703372,0.7989000000,-0.0119390922,-0.0130875053,-0.0130875053,-0.0000863199,0.0087228318,-0.0045475053
0.855,0.8037244261,0.7918497579,0.7907000000,0.7907000000,0.8037164093,0.8125358762,0.7992500000,-0.0118746682,-0.0130244261,-0.0130244261,-0.0000080168,0.0088114501,-0.0044744261
0.856,0.8040011103,0.7921911026,0.7910400000,0.7910400000,0.8040716332,0.8129014152,0.7996000000,-0.0118100076,-0.0129611103,-0.0129611103,0.0000705229,0.0089003049,-0.0044011103
0.857,0.8042775577,0.7925324474,0.7913800000,0.7913800000,0.8044268571,0.8132669543,0.7999500000,-0.0117451103,-0.0128975577,-0.0128975577,0.0001492994,0.0089893966,-0.0043275577
0.858,0.8045537683,0.7928737921,0.7917200000,0.7917200000,0.8047820809,0.8136324933,0.8003000000,-0.0116799762,-0.0128337683,-0.0128337683,0.0002283126,0.0090787250,-0.0042537683
0.859,0.8048297420,0.7932151369,0.7920600000,0.7920600000,0.8051373048,0.8139980323,0.8006500000,-0.0116146051,-0.0127697420,-0.0127697420,0.0003075628,0.0091682903,-0.0041797420
0.860,0.8051054787,0.7935564816,0.7924000000,0.7924000000,0.8054925287,0.8143169912,0.8010000000,-0.0115489971,-0.0127054787,-0.0127054787,0.0003870499,0.0092115125,-0.0041054787
0.861,0.8053809785,0.7938978264,0.7927400000,0.7927400000,0.8058477525,0.8144985446,0.8013500000,-0.0114831521,-0.0126409785,-0.0126409785,0.0004667741,0.0091175661,-0.0040309785
0.862,0.8056562411,0.7942391711,0.7930800000,0.7930800000,0.8062029764,0.8146800979,0.8017000000,-0.0114170700,-0.0125762411,-0.0125762411,0.0005467353,0.0090238569,-0.0039562411
0.863,0.8059312665,0.7945805159,0.7934200000,0.7934200000,0.8065582003,0.8148616513,0.8020500000,-0.0113507507,-0.0125112665,-0.0125112665,0.0006269338,0.0089303848,-0.0038812665
0.864,0.8062060547,0.7949218606,0.7937600000,0.7937600000,0.8069134242,0.8150432047,0.8024000000,-0.0112841941,-0.0124460547,-0.0124460547,0.0007073694,0.0088371499,-0.0038060547
0.865,0.8064806056,0.7952632053,0.7941000000,0.7941000000,0.8072686480,0.8152247580,0.8027500000,-0.0112174003,-0.0123806056,-0.0123806056,0.0007880424,0.0087441524,-0.0037306056
0.866,0.8067549191,0.7956045501,0.7944400000,0.7944400000,0.8076238719,0.8154063114,0.8031000000,-0.0111503690,-0.0123149191,-0.0123149191,0.0008689528,0.0086513923,-0.0036549191
0.867,0.8070289952,0.7959458948,0.7947800000,0.7947800000,0.8079790958,0.8155878648,0.8034500000,-0.0110831003,-0.0122489952,-0.0122489952,0.0009501006,0.0085588696,-0.0035789952
0.868,0.8073028337,0.7962872396,0.7951200000,0.7951200000,0.8083343196,0.8157694181,0.8038000000,-0.0110155941,-0.0121828337,-0.0121828337,0.0010314860,0.0084665845,-0.0035028337
0.869,0.8075764346,0.7966285843,0.7954600000,0.7954600000,0.8086895435,0.8159509715,0.8041500000,-0.0109478503,-0.0121164346,-0.0121164346,0.0011131089,0.0083745369,-0.0034264346
0.870,0.8078497979,0.7969699291,0.7958000000,0.7958000000,0.8090447674,0.8161325249,0.8045000000,-0.0108798688,-0.0120497979,-0.0120497979,0.0011949695,0.0082827270,-0.0033497979
0.871,0.8081229235,0.7973112738,0.7961400000,0.7961400000,0.8093999912,0.8163140782,0.8048500000,-0.0108116496,-0.0119829235,-0.0119829235,0.0012770678,0.0081911548,-0.0032729235
0.872,0.8083958112,0.7976526186,0.7964800000,0.7964800000,0.8097552151,0.8164956316,0.8052000000,-0.0107431927,-0.0119158112,-0.0119158112,0.0013594039,0.0080998204,-0.0031958112
0.873,0.8086684611,0.7979939633,0.7968200000,0.7968200000,0.8101104390,0.8166771850,0.8055500000,-0.0106744978,-0.0118484611,-0.0118484611,0.0014419778,0.0080087238,-0.0031184611
0.874,0.8089408731,0.7983353081,0.7971600000,0.7971600000,0.8104656629,0.8168587383,0.8059000000,-0.0106055651,-0.0117808731,-0.0117808731,0.0015247897,0.0079178652,-0.0030408731
0.875,0.8092130471,0.7986766528,0.7975000000,0.7975000000,0.8108208867,0.8170402917,0.8062500000,-0.0105363943,-0.0117130471,-0.0117130471,0.0016078396,0.0078272446,-0.0029630471
0.876,0.8094849831,0.7990179976,0.7978400000,0.7978400000,0.8111761106,0.8172218451,0.8066000000,-0.0104669856,-0.0116449831,-0.0116449831,0.0016911275,0.0077368620,-0.0028849831
0.877,0.8097566810,0.7993593423,0.7981800000,0.7981800000,0.8115313345,0.8174033984,0.8069500000,-0.0103973387,-0.0115766810,-0.0115766810,0.0017746535,0.0076467175,-0.0028066810
0.878,0.8100281406,0.7997006870,0.7985200000,0.7985200000,0.8118865583,0.8175849518,0.8073000000,-0.0103274536,-0.0115081406,-0.0115081406,0.0018584177,0.0075568112,-0.0027281406
0.879,0.8102993621,0.8000420318,0.7988600000,0.7988600000,0.8122417822,0.8177665052,0.8076500000,-0.0102573303,-0.0114393621,-0.0114393621,0.0019424201,0.0074671431,-0.0026493621
0.880,0.8105703452,0.8003833765,0.7992000000,0.7992000000,0.8125970061,0.8179480585,0.8080000000,-0.0101869687,-0.0113703452,-0.0113703452,0.0020266609,0.0073777133,-0.0025703452
0.881,0.8108410900,0.8007247213,0.7995400000,0.7995400000,0.8129522300,0.8181296119,0.8083500000,-0.0101163687,-0.0113010900,-0.0113010900,0.0021111399,0.0072885219,-0.0024910900
0.882,0.8111115964,0.8010660660,0.7998800000,0.7998800000,0.8133074538,0.8183111653,0.8087000000,-0.0100455303,-0.0112315964,-0.0112315964,0.0021958575,0.0071995689,-0.0024115964
0.883,0.8113818642,0.8014074108,0.8002200000,0.8002200000,0.8136626777,0.8184927186,0.8090500000,-0.0099744535,-0.0111618642,-0.0111618642,0.0022808134,0.0071108544,-0.0023318642
0.884,0.8116518936,0.8017487555,0.8005600000,0.8005600000,0.8140179016,0.8186742720,0.8094000000,-0.0099031381,-0.0110918936,-0.0110918936,0.0023660080,0.0070223784,-0.0022518936
0.885,0.8119216843,0.8020901003,0.8009000000,0.8009000000,0.8143731254,0.8188558254,0.8097500000,-0.0098315840,-0.0110216843,-0.0110216843,0.0024514411,0.0069341411,-0.0021716843
0.886,0.8121912364,0.8024314450,0.8012400000,0.8012400000,0.8147283493,0.8190373787,0.8101000000,-0.0097597914,-0.0109512364,-0.0109512364,0.0025371129,0.0068461423,-0.0020912364
0.887,0.8124605498,0.8027727898,0.8015800000,0.8015800000,0.8150835732,0.8192189321,0.8104500000,-0.0096877600,-0.0108805498,-0.0108805498,0.0026230234,0.0067583824,-0.0020105498
0.888,0.8127296243,0.8031141345,0.8019200000,0.8019200000,0.8154387970,0.8194004855,0.8108000000,-0.0096154898,-0.0108096243,-0.0108096243,0.0027091727,0.0066708611,-0.0019296243
0.889,0.8129984601,0.8034554793,0.8022600000,0.8022600000,0.8157940209,0.8195820388,0.8111500000,-0.0095429808,-0.0107384601,-0.0107384601,0.0027955608,0.0065835787,-0.0018484601
0.890,0.8132670570,0.8037968240,0.8026000000,0.8026000000,0.8161492448,0.8197635922,0.8115000000,-0.0094702330,-0.0106670570,-0.0106670570,0.0028821878,0.0064965352,-0.0017670570
0.891,0.8135354149,0.8041381687,0.8029400000,0.8029400000,0.8165044687,0.8199451456,0.8118500000,-0.0093972461,-0.0105954149,-0.0105954149,0.0029690538,0.0064097307,-0.0016854149
0.892,0.8138035338,0.8044795135,0.8032800000,0.8032800000,0.8168596925,0.8201266989,0.8122000000,-0.0093240203,-0.0105235338,-0.0105235338,0.0030561587,0.0063231651,-0.0016035338
0.893,0.8140714137,0.8048208582,0.8036200000,0.8036200000,0.8172149164,0.8203082523,0.8125500000,-0.0092505554,-0.0104514137,-0.0104514137,0.0031435027,0.0062368386,-0.0015214137
0.894,0.8143390544,0.8051622030,0.8039600000,0.8039600000,0.8175701403,0.8204898057,0.8129000000,-0.0091768514,-0.0103790544,-0.0103790544,0.0032310858,0.0061507513,-0.0014390544
0.895,0.8146064560,0.8055035477,0.8043000000,0.8043000000,0.8179253641,0.8206713590,0.8132500000,-0.0091029083,-0.0103064560,-0.0103064560,0.0033189081,0.0060649030,-0.0013564560
0.896,0.8148736184,0.8058448925,0.8046400000,0.8046400000,0.8182805880,0.8208529124,0.8136000000,-0.0090287259,-0.0102336184,-0.0102336184,0.0034069696,0.0059792940,-0.0012736184
0.897,0.8151405415,0.8061862372,0.8049800000,0.8049800000,0.8186358119,0.8210344658,0.8139500000,-0.0089543043,-0.0101605415,-0.0101605415,0.0034952704,0.0058939243,-0.0011905415
0.898,0.8154072253,0.8065275820,0.8053200000,0.8053200000,0.8189910358,0.8212160191,0.8143000000,-0.0088796433,-0.0100872253,-0.0100872253,0.0035838105,0.0058087939,-0.0011072253
0.899,0.8156736697,0.8068689267,0.8056600000,0.8056600000,0.8193462596,0.8213975725,0.8146500000,-0.0088047430,-0.0100136697,-0.0100136697,0.0036725899,0.0057239028,-0.0010236697
0.900,0.8159398747,0.8072102715,0.8060000000,0.8060000000,0.8197014835,0.8215791259,0.8150000000,-0.0087296032,-0.0099398747,-0.0099398747,0.0037616088,0.0056392512,-0.0009398747
0.901,0.8162058402,0.8075516162,0.8063400000,0.8063400000,0.8200567074,0.8217606792,0.8153500000,-0.0086542239,-0.0098658402,-0.0098658402,0.0038508672,0.0055548391,-0.0008558402
0.902,0.8164715661,0.8078929610,0.8066800000,0.8066800000,0.8204119312,0.8219422326,0.8157000000,-0.0085786052,-0.0097915661,-0.0097915661,0.0039403651,0.0054706665,-0.0007715661
0.903,0.8167370525,0.8082343057,0.8070200000,0.8070200000,0.8207671551,0.8221237860,0.8160500000,-0.0085027468,-0.0097170525,-0.0097170525,0.0040301026,0.0053867335,-0.0006870525
0.904,0.8170022993,0.8085756504,0.8073600000,0.8073600000,0.8211223790,0.8223053393,0.8164000000,-0.0084266489,-0.0096422993,-0.0096422993,0.0041200797,0.0053030400,-0.0006022993
0.905,0.8172673064,0.8089169952,0.8077000000,0.8077000000,0.8214776028,0.8224868927,0.8167500000,-0.0083503112,-0.0095673064,-0.0095673064,0.0042102964,0.0052195863,-0.0005173064
0.906,0.8175320738,0.8092583399,0.8080400000,0.8080400000,0.8218328267,0.8226684461,0.8171000000,-0.0082737338,-0.0094920738,-0.0094920738,0.0043007529,0.0051363723,-0.0004320738
0.907,0.8177966014,0.8095996847,0.8083800000,0.8083800000,0.8221880506,0.8228499995,0.8174500000,-0.0081969167,-0.0094166014,-0.0094166014,0.0043914492,0.0050533981,-0.0003466014
0.908,0.8180608892,0.8099410294,0.8087200000,0.8087200000,0.8225432745,0.8230315528,0.8178000000,-0.0081198597,-0.0093408892,-0.0093408892,0.0044823853,0.0049706636,-0.0002608892
0.909,0.8183249371,0.8102823742,0.8090600000,0.8090600000,0.8228984983,0.8232131062,0.8181500000,-0.0080425629,-0.0092649371,-0.0092649371,0.0045735612,0.0048881691,-0.0001749371
0.910,0.8185887451,0.8106237189,0.8094000000,0.8094000000,0.8232537222,0.8233946596,0.8185000000,-0.0079650262,-0.0091887451,-0.0091887451,0.0046649771,0.0048059144,-0.0000887451
0.911,0.8188523132,0.8109650637,0.8097400000,0.8097400000,0.8236089461,0.8235762129,0.8188500000,-0.0078872495,-0.0091123132,-0.0091123132,0.0047566329,0.0047238998,-0.0000023132
0.912,0.8191156412,0.8113064084,0.8100800000,0.8100800000,0.8239641699,0.8237577663,0.8192000000,-0.0078092328,-0.0090356412,-0.0090356412,0.0048485287,0.0046421251,0.0000843588
0.913,0.8193787292,0.8116477532,0.8104200000,0.8104200000,0.8243193938,0.8239393197,0.8195500000,-0.0077309761,-0.0089587292,-0.0089587292,0.0049406646,0.0045605904,0.0001712708
0.914,0.8196415771,0.8119890979,0.8107600000,0.8107600000,0.8246746177,0.8241208730,0.8199000000,-0.0076524792,-0.0088815771,-0.0088815771,0.0050330405,0.0044792959,0.0002584229
0.915,0.8199041849,0.8123304427,0.8111000000,0.8111000000,0.8250298416,0.8243024264,0.8202500000,-0.0075737423,-0.0088041849,-0.0088041849,0.0051256566,0.0043982415,0.0003458151
0.916,0.8201665525,0.8126717874,0.8114400000,0.8114400000,0.8253850654,0.8244839798,0.8206000000,-0.0074947651,-0.0087265525,-0.0087265525,0.0052185129,0.0043174272,0.0004334475
0.917,0.8204286799,0.8130131321,0.8117800000,0.8117800000,0.8257402893,0.8246655331,0.8209500000,-0.0074155478,-0.0086486799,-0.0086486799,0.0053116094,0.0042368532,0.0005213201
0.918,0.8206905671,0.8133544769,0.8121200000,0.8121200000,0.8260955132,0.8248470865,0.8213000000,-0.0073360902,-0.0085705671,-0.0085705671,0.0054049461,0.0041565194,0.0006094329
0.919,0.8209522139,0.8136958216,0.8124600000,0.8124600000,0.8264507370,0.8250286399,0.8216500000,-0.0072563923,-0.0084922139,-0.0084922139,0.0054985231,0.0040764260,0.0006977861
0.920,0.8212136204,0.8140371664,0.8128000000,0.8128000000,0.8268059609,0.8252101932,0.8220000000,-0.0071764540,-0.0084136204,-0.0084136204,0.0055923405,0.0039965728,0.0007863796
0.921,0.8214747865,0.8143785111,0.8131400000,0.8131400000,0.8271611848,0.8253917466,0.8223500000,-0.0070962754,-0.0083347865,-0.0083347865,0.0056863983,0.0039169601,0.0008752135
0.922,0.8217357122,0.8147198559,0.8134800000,0.8134800000,0.8275164086,0.8255733000,0.8227000000,-0.0070158563,-0.0082557122,-0.0082557122,0.0057806965,0.0038375878,0.0009642878
0.923,0.8219963974,0.8150612006,0.8138200000,0.8138200000,0.8278716325,0.8257548533,0.8230500000,-0.0069351968,-0.0081763974,-0.0081763974,0.0058752351,0.0037584559,0.0010536026
0.924,0.8222568421,0.8154025454,0.8141600000,0.8141600000,0.8282268564,0.8259364067,0.8234000000,-0.0068542967,-0.0080968421,-0.0080968421,0.0059700143,0.0036795646,0.0011431579
0.925,0.8225170463,0.8157438901,0.8145000000,0.8145000000,0.8285820803,0.8261179601,0.8237500000,-0.0067731562,-0.0080170463,-0.0080170463,0.0060650340,0.0036009138,0.0012329537
0.926,0.8227770099,0.8160852349,0.8148400000,0.8148400000,0.8289373041,0.8262995134,0.8241000000,-0.0066917750,-0.0079370099,-0.0079370099,0.0061602943,0.0035225035,0.0013229901
0.927,0.8230367329,0.8164265796,0.8151800000,0.8151800000,0.8292925280,0.8264810668,0.8244500000,-0.0066101533,-0.0078567329,-0.0078567329,0.0062557951,0.0034443339,0.0014132671
0.928,0.8232962152,0.8167679244,0.8155200000,0.8155200000,0.8296477519,0.8266626202,0.8248000000,-0.0065282908,-0.0077762152,-0.0077762152,0.0063515367,0.0033664050,0.0015037848
0.929,0.8235554568,0.8171092691,0.8158600000,0.8158600000,0.8300029757,0.8268441735,0.8251500000,-0.0064461877,-0.0076954568,-0.0076954568,0.0064475189,0.0032887167,0.0015945432
0.930,0.8238144578,0.8174506138,0.8162000000,0.8162000000,0.8303581996,0.8270257269,0.8255000000,-0.0063638439,-0.0076144578,-0.0076144578,0.0065437419,0.0032112691,0.0016855422
0.931,0.8240732179,0.8177919586,0.8165400000,0.8165400000,0.8307134235,0.8272072803,0.8258500000,-0.0062812593,-0.0075332179,-0.0075332179,0.0066402056,0.0031340623,0.0017767821
0.932,0.8243317373,0.8181333033,0.8168800000,0.8168800000,0.8310686473,0.8273888336,0.8262000000,-0.0061984339,-0.0074517373,-0.0074517373,0.0067369101,0.0030570963,0.0018682627
0.933,0.8245900158,0.8184746481,0.8172200000,0.8172200000,0.8314238712,0.8275703870,0.8265500000,-0.0061153677,-0.0073700158,-0.0073700158,0.0068338554,0.0029803712,0.0019599842
0.934,0.8248480535,0.8188159928,0.8175600000,0.8175600000,0.8317790951,0.8277519404,0.8269000000,-0.0060320607,-0.0072880535,-0.0072880535,0.0069310416,0.0029038869,0.0020519465
0.935,0.8251058503,0.8191573376,0.8179000000,0.8179000000,0.8321343190,0.8279334937,0.8272500000,-0.0059485127,-0.0072058503,-0.0072058503,0.0070284687,0.0028276434,0.0021441497
0.936,0.8253634061,0.8194986823,0.8182400000,0.8182400000,0.8324895428,0.8281150471,0.8276000000,-0.0058647238,-0.0071234061,-0.0071234061,0.0071261367,0.0027516410,0.0022365939
0.937,0.8256207210,0.8198400271,0.8185800000,0.8185800000,0.8328447667,0.8282966005,0.8279500000,-0.0057806940,-0.0070407210,-0.0070407210,0.0072240457,0.0026758794,0.0023292790
0.938,0.8258777949,0.8201813718,0.8189200000,0.8189200000,0.8331999906,0.8284781538,0.8283000000,-0.0056964231,-0.0069577949,-0.0069577949,0.0073221956,0.0026003589,0.0024222051
0.939,0.8261346278,0.8205227166,0.8192600000,0.8192600000,0.8335552144,0.8286597072,0.8286500000,-0.0056119113,-0.0068746278,-0.0068746278,0.0074205866,0.0025250794,0.0025153722
0.940,0.8263912197,0.8208640613,0.8196000000,0.8196000000,0.8339104383,0.8288412606,0.8290000000,-0.0055271584,-0.0067912197,-0.0067912197,0.0075192187,0.0024500409,0.0026087803
0.941,0.8266475704,0.8212054061,0.8199400000,0.8199400000,0.8342656622,0.8290228139,0.8293500000,-0.0054421644,-0.0067075704,-0.0067075704,0.0076180918,0.0023752435,0.0027024296
0.942,0.8269036800,0.8215467508,0.8202800000,0.8202800000,0.8346208861,0.8292043673,0.8297000000,-0.0053569292,-0.0066236800,-0.0066236800,0.0077172060,0.0023006873,0.0027963200
0.943,0.8271595485,0.8218880955,0.8206200000,0.8206200000,0.8349761099,0.8293859207,0.8300500000,-0.0052714530,-0.0065395485,-0.0065395485,0.0078165614,0.0022263721,0.0028904515
0.944,0.8274151759,0.8222294403,0.8209600000,0.8209600000,0.8353313338,0.8295674740,0.8304000000,-0.0051857356,-0.0064551759,-0.0064551759,0.0079161579,0.0021522982,0.0029848241
0.945,0.8276705620,0.8225707850,0.8213000000,0.8213000000,0.8356865577,0.8297490274,0.8307500000,-0.0050997770,-0.0063705620,-0.0063705620,0.0080159957,0.0020784654,0.0030794380
0.946,0.8279257069,0.8229121298,0.8216400000,0.8216400000,0.8360417815,0.8299305808,0.8311000000,-0.0050135771,-0.0062857069,-0.0062857069,0.0081160747,0.0020048739,0.0031742931
0.947,0.8281806105,0.8232534745,0.8219800000,0.8219800000,0.8363970054,0.8301121341,0.8314500000,-0.0049271360,-0.0062006105,-0.0062006105,0.0082163949,0.0019315236,0.0032693895
0.948,0.8284352729,0.8235948193,0.8223200000,0.8223200000,0.8367522293,0.8302936875,0.8318000000,-0.0048404536,-0.0061152729,-0.0061152729,0.0083169564,0.0018584146,0.0033647271
0.949,0.8286896940,0.8239361640,0.8226600000,0.8226600000,0.8371074531,0.8304752409,0.8321500000,-0.0047535299,-0.0060296940,-0.0060296940,0.0084177592,0.0017855469,0.0034603060
0.950,0.8289438737,0.8242775088,0.8230000000,0.8230000000,0.8374626770,0.8306567942,0.8325000000,-0.0046663649,-0.0059438737,-0.0059438737,0.0085188033,0.0017129205,0.0035561263
0.951,0.8291978121,0.8246188535,0.8233400000,0.8233400000,0.8378179009,0.8308383476,0.8328500000,-0.0045789586,-0.0058578121,-0.0058578121,0.0086200888,0.0016405355,0.0036521879
0.952,0.8294515091,0.8249601983,0.8236800000,0.8236800000,0.8381731248,0.8310199010,0.8332000000,-0.0044913108,-0.0057715091,-0.0057715091,0.0087216157,0.0015683919,0.0037484909
0.953,0.8297049646,0.8253015430,0.8240200000,0.8240200000,0.8385283486,0.8312014543,0.8335500000,-0.0044034216,-0.0056849646,-0.0056849646,0.0088233840,0.0014964897,0.0038450354
0.954,0.8299581788,0.8256428877,0.8243600000,0.8243600000,0.8388835725,0.8313830077,0.8339000000,-0.0043152911,-0.0055981788,-0.0055981788,0.0089253937,0.0014248289,0.0039418212
0.955,0.8302111515,0.8259842325,0.8247000000,0.8247000000,0.8392387964,0.8315645611,0.8342500000,-0.0042269190,-0.0055111515,-0.0055111515,0.0090276449,0.0013534095,0.0040388485
0.956,0.8304638828,0.8263255772,0.8250400000,0.8250400000,0.8395940202,0.8317461144,0.8346000000,-0.0041383055,-0.0054238828,-0.0054238828,0.0091301375,0.0012822317,0.0041361172
0.957,0.8307163725,0.8266669220,0.8253800000,0.8253800000,0.8399492441,0.8319276678,0.8349500000,-0.0040494505,-0.0053363725,-0.0053363725,0.0092328716,0.0012112953,0.0042336275
0.958,0.8309686207,0.8270082667,0.8257200000,0.8257200000,0.8403044680,0.8321092212,0.8353000000,-0.0039603540,-0.0052486207,-0.0052486207,0.0093358473,0.0011406004,0.0043313793
0.959,0.8312206274,0.8273496115,0.8260600000,0.8260600000,0.8406596919,0.8322907745,0.8356500000,-0.0038710159,-0.0051606274,-0.0051606274,0.0094390644,0.0010701471,0.0044293726
0.960,0.8314723925,0.8276909562,0.8264000000,0.8264000000,0.8410149157,0.8324723279,0.8360000000,-0.0037814363,-0.0050723925,-0.0050723925,0.0095425232,0.0009999354,0.0045276075
0.961,0.8317239161,0.8280323010,0.8267400000,0.8267400000,0.8413701396,0.8326538813,0.8363500000,-0.0036916151,-0.0049839161,-0.0049839161,0.0096462235,0.0009299652,0.0046260839
0.962,0.8319751980,0.8283736457,0.8270800000,0.8270800000,0.8417253635,0.8328354346,0.8367000000,-0.0036015523,-0.0048951980,-0.0048951980,0.0097501654,0.0008602366,0.0047248020
0.963,0.8322262384,0.8287149905,0.8274200000,0.8274200000,0.8420805873,0.8330169880,0.8370500000,-0.0035112479,-0.0048062384,-0.0048062384,0.0098543490,0.0007907496,0.0048237616
0.964,0.8324770371,0.8290563352,0.8277600000,0.8277600000,0.8424358112,0.8331985414,0.8374000000,-0.0034207019,-0.0047170371,-0.0047170371,0.0099587741,0.0007215043,0.0049229629
0.965,0.8327275941,0.8293976800,0.8281000000,0.8281000000,0.8427910351,0.8333800947,0.8377500000,-0.0033299142,-0.0046275941,-0.0046275941,0.0100634410,0.0006525006,0.0050224059
0.966,0.8329779095,0.8297390247,0.8284400000,0.8284400000,0.8431462589,0.8335616481,0.8381000000,-0.0032388848,-0.0045379095,-0.0045379095,0.0101683495,0.0005837386,0.0051220905
0.967,0.8332279832,0.8300803694,0.8287800000,0.8287800000,0.8435014828,0.8337432015,0.8384500000,-0.0031476137,-0.0044479832,-0.0044479832,0.0102734997,0.0005152183,0.0052220168
0.968,0.8334778151,0.8304217142,0.8291200000,0.8291200000,0.8438567067,0.8339247548,0.8388000000,-0.0030561010,-0.0043578151,-0.0043578151,0.0103788915,0.0004469397,0.0053221849
0.969,0.8337274054,0.8307630589,0.8294600000,0.8294600000,0.8442119306,0.8341063082,0.8391500000,-0.0029643465,-0.0042674054,-0.0042674054,0.0104845251,0.0003789028,0.0054225946
0.970,0.8339767539,0.8311044037,0.8298000000,0.8298000000,0.8445671544,0.8342878616,0.8395000000,-0.0028723502,-0.0041767539,-0.0041767539,0.0105904005,0.0003111076,0.0055232461
0.971,0.8342258607,0.8314457484,0.8301400000,0.8301400000,0.8449223783,0.8344694149,0.8398500000,-0.0027801123,-0.0040858607,-0.0040858607,0.0106965176,0.0002435542,0.0056241393
0.972,0.8344747257,0.8317870932,0.8304800000,0.8304800000,0.8452776022,0.8346509683,0.8402000000,-0.0026876325,-0.0039947257,-0.0039947257,0.0108028765,0.0001762426,0.0057252743
0.973,0.8347233490,0.8321284379,0.8308200000,0.8308200000,0.8456328260,0.8348325217,0.8405500000,-0.0025949110,-0.0039033490,-0.0039033490,0.0109094771,0.0001091727,0.0058266510
0.974,0.8349717304,0.8324697827,0.8311600000,0.8311600000,0.8459880499,0.8350140750,0.8409000000,-0.0025019477,-0.0038117304,-0.0038117304,0.0110163195,0.0000423447,0.0059282696
0.975,0.8352198700,0.8328111274,0.8315000000,0.8315000000,0.8463432738,0.8351956284,0.8412500000,-0.0024087426,-0.0037198700,-0.0037198700,0.0111234038,-0.0000242416,0.0060301300
0.976,0.8354677678,0.8331524722,0.8318400000,0.8318400000,0.8466984977,0.8353771818,0.8416000000,-0.0023152957,-0.0036277678,-0.0036277678,0.0112307298,-0.0000905861,0.0061322322
0.977,0.8357154238,0.8334938169,0.8321800000,0.8321800000,0.8470537215,0.8355587351,0.8419500000,-0.0022216069,-0.0035354238,-0.0035354238,0.0113382977,-0.0001566887,0.0062345762
0.978,0.8359628380,0.8338351617,0.8325200000,0.8325200000,0.8474089454,0.8357402885,0.8423000000,-0.0021276763,-0.0034428380,-0.0034428380,0.0114461074,-0.0002225494,0.0063371620
0.979,0.8362100102,0.8341765064,0.8328600000,0.8328600000,0.8477641693,0.8359218419,0.8426500000,-0.0020335038,-0.0033500102,-0.0033500102,0.0115541590,-0.0002881684,0.0064399898
0.980,0.8364569407,0.8345178511,0.8332000000,0.8332000000,0.8481193931,0.8361033952,0.8430000000,-0.0019390895,-0.0032569407,-0.0032569407,0.0116624525,-0.0003535454,0.0065430593
0.981,0.8367036292,0.8348591959,0.8335400000,0.8335400000,0.8484746170,0.8362849486,0.8433500000,-0.0018444333,-0.0031636292,-0.0031636292,0.0117709878,-0.0004186806,0.0066463708
0.982,0.8369500759,0.8352005406,0.8338800000,0.8338800000,0.8488298409,0.8364665020,0.8437000000,-0.0017495353,-0.0030700759,-0.0030700759,0.0118797650,-0.0004835739,0.0067499241
0.983,0.8371962807,0.8355418854,0.8342200000,0.8342200000,0.8491850647,0.8366480553,0.8440500000,-0.0016543953,-0.0029762807,-0.0029762807,0.0119887841,-0.0005482253,0.0068537193
0.984,0.8374422435,0.8358832301,0.8345600000,0.8345600000,0.8495402886,0.8368296087,0.8444000000,-0.0015590134,-0.0028822435,-0.0028822435,0.0120980451,-0.0006126348,0.0069577565
0.985,0.8376879645,0.8362245749,0.8349000000,0.8349000000,0.8498955125,0.8370111621,0.8447500000,-0.0014633896,-0.0027879645,-0.0027879645,0.0122075480,-0.0006768024,0.0070620355
0.986,0.8379334436,0.8365659196,0.8352400000,0.8352400000,0.8502507364,0.8371927154,0.8451000000,-0.0013675239,-0.0026934436,-0.0026934436,0.0123172928,-0.0007407281,0.0071665564
0.987,0.8381786807,0.8369072644,0.8355800000,0.8355800000,0.8506059602,0.8373742688,0.8454500000,-0.0012714163,-0.0025986807,-0.0025986807,0.0124272795,-0.0008044119,0.0072713193
0.988,0.8384236759,0.8372486091,0.8359200000,0.8359200000,0.8509611841,0.8375558222,0.8458000000,-0.0011750668,-0.0025036759,-0.0025036759,0.0125375082,-0.0008678537,0.0073763241
0.989,0.8386684292,0.8375899539,0.8362600000,0.8362600000,0.8513164080,0.8377373755,0.8461500000,-0.0010784753,-0.0024084292,-0.0024084292,0.0126479788,-0.0009310536,0.0074815708
0.990,0.8389129405,0.8379312986,0.8366000000,0.8366000000,0.8516716318,0.8379189289,0.8465000000,-0.0009816419,-0.0023129405,-0.0023129405,0.0127586914,-0.0009940116,0.0075870595
0.991,0.8391572099,0.8382726434,0.8369400000,0.8369400000,0.8520268557,0.8381004823,0.8468500000,-0.0008845665,-0.0022172099,-0.0022172099,0.0128696458,-0.0010567276,0.0076927901
0.992,0.8394012373,0.8386139881,0.8372800000,0.8372800000,0.8523820796,0.8382820356,0.8472000000,-0.0007872492,-0.0021212373,-0.0021212373,0.0129808423,-0.0011192016,0.0077987627
0.993,0.8396450228,0.8389553328,0.8376200000,0.8376200000,0.8527373035,0.8384635890,0.8475500000,-0.0006896899,-0.0020250228,-0.0020250228,0.0130922807,-0.0011814337,0.0079049772
0.994,0.8398885663,0.8392966776,0.8379600000,0.8379600000,0.8530925273,0.8386451424,0.8479000000,-0.0005918887,-0.0019285663,-0.0019285663,0.0132039610,-0.0012434239,0.0080114337
0.995,0.8401318678,0.8396380223,0.8383000000,0.8383000000,0.8534477512,0.8388266957,0.8482500000,-0.0004938455,-0.0018318678,-0.0018318678,0.0133158834,-0.0013051721,0.0081181322
0.996,0.8403749274,0.8399793671,0.8386400000,0.8386400000,0.8538029751,0.8390082491,0.8486000000,-0.0003955603,-0.0017349274,-0.0017349274,0.0134280477,-0.0013666783,0.0082250726
0.997,0.8406177450,0.8403207118,0.8389800000,0.8389800000,0.8541581989,0.8391898025,0.8489500000,-0.0002970332,-0.0016377450,-0.0016377450,0.0135404539,-0.0014279425,0.0083322550
0.998,0.8408603207,0.8406620566,0.8393200000,0.8393200000,0.8545134228,0.8393713558,0.8493000000,-0.0001982641,-0.0015403207,-0.0015403207,0.0136531021,-0.0014889648,0.0084396793
0.999,0.8411026544,0.8410034013,0.8396600000,0.8396600000,0.8548686467,0.8395529092,0.8496500000,-0.0000992530,-0.0014426544,-0.0014426544,0.0137659923,-0.0015497451,0.0085473456
1.000,0.8413447461,0.8413447461,0.8400000000,0.8400000000,0.8552238705,0.8397344626,0.8500000000,0.0000000000,-0.0013447461,-0.0013447461,0.0138791245,-0.0016102835,0.0086552539
1.001,0.8415865958,0.8414806512,0.8411400000,0.8401400000,0.8553520593,0.8399160159,0.8501400000,-0.0001059446,-0.0004465958,-0.0014465958,0.0137654635,-0.0016705799,0.0085534042
1.002,0.8418282036,0.8416165563,0.8412800000,0.8402800000,0.8554802480,0.8400975693,0.8502800000,-0.0002116473,-0.0005482036,-0.0015482036,0.0136520444,-0.0017306343,0.0084517964
1.003,0.8420695694,0.8417524614,0.8414200000,0.8404200000,0.8556084367,0.8402791227,0.8504200000,-0.0003171079,-0.0006495694,-0.0016495694,0.0135388673,-0.0017904467,0.0083504306
1.004,0.8423106932,0.8418883666,0.8415600000,0.8405600000,0.8557366254,0.8404606761,0.8505600000,-0.0004223266,-0.0007506932,-0.0017506932,0.0134259322,-0.0018500172,0.0082493068
1.005,0.8425515751,0.8420242717,0.8417000000,0.8407000000,0.8558648141,0.8406422294,0.8507000000,-0.0005273034,-0.0008515751,-0.0018515751,0.0133132390,-0.0019093457,0.0081484249
1.006,0.8427922150,0.8421601768,0.8418400000,0.8408400000,0.8559930028,0.8408237828,0.8508400000,-0.0006320382,-0.0009522150,-0.0019522150,0.0132007879,-0.0019684322,0.0080477850
1.007,0.8430326129,0.8422960819,0.8419800000,0.8409800000,0.8561211915,0.8410053362,0.8509800000,-0.0007365310,-0.0010526129,-0.0020526129,0.0130885786,-0.0020272768,0.0079473871
1.008,0.8432727689,0.8424319870,0.8421200000,0.8411200000,0.8562493803,0.8411868895,0.8511200000,-0.0008407818,-0.0011527689,-0.0021527689,0.0129766114,-0.0020858794,0.0078472311
1.009,0.8435126829,0.8425678922,0.8422600000,0.8412600000,0.8563775690,0.8413684429,0.8512600000,-0.0009447907,-0.0012526829,-0.0022526829,0.0128648861,-0.0021442400,0.0077473171
1.010,0.8437523550,0.8427037973,0.8424000000,0.8414000000,0.8565057577,0.8415499963,0.8514000000,-0.0010485577,-0.0013523550,-0.0023523550,0.0127534027,-0.0022023587,0.0076476450
1.011,0.8439917851,0.8428397024,0.8425400000,0.8415400000,0.8566339464,0.8417315496,0.8515400000,-0.0011520827,-0.0014517851,-0.0024517851,0.0126421613,-0.0022602355,0.0075482149
1.012,0.8442309733,0.8429756075,0.8426800000,0.8416800000,0.8567621351,0.8419131030,0.8516800000,-0.0012553658,-0.0015509733,-0.0025509733,0.0125311618,-0.0023178703,0.0074490267
1.013,0.8444699195,0.8431115127,0.8428200000,0.8418200000,0.8568903238,0.8420946564,0.8518200000,-0.0013584069,-0.0016499195,-0.0026499195,0.0124204043,-0.0023752632,0.0073500805
1.014,0.8447086239,0.8432474178,0.8429600000,0.8419600000,0.8570185125,0.8422762097,0.8519600000,-0.0014612061,-0.0017486239,-0.0027486239,0.0123098887,-0.0024324141,0.0072513761
1.015,0.8449470862,0.8433833229,0.8431000000,0.8421000000,0.8571467013,0.8424577631,0.8521000000,-0.0015637633,-0.0018470862,-0.0028470862,0.0121996150,-0.0024893232,0.0071529138
1.016,0.8451853067,0.8435192280,0.8432400000,0.8422400000,0.8572748900,0.8426393165,0.8522400000,-0.0016660787,-0.0019453067,-0.0029453067,0.0120895832,-0.0025459903,0.0070546933
1.017,0.8454232853,0.8436551331,0.8433800000,0.8423800000,0.8574030787,0.8428208698,0.8523800000,-0.0017681522,-0.0020432853,-0.0030432853,0.0119797934,-0.0026024155,0.0069567147
1.018,0.8456610220,0.8437910383,0.8435200000,0.8425200000,0.8575312674,0.8430024232,0.8525200000,-0.0018699837,-0.0021410220,-0.0031410220,0.0118702454,-0.0026585988,0.0068589780
1.019,0.8458985167,0.8439269434,0.8436600000,0.8426600000,0.8576594561,0.8431839766,0.8526600000,-0.0019715734,-0.0022385167,-0.0032385167,0.0117609394,-0.0027145402,0.0067614833
1.020,0.8461357696,0.8440628485,0.8438000000,0.8428000000,0.8577876448,0.8433655299,0.8528000000,-0.0020729211,-0.0023357696,-0.0033357696,0.0116518752,-0.0027702397,0.0066642304
1.021,0.8463727806,0.8441987536,0.8439400000,0.8429400000,0.8579158335,0.8435470833,0.8529400000,-0.0021740270,-0.0024327806,-0.0034327806,0.0115430529,-0.0028256974,0.0065672194
1.022,0.8466095498,0.8443346588,0.8440800000,0.8430800000,0.8580440223,0.8437286367,0.8530800000,-0.0022748910,-0.0025295498,-0.0035295498,0.0114344725,-0.0028809131,0.0064704502
1.023,0.8468460771,0.8444705639,0.8442200000,0.8432200000,0.8581722110,0.8439101900,0.8532200000,-0.0023755132,-0.0026260771,-0.0036260771,0.0113261339,-0.0029358871,0.0063739229
1.024,0.8470823625,0.8446064690,0.8443600000,0.8433600000,0.8583003997,0.8440917434,0.8533600000,-0.0024758935,-0.0027223625,-0.0037223625,0.0112180371,-0.0029906192,0.0062776375
1.025,0.8473184062,0.8447423741,0.8445000000,0.8435000000,0.8584285884,0.8442732968,0.8535000000,-0.0025760320,-0.0028184062,-0.0038184062,0.0111101822,-0.0030451094,0.0061815938
1.026,0.8475542080,0.8448782792,0.8446400000,0.8436400000,0.8585567771,0.8444548501,0.8536400000,-0.0026759287,-0.0029142080,-0.0039142080,0.0110025691,-0.0030993578,0.0060857920
1.027,0.8477897680,0.8450141844,0.8447800000,0.8437800000,0.8586849658,0.8446364035,0.8537800000,-0.0027755836,-0.0030097680,-0.0040097680,0.0108951979,-0.0031533645,0.0059902320
1.028,0.8480250862,0.8451500895,0.8449200000,0.8439200000,0.8588131545,0.8448179569,0.8539200000,-0.0028749967,-0.0031050862,-0.0041050862,0.0107880684,-0.0032071293,0.0058949138
1.029,0.8482601626,0.8452859946,0.8450600000,0.8440600000,0.8589413432,0.8449995102,0.8540600000,-0.0029741680,-0.0032001626,-0.0042001626,0.0106811807,-0.0032606523,0.0057998374
1.030,0.8484949972,0.8454218997,0.8452000000,0.8442000000,0.8590695320,0.8451810636,0.8542000000,-0.0030730975,-0.0032949972,-0.0042949972,0.0105745348,-0.0033139336,0.0057050028
1.031,0.8487295901,0.8455578049,0.8453400000,0.8443400000,0.8591977207,0.8453626170,0.8543400000,-0.0031717853,-0.0033895901,-0.0043895901,0.0104681306,-0.0033669731,0.0056104099
1.032,0.8489639412,0.8456937100,0.8454800000,0.8444800000,0.8593259094,0.8455441703,0.8544800000,-0.0032702313,-0.0034839412,-0.0044839412,0.0103619681,-0.0034197709,0.0055160588
1.033,0.8491980507,0.8458296151,0.8456200000,0.8446200000,0.8594540981,0.8457257237,0.8546200000,-0.0033684356,-0.0035780507,-0.0045780507,0.0102560474,-0.0034723270,0.0054219493
1.034,0.8494319184,0.8459655202,0.8457600000,0.8447600000,0.8595822868,0.8459072771,0.8547600000,-0.0034663982,-0.0036719184,-0.0046719184,0.0101503684,-0.0035246413,0.0053280816
1.035,0.8496655444,0.8461014253,0.8459000000,0.8449000000,0.8597104755,0.8460888304,0.8549000000,-0.0035641191,-0.0037655444,-0.0047655444,0.0100449311,-0.0035767140,0.0052344556
1.036,0.8498989287,0.8462373305,0.8460400000,0.8450400000,0.8598386642,0.8462703838,0.8550400000,-0.0036615983,-0.0038589287,-0.0048589287,0.0099397355,-0.0036285449,0.0051410713
1.037,0.8501320714,0.8463732356,0.8461800000,0.8451800000,0.8599668530,0.8464519372,0.8551800000,-0.0037588358,-0.0039520714,-0.0049520714,0.0098347815,-0.0036801343,0.0050479286
1.038,0.8503649725,0.8465091407,0.8463200000,0.8453200000,0.8600950417,0.8466334905,0.8553200000,-0.0038558318,-0.0040449725,-0.0050449725,0.0097300692,-0.0037314819,0.0049550275
1.039,0.8505976319,0.8466450458,0.8464600000,0.8454600000,0.8602232304,0.8468150439,0.8554600000,-0.0039525860,-0.0041376319,-0.0051376319,0.0096255985,-0.0037825880,0.0048623681
1.040,0.8508300497,0.8467809509,0.8466000000,0.8456000000,0.8603514191,0.8469965973,0.8556000000,-0.0040490987,-0.0042300497,-0.0052300497,0.0095213694,-0.0038334524,0.0047699503
1.041,0.8510622259,0.8469168561,0.8467400000,0.8457400000,0.8604796078,0.8471781506,0.8557400000,-0.0041453698,-0.0043222259,-0.0053222259,0.0094173819,-0.0038840753,0.0046777741
1.042,0.8512941605,0.8470527612,0.8468800000,0.8458800000,0.8606077965,0.8473597040,0.8558800000,-0.0042413993,-0.0044141605,-0.0054141605,0.0093136360,-0.0039344565,0.0045858395
1.043,0.8515258536,0.8471886663,0.8470200000,0.8460200000,0.8607359852,0.8475412574,0.8560200000,-0.0043371873,-0.0045058536,-0.0055058536,0.0092101316,-0.0039845963,0.0044941464
1.044,0.8517573052,0.8473245714,0.8471600000,0.8461600000,0.8608641740,0.8477228107,0.8561600000,-0.0044327337,-0.0045973052,-0.0055973052,0.0091068688,-0.0040344945,0.0044026948
1.045,0.8519885152,0.8474604766,0.8473000000,0.8463000000,0.8609923627,0.8479043641,0.8563000000,-0.0045280387,-0.0046885152,-0.0056885152,0.0090038474,-0.0040841511,0.0043114848
1.046,0.8522194838,0.8475963817,0.8474400000,0.8464400000,0.8611205514,0.8480859175,0.8564400000,-0.0046231021,-0.0047794838,-0.0057794838,0.0089010676,-0.0041335663,0.0042205162
1.047,0.8524502109,0.8477322868,0.8475800000,0.8465800000,0.8612487401,0.8482674708,0.8565800000,-0.0047179241,-0.0048702109,-0.0058702109,0.0087985292,-0.0041827401,0.0041297891
1.048,0.8526806966,0.8478681919,0.8477200000,0.8467200000,0.8613769288,0.8484490242,0.8567200000,-0.0048125046,-0.0049606966,-0.0059606966,0.0086962323,-0.0042316724,0.0040393034
1.049,0.8529109408,0.8480040970,0.8478600000,0.8468600000,0.8615051175,0.8486305776,0.8568600000,-0.0049068437,-0.0050509408,-0.0060509408,0.0085941767,-0.0042803632,0.0039490592
1.050,0.8531409436,0.8481400022,0.8480000000,0.8470000000,0.8616333062,0.8488121309,0.8570000000,-0.0050009415,-0.0051409436,-0.0061409436,0.0084923626,-0.0043288127,0.0038590564
1.051,0.8533707051,0.8482759073,0.8481400000,0.8471400000,0.8617614950,0.8489936843,0.8571400000,-0.0050947978,-0.0052307051,-0.0062307051,0.0083907899,-0.0043770208,0.0037692949
1.052,0.8536002252,0.8484118124,0.8482800000,0.8472800000,0.8618896837,0.8491752377,0.8572800000,-0.0051884128,-0.0053202252,-0.0063202252,0.0082894585,-0.0044249875,0.0036797748
1.053,0.8538295040,0.8485477175,0.8484200000,0.8474200000,0.8620178724,0.8493567910,0.8574200000,-0.0052817864,-0.0054095040,-0.0064095040,0.0081883684,-0.0044727129,0.0035904960
1.054,0.8540585414,0.8486836227,0.8485600000,0.8475600000,0.8621460611,0.8495383444,0.8575600000,-0.0053749188,-0.0054985414,-0.0064985414,0.0080875197,-0.0045201970,0.0035014586
1.055,0.8542873376,0.8488195278,0.8487000000,0.8477000000,0.8622742498,0.8497198978,0.8577000000,-0.0054678098,-0.0055873376,-0.0065873376,0.0079869122,-0.0045674399,0.0034126624
1.056,0.8545158926,0.8489554329,0.8488400000,0.8478400000,0.8624024385,0.8499014511,0.8578400000,-0.0055604597,-0.0056758926,-0.0066758926,0.0078865460,-0.0046144414,0.0033241074
1.057,0.8547442063,0.8490913380,0.8489800000,0.8479800000,0.8625306272,0.8500830045,0.8579800000,-0.0056528683,-0.0057642063,-0.0067642063,0.0077864210,-0.0046612018,0.0032357937
1.058,0.8549722788,0.8492272431,0.8491200000,0.8481200000,0.8626588160,0.8502645579,0.8581200000,-0.0057450357,-0.0058522788,-0.0068522788,0.0076865372,-0.0047077209,0.0031477212
1.059,0.8552001101,0.8493631483,0.8492600000,0.8482600000,0.8627870047,0.8504461112,0.8582600000,-0.0058369619,-0.0059401101,-0.0069401101,0.0075868945,-0.0047539989,0.0030598899
1.060,0.8554277003,0.8494990534,0.8494000000,0.8484000000,0.8629151934,0.8506276646,0.8584000000,-0.0059286469,-0.0060277003,-0.0070277003,0.0074874930,-0.0048000357,0.0029722997
1.061,0.8556550494,0.8496349585,0.8495400000,0.8485400000,0.8630433821,0.8508092180,0.8585400000,-0.0060200909,-0.0061150494,-0.0071150494,0.0073883327,-0.0048458314,0.0028849506
1.062,0.8558821574,0.8497708636,0.8496800000,0.8486800000,0.8631715708,0.8509907713,0.8586800000,-0.0061112938,-0.0062021574,-0.0072021574,0.0072894134,-0.0048913861,0.0027978426
1.063,0.8561090243,0.8499067688,0.8498200000,0.8488200000,0.8632997595,0.8511723247,0.8588200000,-0.0062022556,-0.0062890243,-0.0072890243,0.0071907352,-0.0049366996,0.0027109757
1.064,0.8563356502,0.8500426739,0.8499600000,0.8489600000,0.8634279482,0.8513538781,0.8589600000,-0.0062929764,-0.0063756502,-0.0073756502,0.0070922980,-0.0049817722,0.0026243498
1.065,0.8565620351,0.8501785790,0.8501000000,0.8491000000,0.8635561369,0.8515354314,0.8591000000,-0.0063834561,-0.0064620351,-0.0074620351,0.0069941018,-0.0050266037,0.0025379649
1.066,0.8567881790,0.8503144841,0.8502400000,0.8492400000,0.8636843257,0.8517169848,0.8592400000,-0.0064736949,-0.0065481790,-0.0075481790,0.0068961466,-0.0050711942,0.0024518210
1.067,0.8570140820,0.8504503892,0.8503800000,0.8493800000,0.8638125144,0.8518985382,0.8593800000,-0.0065636928,-0.0066340820,-0.0076340820,0.0067984323,-0.0051155439,0.0023659180
1.068,0.8572397441,0.8505862944,0.8505200000,0.8495200000,0.8639407031,0.8520800915,0.8595200000,-0.0066534497,-0.0067197441,-0.0077197441,0.0067009590,-0.0051596526,0.0022802559
1.069,0.8574651653,0.8507221995,0.8506600000,0.8496600000,0.8640688918,0.8522616449,0.8596600000,-0.0067429658,-0.0068051653,-0.0078051653,0.0066037265,-0.0052035204,0.0021948347
1.070,0.8576903456,0.8508581046,0.8508000000,0.8498000000,0.8641970805,0.8524431983,0.8598000000,-0.0068322410,-0.0068903456,-0.0078903456,0.0065067349,-0.0052471474,0.0021096544
1.071,0.8579152852,0.8509940097,0.8509400000,0.8499400000,0.8643252692,0.8526247516,0.8599400000,-0.0069212754,-0.0069752852,-0.0079752852,0.0064099841,-0.0052905335,0.0020247148
1.072,0.8581399839,0.8511299149,0.8510800000,0.8500800000,0.8644534579,0.8528063050,0.8600800000,-0.0070100691,-0.0070599839,-0.0080599839,0.0063134740,-0.0053336789,0.0019400161
1.073,0.8583644419,0.8512658200,0.8512200000,0.8502200000,0.8645816467,0.8529878584,0.8602200000,-0.0070986220,-0.0071444419,-0.0081444419,0.0062172047,-0.0053765836,0.0018555581
1.074,0.8585886592,0.8514017251,0.8513600000,0.8503600000,0.8647098354,0.8531694117,0.8603600000,-0.0071869341,-0.0072286592,-0.0082286592,0.0061211761,-0.0054192475,0.0017713408
1.075,0.8588126358,0.8515376302,0.8515000000,0.8505000000,0.8648380241,0.8533509651,0.8605000000,-0.0072750056,-0.0073126358,-0.0083126358,0.0060253883,-0.0054616707,0.0016873642
1.076,0.8590363718,0.8516735353,0.8516400000,0.8506400000,0.8649662128,0.8535325185,0.8606400000,-0.0073628365,-0.0073963718,-0.0083963718,0.0059298410,-0.0055038533,0.0016036282
1.077,0.8592598672,0.8518094405,0.8517800000,0.8507800000,0.8650944015,0.8537140718,0.8607800000,-0.0074504267,-0.0074798672,-0.0084798672,0.0058345344,-0.0055457953,0.0015201328
1.078,0.8594831219,0.8519453456,0.8519200000,0.8509200000,0.8652225902,0.8538956252,0.8609200000,-0.0075377763,-0.0075631219,-0.0085631219,0.0057394683,-0.0055874967,0.0014368781
1.079,0.8597061362,0.8520812507,0.8520600000,0.8510600000,0.8653507789,0.8540771786,0.8610600000,-0.0076248855,-0.0076461362,-0.0086461362,0.0056446428,-0.0056289576,0.0013538638
1.080,0.8599289099,0.8522171558,0.8522000000,0.8512000000,0.8654789677,0.8542587319,0.8612000000,-0.0077117541,-0.0077289099,-0.0087289099,0.0055500577,-0.0056701780,0.0012710901
1.081,0.8601514432,0.8523530609,0.8523400000,0.8513400000,0.8656071564,0.8544402853,0.8613400000,-0.0077983822,-0.0078114432,-0.0088114432,0.0054557132,-0.0057111579,0.0011885568
1.082,0.8603737360,0.8524889661,0.8524800000,0.8514800000,0.8657353451,0.8546218387,0.8614800000,-0.0078847700,-0.0078937360,-0.0088937360,0.0053616091,-0.0057518973,0.0011062640
1.083,0.8605957885,0.8526248712,0.8526200000,0.8516200000,0.8658635338,0.8548033920,0.8616200000,-0.0079709173,-0.0079757885,-0.0089757885,0.0052677453,-0.0057923964,0.0010242115
1.084,0.8608176006,0.8527607763,0.8527600000,0.8517600000,0.8659917225,0.8549849454,0.8617600000,-0.0080568243,-0.0080576006,-0.0090576006,0.0051741219,-0.0058326552,0.0009423994
1.085,0.8610391724,0.8528966814,0.8529000000,0.8519000000,0.8661199112,0.8551664988,0.8619000000,-0.0081424909,-0.0081391724,-0.0091391724,0.0050807389,-0.0058726736,0.0008608276
1.086,0.8612605039,0.8530325866,0.8530400000,0.8520400000,0.8662480999,0.8553480521,0.8620400000,-0.0082279173,-0.0082205039,-0.0092205039,0.0049875961,-0.0059124517,0.0007794961
1.087,0.8614815952,0.8531684917,0.8531800000,0.8521800000,0.8663762887,0.8555296055,0.8621800000,-0.0083131035,-0.0083015952,-0.0093015952,0.0048946935,-0.0059519896,0.0006984048
1.088,0.8617024462,0.8533043968,0.8533200000,0.8523200000,0.8665044774,0.8557111589,0.8623200000,-0.0083980494,-0.0083824462,-0.0093824462,0.0048020311,-0.0059912874,0.0006175538
1.089,0.8619230572,0.8534403019,0.8534600000,0.8524600000,0.8666326661,0.8558927122,0.8624600000,-0.0084827552,-0.0084630572,-0.0094630572,0.0047096089,-0.0060303449,0.0005369428
1.090,0.8621434280,0.8535762070,0.8536000000,0.8526000000,0.8667608548,0.8560742656,0.8626000000,-0.0085672209,-0.0085434280,-0.0095434280,0.0046174268,-0.0060691624,0.0004565720
1.091,0.8623635587,0.8537121122,0.8537400000,0.8527400000,0.8668890435,0.8562558190,0.8627400000,-0.0086514465,-0.0086235587,-0.0096235587,0.0045254848,-0.0061077397,0.0003764413
1.092,0.8625834494,0.8538480173,0.8538800000,0.8528800000,0.8670172322,0.8564373723,0.8628800000,-0.0087354321,-0.0087034494,-0.0097034494,0.0044337828,-0.0061460771,0.0002965506
1.093,0.8628031001,0.8539839224,0.8540200000,0.8530200000,0.8671454209,0.8566189257,0.8630200000,-0.0088191777,-0.0087831001,-0.0097831001,0.0043423208,-0.0061841744,0.0002168999
1.094,0.8630225109,0.8541198275,0.8541600000,0.8531600000,0.8672736096,0.8568004791,0.8631600000,-0.0089026834,-0.0088625109,-0.0098625109,0.0042510988,-0.0062220318,0.0001374891
1.095,0.8632416818,0.8542557327,0.8543000000,0.8533000000,0.8674017984,0.8569820324,0.8633000000,-0.0089859491,-0.0089416818,-0.0099416818,0.0041601166,-0.0062596493,0.0000583182
1.096,0.8634606128,0.8543916378,0.8544400000,0.8534400000,0.8675299871,0.8571635858,0.8634400000,-0.0090689750,-0.0090206128,-0.0100206128,0.0040693743,-0.0062970269,-0.0000206128
1.097,0.8636793039,0.8545275429,0.8545800000,0.8535800000,0.8676581758,0.8573451392,0.8635800000,-0.0091517610,-0.0090993039,-0.0100993039,0.0039788718,-0.0063341648,-0.0000993039
1.098,0.8638977554,0.8546634480,0.8547200000,0.8537200000,0.8677863645,0.8575266926,0.8637200000,-0.0092343073,-0.0091777554,-0.0101777554,0.0038886091,-0.0063710628,-0.0001777554
1.099,0.8641159671,0.8547993531,0.8548600000,0.8538600000,0.8679145532,0.8577082459,0.8638600000,-0.0093166139,-0.0092559671,-0.0102559671,0.0037985862,-0.0064077211,-0.0002559671
1.100,0.8643339391,0.8549352583,0.8550000000,0.8540000000,0.8680427419,0.8578897993,0.8640000000,-0.0093986808,-0.0093339391,-0.0103339391,0.0037088029,-0.0064441398,-0.0003339391
1.101,0.8645516714,0.8550711634,0.8551400000,0.8541400000,0.8681709306,0.8580713527,0.8641400000,-0.0094805080,-0.0094116714,-0.0104116714,0.0036192592,-0.0064803188,-0.0004116714
1.102,0.8647691642,0.8552070685,0.8552800000,0.8542800000,0.8682991194,0.8582529060,0.8642800000,-0.0095620957,-0.0094891642,-0.0104891642,0.0035299552,-0.0065162582,-0.0004891642
1.103,0.8649864174,0.8553429736,0.8554200000,0.8544200000,0.8684273081,0.8584344594,0.8644200000,-0.0096434438,-0.0095664174,-0.0105664174,0.0034408907,-0.0065519580,-0.0005664174
1.104,0.8652034312,0.8554788788,0.8555600000,0.8545600000,0.8685554968,0.8586160128,0.8645600000,-0.0097245524,-0.0096434312,-0.0106434312,0.0033520656,-0.0065874184,-0.0006434312
1.105,0.8654202054,0.8556147839,0.8557000000,0.8547000000,0.8686836855,0.8587975661,0.8647000000,-0.0098054216,-0.0097202054,-0.0107202054,0.0032634801,-0.0066226393,-0.0007202054
1.106,0.8656367403,0.8557506890,0.8558400000,0.8548400000,0.8688118742,0.8589791195,0.8648400000,-0.0098860513,-0.0097967403,-0.0107967403,0.0031751339,-0.0066576208,-0.0007967403
1.107,0.8658530358,0.8558865941,0.8559800000,0.8549800000,0.8689400629,0.8591606729,0.8649800000,-0.0099664417,-0.0098730358,-0.0108730358,0.0030870271,-0.0066923630,-0.0008730358
1.108,0.8660690921,0.8560224992,0.8561200000,0.8551200000,0.8690682516,0.8593422262,0.8651200000,-0.0100465928,-0.0099490921,-0.0109490921,0.0029991596,-0.0067268658,-0.0009490921
1.109,0.8662849090,0.8561584044,0.8562600000,0.8552600000,0.8691964404,0.8595237796,0.8652600000,-0.0101265046,-0.0100249090,-0.0110249090,0.0029115313,-0.0067611294,-0.0010249090
1.110,0.8665004868,0.8562943095,0.8564000000,0.8554000000,0.8693246291,0.8597053330,0.8654000000,-0.0102061773,-0.0101004868,-0.0111004868,0.0028241423,-0.0067951538,-0.0011004868
1.111,0.8667158253,0.8564302146,0.8565400000,0.8555400000,0.8694528178,0.8598868863,0.8655400000,-0.0102856107,-0.0101758253,-0.0111758253,0.0027369924,-0.0068289390,-0.0011758253
1.112,0.8669309248,0.8565661197,0.8566800000,0.8556800000,0.8695810065,0.8600684397,0.8656800000,-0.0103648051,-0.0102509248,-0.0112509248,0.0026500817,-0.0068624851,-0.0012509248
1.113,0.8671457853,0.8567020249,0.8568200000,0.8558200000,0.8697091952,0.8602499931,0.8658200000,-0.0104437604,-0.0103257853,-0.0113257853,0.0025634100,-0.0068957922,-0.0013257853
1.114,0.8673604067,0.8568379300,0.8569600000,0.8559600000,0.8698373839,0.8604315464,0.8659600000,-0.0105224767,-0.0104004067,-0.0114004067,0.0024769773,-0.0069288603,-0.0014004067
1.115,0.8675747891,0.8569738351,0.8571000000,0.8561000000,0.8699655726,0.8606130998,0.8661000000,-0.0106009540,-0.0104747891,-0.0114747891,0.0023907835,-0.0069616893,-0.0014747891
1.116,0.8677889327,0.8571097402,0.8572400000,0.8562400000,0.8700937614,0.8607946532,0.8662400000,-0.0106791925,-0.0105489327,-0.0115489327,0.0023048287,-0.0069942795,-0.0015489327
1.117,0.8680028374,0.8572456453,0.8573800000,0.8563800000,0.8702219501,0.8609762065,0.8663800000,-0.0107571921,-0.0106228374,-0.0116228374,0.0022191127,-0.0070266309,-0.0016228374
1.118,0.8682165033,0.8573815505,0.8575200000,0.8565200000,0.8703501388,0.8611577599,0.8665200000,-0.0108349529,-0.0106965033,-0.0116965033,0.0021336355,-0.0070587434,-0.0016965033
1.119,0.8684299305,0.8575174556,0.8576600000,0.8566600000,0.8704783275,0.8613393133,0.8666600000,-0.0109124749,-0.0107699305,-0.0117699305,0.0020483970,-0.0070906172,-0.0017699305
1.120,0.8686431190,0.8576533607,0.8578000000,0.8568000000,0.8706065162,0.8615208666,0.8668000000,-0.0109897583,-0.0108431190,-0.0118431190,0.0019633973,-0.0071222523,-0.0018431190
1.121,0.8688560688,0.8577892658,0.8579400000,0.8569400000,0.8707347049,0.8617024200,0.8669400000,-0.0110668030,-0.0109160688,-0.0119160688,0.0018786361,-0.0071536488,-0.0019160688
1.122,0.8690687800,0.8579251710,0.8580800000,0.8570800000,0.8708628936,0.8618839734,0.8670800000,-0.0111436091,-0.0109887800,-0.0119887800,0.0017941136,-0.0071848067,-0.0019887800
1.123,0.8692812528,0.8580610761,0.8582200000,0.8572200000,0.8709910824,0.8620655267,0.8672200000,-0.0112201767,-0.0110612528,-0.0120612528,0.0017098296,-0.0072157260,-0.0020612528
1.124,0.8694934870,0.8581969812,0.8583600000,0.8573600000,0.8711192711,0.8622470801,0.8673600000,-0.0112965058,-0.0111334870,-0.0121334870,0.0016257840,-0.0072464069,-0.0021334870
1.125,0.8697054829,0.8583328863,0.8585000000,0.8575000000,0.8712474598,0.8624286335,0.8675000000,-0.0113725965,-0.0112054829,-0.0122054829,0.0015419769,-0.0072768494,-0.0022054829
1.126,0.8699172403,0.8584687914,0.8586400000,0.8576400000,0.8713756485,0.8626101868,0.8676400000,-0.0114484489,-0.0112772403,-0.0122772403,0.0014584082,-0.0073070535,-0.0022772403
1.127,0.8701287595,0.8586046966,0.8587800000,0.8577800000,0.8715038372,0.8627917402,0.8677800000,-0.0115240629,-0.0113487595,-0.0123487595,0.0013750777,-0.0073370193,-0.0023487595
1.128,0.8703400404,0.8587406017,0.8589200000,0.8579200000,0.8716320259,0.8629732936,0.8679200000,-0.0115994387,-0.0114200404,-0.0124200404,0.0012919855,-0.0073667469,-0.0024200404
1.129,0.8705510832,0.8588765068,0.8590600000,0.8580600000,0.8717602146,0.8631548469,0.8680600000,-0.0116745764,-0.0114910832,-0.0124910832,0.0012091315,-0.0073962362,-0.0024910832
1.130,0.8707618878,0.8590124119,0.8592000000,0.8582000000,0.8718884033,0.8633364003,0.8682000000,-0.0117494758,-0.0115618878,-0.0125618878,0.0011265156,-0.0074254875,-0.0025618878
1.131,0.8709724543,0.8591483170,0.8593400000,0.8583400000,0.8720165921,0.8635179537,0.8683400000,-0.0118241372,-0.0116324543,-0.0126324543,0.0010441378,-0.0074545006,-0.0026324543
1.132,0.8711827828,0.8592842222,0.8594800000,0.8584800000,0.8721447808,0.8636995070,0.8684800000,-0.0118985606,-0.0117027828,-0.0127027828,0.0009619980,-0.0074832758,-0.0027027828
1.133,0.8713928733,0.8594201273,0.8596200000,0.8586200000,0.8722729695,0.8638810604,0.8686200000,-0.0119727461,-0.0117728733,-0.0127728733,0.0008800961,-0.0075118129,-0.0027728733
1.134,0.8716027260,0.8595560324,0.8597600000,0.8587600000,0.8724011582,0.8640626138,0.8687600000,-0.0120466936,-0.0118427260,-0.0128427260,0.0007984322,-0.0075401122,-0.0028427260
1.135,0.8718123408,0.8596919375,0.8599000000,0.8589000000,0.8725293469,0.8642441671,0.8689000000,-0.0121204033,-0.0119123408,-0.0129123408,0.0007170061,-0.0075681737,-0.0029123408
1.136,0.8720217178,0.8598278427,0.8600400000,0.8590400000,0.8726575356,0.8644257205,0.8690400000,-0.0121938752,-0.0119817178,-0.0129817178,0.0006358178,-0.0075959974,-0.0029817178
1.137,0.8722308572,0.8599637478,0.8601800000,0.8591800000,0.8727857243,0.8646072739,0.8691800000,-0.0122671094,-0.0120508572,-0.0130508572,0.0005548672,-0.0076235833,-0.0030508572
1.138,0.8724397588,0.8600996529,0.8603200000,0.8593200000,0.8729139131,0.8647888272,0.8693200000,-0.0123401059,-0.0121197588,-0.0131197588,0.0004741542,-0.0076509316,-0.0031197588
1.139,0.8726484229,0.8602355580,0.8604600000,0.8594600000,0.8730421018,0.8649703806,0.8694600000,-0.0124128649,-0.0121884229,-0.0131884229,0.0003936789,-0.0076780423,-0.0031884229
1.140,0.8728568494,0.8603714631,0.8606000000,0.8596000000,0.8731702905,0.8651519340,0.8696000000,-0.0124853863,-0.0122568494,-0.0132568494,0.0003134410,-0.0077049155,-0.0032568494
1.141,0.8730650385,0.8605073683,0.8607400000,0.8597400000,0.8732984792,0.8653334873,0.8697400000,-0.0125576702,-0.0123250385,-0.0133250385,0.0002334407,-0.0077315512,-0.0033250385
1.142,0.8732729902,0.8606432734,0.8608800000,0.8598800000,0.8734266679,0.8655150407,0.8698800000,-0.0126297168,-0.0123929902,-0.0133929902,0.0001536778,-0.0077579495,-0.0033929902
1.143,0.8734807045,0.8607791785,0.8610200000,0.8600200000,0.8735548566,0.8656965941,0.8700200000,-0.0127015260,-0.0124607045,-0.0134607045,0.0000741522,-0.0077841104,-0.0034607045
1.144,0.8736881815,0.8609150836,0.8611600000,0.8601600000,0.8736830453,0.8658781474,0.8701600000,-0.0127730979,-0.0125281815,-0.0135281815,-0.0000051362,-0.0078100341,-0.0035281815
1.145,0.8738954213,0.8610509888,0.8613000000,0.8603000000,0.8738112341,0.8660597008,0.8703000000,-0.0128444326,-0.0125954213,-0.0135954213,-0.0000841873,-0.0078357205,-0.0035954213
1.146,0.8741024240,0.8611868939,0.8614400000,0.8604400000,0.8739394228,0.8662412542,0.8704400000,-0.0129155301,-0.0126624240,-0.0136624240,-0.0001630012,-0.0078611698,-0.0036624240
1.147,0.8743091895,0.8613227990,0.8615800000,0.8605800000,0.8740676115,0.8664228075,0.8705800000,-0.0129863905,-0.0127291895,-0.0137291895,-0.0002415781,-0.0078863820,-0.0037291895
1.148,0.8745157181,0.8614587041,0.8617200000,0.8607200000,0.8741958002,0.8666043609,0.8707200000,-0.0130570140,-0.0127957181,-0.0137957181,-0.0003199179,-0.0079113572,-0.0037957181
1.149,0.8747220097,0.8615946092,0.8618600000,0.8608600000,0.8743239889,0.8667859143,0.8708600000,-0.0131274004,-0.0128620097,-0.0138620097,-0.0003980208,-0.0079360954,-0.0038620097
1.150,0.8749280644,0.8617305144,0.8620000000,0.8610000000,0.8744521776,0.8669674676,0.8710000000,-0.0131975500,-0.0129280644,-0.0139280644,-0.0004758867,-0.0079605967,-0.0039280644
1.151,0.8751338822,0.8618664195,0.8621400000,0.8611400000,0.8745803663,0.8671490210,0.8711400000,-0.0132674627,-0.0129938822,-0.0139938822,-0.0005535159,-0.0079848612,-0.0039938822
1.152,0.8753394633,0.8620023246,0.8622800000,0.8612800000,0.8747085551,0.8673305744,0.8712800000,-0.0133371387,-0.0130594633,-0.0140594633,-0.0006309083,-0.0080088890,-0.0040594633
1.153,0.8755448077,0.8621382297,0.8624200000,0.8614200000,0.8748367438,0.8675121277,0.8714200000,-0.0134065780,-0.0131248077,-0.0141248077,-0.0007080640,-0.0080326800,-0.0041248077
1.154,0.8757499155,0.8622741349,0.8625600000,0.8615600000,0.8749649325,0.8676936811,0.8715600000,-0.0134757807,-0.0131899155,-0.0141899155,-0.0007849831,-0.0080562344,-0.0041899155
1.155,0.8759547868,0.8624100400,0.8627000000,0.8617000000,0.8750931212,0.8678752345,0.8717000000,-0.0135447468,-0.0132547868,-0.0142547868,-0.0008616656,-0.0080795523,-0.0042547868
1.156,0.8761594215,0.8625459451,0.8628400000,0.8618400000,0.8752213099,0.8680567878,0.8718400000,-0.0136134764,-0.0133194215,-0.0143194215,-0.0009381116,-0.0081026337,-0.0043194215
1.157,0.8763638198,0.8626818502,0.8629800000,0.8619800000,0.8753494986,0.8682383412,0.8719800000,-0.0136819696,-0.0133838198,-0.0143838198,-0.0010143212,-0.0081254786,-0.0043838198
1.158,0.8765679818,0.8628177553,0.8631200000,0.8621200000,0.8754776873,0.8684198946,0.8721200000,-0.0137502265,-0.0134479818,-0.0144479818,-0.0010902945,-0.0081480872,-0.0044479818
1.159,0.8767719075,0.8629536605,0.8632600000,0.8622600000,0.8756058761,0.8686014479,0.8722600000,-0.0138182470,-0.0135119075,-0.0145119075,-0.0011660314,-0.0081704595,-0.0045119075
1.160,0.8769755969,0.8630895656,0.8634000000,0.8624000000,0.8757340648,0.8687830013,0.8724000000,-0.0138860314,-0.0135755969,-0.0145755969,-0.0012415322,-0.0081925956,-0.0045755969
1.161,0.8771790503,0.8632254707,0.8635400000,0.8625400000,0.8758622535,0.8689645547,0.8725400000,-0.0139535796,-0.0136390503,-0.0146390503,-0.0013167968,-0.0082144956,-0.0046390503
1.162,0.8773822675,0.8633613758,0.8636800000,0.8626800000,0.8759904422,0.8691461080,0.8726800000,-0.0140208917,-0.0137022675,-0.0147022675,-0.0013918253,-0.0082361595,-0.0047022675
1.163,0.8775852488,0.8634972810,0.8638200000,0.8628200000,0.8761186309,0.8693276614,0.8728200000,-0.0140879678,-0.0137652488,-0.0147652488,-0.0014666179,-0.0082575874,-0.0047652488
1.164,0.8777879941,0.8636331861,0.8639600000,0.8629600000,0.8762468196,0.8695092148,0.8729600000,-0.0141548080,-0.0138279941,-0.0148279941,-0.0015411745,-0.0082787793,-0.0048279941
1.165,0.8779905036,0.8637690912,0.8641000000,0.8631000000,0.8763750083,0.8696907681,0.8731000000,-0.0142214124,-0.0138905036,-0.0148905036,-0.0016154952,-0.0082997354,-0.0048905036
1.166,0.8781927773,0.8639049963,0.8642400000,0.8632400000,0.8765031970,0.8698723215,0.8732400000,-0.0142877809,-0.0139527773,-0.0149527773,-0.0016895802,-0.0083204558,-0.0049527773
1.167,0.8783948152,0.8640409014,0.8643800000,0.8633800000,0.8766313858,0.8700538749,0.8733800000,-0.0143539138,-0.0140148152,-0.0150148152,-0.0017634295,-0.0083409404,-0.0050148152
1.168,0.8785966176,0.8641768066,0.8645200000,0.8635200000,0.8767595745,0.8702354282,0.8735200000,-0.0144198110,-0.0140766176,-0.0150766176,-0.0018370431,-0.0083611893,-0.0050766176
1.169,0.8787981843,0.8643127117,0.8646600000,0.8636600000,0.8768877632,0.8704169816,0.8736600000,-0.0144854726,-0.0141381843,-0.0151381843,-0.0019104211,-0.0083812027,-0.0051381843
1.170,0.8789995156,0.8644486168,0.8648000000,0.8638000000,0.8770159519,0.8705985350,0.8738000000,-0.0145508988,-0.0141995156,-0.0151995156,-0.0019835637,-0.0084009806,-0.0051995156
1.171,0.8792006114,0.8645845219,0.8649400000,0.8639400000,0.8771441406,0.8707800883,0.8739400000,-0.0146160895,-0.0142606114,-0.0152606114,-0.0020564708,-0.0084205231,-0.0052606114
1.172,0.8794014719,0.8647204270,0.8650800000,0.8640800000,0.8772723293,0.8709616417,0.8740800000,-0.0146810449,-0.0143214719,-0.0153214719,-0.0021291426,-0.0084398302,-0.0053214719
1.173,0.8796020972,0.8648563322,0.8652200000,0.8642200000,0.8774005180,0.8711431951,0.8742200000,-0.0147457650,-0.0143820972,-0.0153820972,-0.0022015791,-0.0084589021,-0.0053820972
1.174,0.8798024872,0.8649922373,0.8653600000,0.8643600000,0.8775287068,0.8713247484,0.8743600000,-0.0148102499,-0.0144424872,-0.0154424872,-0.0022737804,-0.0084777387,-0.0054424872
1.175,0.8800026421,0.8651281424,0.8655000000,0.8645000000,0.8776568955,0.8715063018,0.8745000000,-0.0148744997,-0.0145026421,-0.0155026421,-0.0023457466,-0.0084963403,-0.0055026421
1.176,0.8802025620,0.8652640475,0.8656400000,0.8646400000,0.8777850842,0.8716878552,0.8746400000,-0.0149385144,-0.0145625620,-0.0155625620,-0.0024174778,-0.0085147068,-0.0055625620
1.177,0.8804022469,0.8653999527,0.8657800000,0.8647800000,0.8779132729,0.8718694085,0.8747800000,-0.0150022942,-0.0146222469,-0.0156222469,-0.0024889740,-0.0085328383,-0.0056222469
1.178,0.8806016969,0.8655358578,0.8659200000,0.8649200000,0.8780414616,0.8720509619,0.8749200000,-0.0150658391,-0.0146816969,-0.0156816969,-0.0025602353,-0.0085507350,-0.0056816969
1.179,0.8808009121,0.8656717629,0.8660600000,0.8650600000,0.8781696503,0.8722325153,0.8750600000,-0.0151291492,-0.0147409121,-0.0157409121,-0.0026312618,-0.0085683968,-0.0057409121
1.180,0.8809998925,0.8658076680,0.8662000000,0.8652000000,0.8782978390,0.8724140686,0.8752000000,-0.0151922245,-0.0147998925,-0.0157998925,-0.0027020535,-0.0085858239,-0.0057998925
1.181,0.8811986383,0.8659435731,0.8663400000,0.8653400000,0.8784260278,0.8725956220,0.8753400000,-0.0152550652,-0.0148586383,-0.0158586383,-0.0027726106,-0.0086030163,-0.0058586383
1.182,0.8813971496,0.8660794783,0.8664800000,0.8654800000,0.8785542165,0.8727771754,0.8754800000,-0.0153176713,-0.0149171496,-0.0159171496,-0.0028429331,-0.0086199742,-0.0059171496
1.183,0.8815954263,0.8662153834,0.8666200000,0.8656200000,0.8786824052,0.8729587287,0.8756200000,-0.0153800429,-0.0149754263,-0.0159754263,-0.0029130211,-0.0086366975,-0.0059754263
1.184,0.8817934686,0.8663512885,0.8667600000,0.8657600000,0.8788105939,0.8731402821,0.8757600000,-0.0154421801,-0.0150334686,-0.0160334686,-0.0029828747,-0.0086531865,-0.0060334686
1.185,0.8819912765,0.8664871936,0.8669000000,0.8659000000,0.8789387826,0.8733218355,0.8759000000,-0.0155040829,-0.0150912765,-0.0160912765,-0.0030524939,-0.0086694411,-0.0060912765
1.186,0.8821888502,0.8666230988,0.8670400000,0.8660400000,0.8790669713,0.8735033888,0.8760400000,-0.0155657515,-0.0151488502,-0.0161488502,-0.0031218789,-0.0086854614,-0.0061488502
1.187,0.8823861897,0.8667590039,0.8671800000,0.8661800000,0.8791951600,0.8736849422,0.8761800000,-0.0156271859,-0.0152061897,-0.0162061897,-0.0031910297,-0.0087012475,-0.0062061897
1.188,0.8825832952,0.8668949090,0.8673200000,0.8663200000,0.8793233488,0.8738664956,0.8763200000,-0.0156883862,-0.0152632952,-0.0162632952,-0.0032599464,-0.0087167996,-0.0062632952
1.189,0.8827801665,0.8670308141,0.8674600000,0.8664600000,0.8794515375,0.8740480489,0.8764600000,-0.0157493524,-0.0153201665,-0.0163201665,-0.0033286291,-0.0087321176,-0.0063201665
1.190,0.8829768040,0.8671667192,0.8676000000,0.8666000000,0.8795797262,0.8742296023,0.8766000000,-0.0158100847,-0.0153768040,-0.0163768040,-0.0033970778,-0.0087472017,-0.0063768040
1.191,0.8831732076,0.8673026244,0.8677400000,0.8667400000,0.8797079149,0.8744111557,0.8767400000,-0.0158705832,-0.0154332076,-0.0164332076,-0.0034652927,-0.0087620519,-0.0064332076
1.192,0.8833693774,0.8674385295,0.8678800000,0.8668800000,0.8798361036,0.8745927090,0.8768800000,-0.0159308479,-0.0154893774,-0.0164893774,-0.0035332738,-0.0087766683,-0.0064893774
1.193,0.8835653135,0.8675744346,0.8680200000,0.8670200000,0.8799642923,0.8747742624,0.8770200000,-0.0159908789,-0.0155453135,-0.0165453135,-0.0036010212,-0.0087910511,-0.0065453135
1.194,0.8837610160,0.8677103397,0.8681600000,0.8671600000,0.8800924810,0.8749558158,0.8771600000,-0.0160506762,-0.0156010160,-0.0166010160,-0.0036685349,-0.0088052002,-0.0066010160
1.195,0.8839564849,0.8678462449,0.8683000000,0.8673000000,0.8802206697,0.8751373692,0.8773000000,-0.0161102401,-0.0156564849,-0.0166564849,-0.0037358152,-0.0088191158,-0.0066564849
1.196,0.8841517205,0.8679821500,0.8684400000,0.8674400000,0.8803488585,0.8753189225,0.8774400000,-0.0161695705,-0.0157117205,-0.0167117205,-0.0038028620,-0.0088327979,-0.0067117205
1.197,0.8843467226,0.8681180551,0.8685800000,0.8675800000,0.8804770472,0.8755004759,0.8775800000,-0.0162286675,-0.0157667226,-0.0167667226,-0.0038696754,-0.0088462467,-0.0067667226
1.198,0.8845414915,0.8682539602,0.8687200000,0.8677200000,0.8806052359,0.8756820293,0.8777200000,-0.0162875313,-0.0158214915,-0.0168214915,-0.0039362556,-0.0088594623,-0.0068214915
1.199,0.8847360272,0.8683898653,0.8688600000,0.8678600000,0.8807334246,0.8758635826,0.8778600000,-0.0163461619,-0.0158760272,-0.0168760272,-0.0040026026,-0.0088724446,-0.0068760272
1.200,0.8849303298,0.8685257705,0.8690000000,0.8680000000,0.8808616133,0.8760451360,0.8780000000,-0.0164045593,-0.0159303298,-0.0169303298,-0.0040687165,-0.0088851938,-0.0069303298
1.201,0.8851243993,0.8686616756,0.8691400000,0.8681400000,0.8809898020,0.8762266894,0.8781400000,-0.0164627237,-0.0159843993,-0.0169843993,-0.0041345973,-0.0088977100,-0.0069843993
1.202,0.8853182360,0.8687975807,0.8692800000,0.8682800000,0.8811179907,0.8764082427,0.8782800000,-0.0165206552,-0.0160382360,-0.0170382360,-0.0042002452,-0.0089099932,-0.0070382360
1.203,0.8855118397,0.8689334858,0.8694200000,0.8684200000,0.8812461795,0.8765897961,0.8784200000,-0.0165783539,-0.0160918397,-0.0170918397,-0.0042656603,-0.0089220436,-0.0070918397
1.204,0.8857052107,0.8690693910,0.8695600000,0.8685600000,0.8813743682,0.8767713495,0.8785600000,-0.0166358198,-0.0161452107,-0.0171452107,-0.0043308426,-0.0089338613,-0.0071452107
1.205,0.8858983491,0.8692052961,0.8697000000,0.8687000000,0.8815025569,0.8769529028,0.8787000000,-0.0166930530,-0.0161983491,-0.0171983491,-0.0043957922,-0.0089454462,-0.0071983491
1.206,0.8860912548,0.8693412012,0.8698400000,0.8688400000,0.8816307456,0.8771344562,0.8788400000,-0.0167500536,-0.0162512548,-0.0172512548,-0.0044605092,-0.0089567986,-0.0072512548
1.207,0.8862839280,0.8694771063,0.8699800000,0.8689800000,0.8817589343,0.8773160096,0.8789800000,-0.0168068217,-0.0163039280,-0.0173039280,-0.0045249937,-0.0089679185,-0.0073039280
1.208,0.8864763688,0.8696130114,0.8701200000,0.8691200000,0.8818871230,0.8774975629,0.8791200000,-0.0168633574,-0.0163563688,-0.0173563688,-0.0045892458,-0.0089788059,-0.0073563688
1.209,0.8866685773,0.8697489166,0.8702600000,0.8692600000,0.8820153117,0.8776791163,0.8792600000,-0.0169196607,-0.0164085773,-0.0174085773,-0.0046532656,-0.0089894610,-0.0074085773
1.210,0.8868605536,0.8698848217,0.8704000000,0.8694000000,0.8821435005,0.8778606697,0.8794000000,-0.0169757319,-0.0164605536,-0.0174605536,-0.0047170531,-0.0089998839,-0.0074605536
1.211,0.8870522977,0.8700207268,0.8705400000,0.8695400000,0.8822716892,0.8780422230,0.8795400000,-0.0170315708,-0.0165122977,-0.0175122977,-0.0047806085,-0.0090100746,-0.0075122977
1.212,0.8872438097,0.8701566319,0.8706800000,0.8696800000,0.8823998779,0.8782237764,0.8796800000,-0.0170871778,-0.0165638097,-0.0175638097,-0.0048439318,-0.0090200333,-0.0075638097
1.213,0.8874350897,0.8702925371,0.8708200000,0.8698200000,0.8825280666,0.8784053298,0.8798200000,-0.0171425527,-0.0166150897,-0.0176150897,-0.0049070231,-0.0090297600,-0.0076150897
1.214,0.8876261379,0.8704284422,0.8709600000,0.8699600000,0.8826562553,0.8785868831,0.8799600000,-0.0171976957,-0.0166661379,-0.0176661379,-0.0049698826,-0.0090392548,-0.0076661379
1.215,0.8878169543,0.8705643473,0.8711000000,0.8701000000,0.8827844440,0.8787684365,0.8801000000,-0.0172526070,-0.0167169543,-0.0177169543,-0.0050325103,-0.0090485178,-0.0077169543
1.216,0.8880075390,0.8707002524,0.8712400000,0.8702400000,0.8829126327,0.8789499899,0.8802400000,-0.0173072866,-0.0167675390,-0.0177675390,-0.0050949063,-0.0090575491,-0.0077675390
1.217,0.8881978921,0.8708361575,0.8713800000,0.8703800000,0.8830408215,0.8791315432,0.8803800000,-0.0173617345,-0.0168178921,-0.0178178921,-0.0051570706,-0.0090663488,-0.0078178921
1.218,0.8883880136,0.8709720627,0.8715200000,0.8705200000,0.8831690102,0.8793130966,0.8805200000,-0.0174159510,-0.0168680136,-0.0178680136,-0.0052190035,-0.0090749170,-0.0078680136
1.219,0.8885779038,0.8711079678,0.8716600000,0.8706600000,0.8832971989,0.8794946500,0.8806600000,-0.0174699360,-0.0169179038,-0.0179179038,-0.0052807049,-0.0090832538,-0.0079179038
1.220,0.8887675626,0.8712438729,0.8718000000,0.8708000000,0.8834253876,0.8796762033,0.8808000000,-0.0175236896,-0.0169675626,-0.0179675626,-0.0053421750,-0.0090913592,-0.0079675626
1.221,0.8889569901,0.8713797780,0.8719400000,0.8709400000,0.8835535763,0.8798577567,0.8809400000,-0.0175772121,-0.0170169901,-0.0180169901,-0.0054034138,-0.0090992334,-0.0080169901
1.222,0.8891461865,0.8715156831,0.8720800000,0.8710800000,0.8836817650,0.8800393101,0.8810800000,-0.0176305034,-0.0170661865,-0.0180661865,-0.0054644215,-0.0091068764,-0.0080661865
1.223,0.8893351519,0.8716515883,0.8722200000,0.8712200000,0.8838099537,0.8802208634,0.8812200000,-0.0176835636,-0.0171151519,-0.0181151519,-0.0055251981,-0.0091142884,-0.0081151519
1.224,0.8895238862,0.8717874934,0.8723600000,0.8713600000,0.8839381425,0.8804024168,0.8813600000,-0.0177363928,-0.0171638862,-0.0181638862,-0.0055857438,-0.0091214694,-0.0081638862
1.225,0.8897123897,0.8719233985,0.8725000000,0.8715000000,0.8840663312,0.8805839702,0.8815000000,-0.0177889912,-0.0172123897,-0.0182123897,-0.0056460586,-0.0091284196,-0.0082123897
1.226,0.8899006625,0.8720593036,0.8726400000,0.8716400000,0.8841945199,0.8807655235,0.8816400000,-0.0178413588,-0.0172606625,-0.0182606625,-0.0057061426,-0.0091351390,-0.0082606625
1.227,0.8900887045,0.8721952088,0.8727800000,0.8717800000,0.8843227086,0.8809470769,0.8817800000,-0.0178934958,-0.0173087045,-0.0183087045,-0.0057659959,-0.0091416276,-0.0083087045
1.228,0.8902765160,0.8723311139,0.8729200000,0.8719200000,0.8844508973,0.8811286303,0.8819200000,-0.0179454021,-0.0173565160,-0.0183565160,-0.0058256187,-0.0091478857,-0.0083565160
1.229,0.8904640970,0.8724670190,0.8730600000,0.8720600000,0.8845790860,0.8813101836,0.8820600000,-0.0179970780,-0.0174040970,-0.0184040970,-0.0058850110,-0.0091539134,-0.0084040970
1.230,0.8906514476,0.8726029241,0.8732000000,0.8722000000,0.8847072747,0.8814917370,0.8822000000,-0.0180485234,-0.0174514476,-0.0184514476,-0.0059441728,-0.0091597106,-0.0084514476
1.231,0.8908385679,0.8727388292,0.8733400000,0.8723400000,0.8848354634,0.8816732904,0.8823400000,-0.0180997386,-0.0174985679,-0.0184985679,-0.0060031044,-0.0091652775,-0.0084985679
1.232,0.8910254579,0.8728747344,0.8734800000,0.8724800000,0.8849636522,0.8818548437,0.8824800000,-0.0181507236,-0.0175454579,-0.0185454579,-0.0060618058,-0.0091706142,-0.0085454579
1.233,0.8912121179,0.8730106395,0.8736200000,0.8726200000,0.8850918409,0.8820363971,0.8826200000,-0.0182014784,-0.0175921179,-0.0185921179,-0.0061202770,-0.0091757208,-0.0085921179
1.234,0.8913985479,0.8731465446,0.8737600000,0.8727600000,0.8852200296,0.8822179505,0.8827600000,-0.0182520033,-0.0176385479,-0.0186385479,-0.0061785183,-0.0091805974,-0.0086385479
1.235,0.8915847479,0.8732824497,0.8739000000,0.8729000000,0.8853482183,0.8823995038,0.8829000000,-0.0183022982,-0.0176847479,-0.0186847479,-0.0062365296,-0.0091852441,-0.0086847479
1.236,0.8917707182,0.8734183549,0.8740400000,0.8730400000,0.8854764070,0.8825810572,0.8830400000,-0.0183523633,-0.0177307182,-0.0187307182,-0.0062943111,-0.0091896610,-0.0087307182
1.237,0.8919564587,0.8735542600,0.8741800000,0.8731800000,0.8856045957,0.8827626106,0.8831800000,-0.0184021987,-0.0177764587,-0.0187764587,-0.0063518630,-0.0091938481,-0.0087764587
1.238,0.8921419696,0.8736901651,0.8743200000,0.8733200000,0.8857327844,0.8829441639,0.8833200000,-0.0184518045,-0.0178219696,-0.0188219696,-0.0064091851,-0.0091978057,-0.0088219696
1.239,0.8923272510,0.8738260702,0.8744600000,0.8734600000,0.8858609732,0.8831257173,0.8834600000,-0.0185011807,-0.0178672510,-0.0188672510,-0.0064662778,-0.0092015337,-0.0088672510
1.240,0.8925123029,0.8739619753,0.8746000000,0.8736000000,0.8859891619,0.8833072707,0.8836000000,-0.0185503276,-0.0179123029,-0.0189123029,-0.0065231411,-0.0092050323,-0.0089123029
1.241,0.8926971256,0.8740978805,0.8747400000,0.8737400000,0.8861173506,0.8834888240,0.8837400000,-0.0185992451,-0.0179571256,-0.0189571256,-0.0065797750,-0.0092083015,-0.0089571256
1.242,0.8928817190,0.8742337856,0.8748800000,0.8738800000,0.8862455393,0.8836703774,0.8838800000,-0.0186479334,-0.0180017190,-0.0190017190,-0.0066361797,-0.0092113416,-0.0090017190
1.243,0.8930660833,0.8743696907,0.8750200000,0.8740200000,0.8863737280,0.8838519308,0.8840200000,-0.0186963926,-0.0180460833,-0.0190460833,-0.0066923553,-0.0092141525,-0.0090460833
1.244,0.8932502185,0.8745055958,0.8751600000,0.8741600000,0.8865019167,0.8840334841,0.8841600000,-0.0187446227,-0.0180902185,-0.0190902185,-0.0067483018,-0.0092167344,-0.0090902185
1.245,0.8934341249,0.8746415010,0.8753000000,0.8743000000,0.8866301054,0.8842150375,0.8843000000,-0.0187926239,-0.0181341249,-0.0191341249,-0.0068040194,-0.0092190874,-0.0091341249
1.246,0.8936178024,0.8747774061,0.8754400000,0.8744400000,0.8867582942,0.8843965909,0.8844400000,-0.0188403963,-0.0181778024,-0.0191778024,-0.0068595083,-0.0092212115,-0.0091778024
1.247,0.8938012512,0.8749133112,0.8755800000,0.8745800000,0.8868864829,0.8845781442,0.8845800000,-0.0188879400,-0.0182212512,-0.0192212512,-0.0069147683,-0.0092231070,-0.0092212512
1.248,0.8939844714,0.8750492163,0.8757200000,0.8747200000,0.8870146716,0.8847596976,0.8847200000,-0.0189352551,-0.0182644714,-0.0192644714,-0.0069697998,-0.0092247738,-0.0092644714
1.249,0.8941674631,0.8751851214,0.8758600000,0.8748600000,0.8871428603,0.8849412510,0.8848600000,-0.0189823416,-0.0183074631,-0.0193074631,-0.0070246028,-0.0092262121,-0.0093074631
1.250,0.8943502263,0.8753210266,0.8760000000,0.8750000000,0.8872710490,0.8851228043,0.8850000000,-0.0190291998,-0.0183502263,-0.0193502263,-0.0070791773,-0.0092274220,-0.0093502263
1.251,0.8945327613,0.8754569317,0.8761400000,0.8751400000,0.8873992377,0.8853043577,0.8851400000,-0.0190758296,-0.0183927613,-0.0193927613,-0.0071335236,-0.0092284036,-0.0093927613
1.252,0.8947150680,0.8755928368,0.8762800000,0.8752800000,0.8875274264,0.8854859111,0.8852800000,-0.0191222312,-0.0184350680,-0.0194350680,-0.0071876416,-0.0092291569,-0.0094350680
1.253,0.8948971467,0.8757287419,0.8764200000,0.8754200000,0.8876556152,0.8856674644,0.8854200000,-0.0191684047,-0.0184771467,-0.0194771467,-0.0072415315,-0.0092296822,-0.0094771467
1.254,0.8950789973,0.8758646471,0.8765600000,0.8755600000,0.8877838039,0.8858490178,0.8855600000,-0.0192143502,-0.0185189973,-0.0195189973,-0.0072951934,-0.0092299795,-0.0095189973
1.255,0.8952606200,0.8760005522,0.8767000000,0.8757000000,0.8879119926,0.8860305712,0.8857000000,-0.0192600678,-0.0185606200,-0.0195606200,-0.0073486274,-0.0092300488,-0.0095606200
1.256,0.8954420150,0.8761364573,0.8768400000,0.8758400000,0.8880401813,0.8862121245,0.8858400000,-0.0193055577,-0.0186020150,-0.0196020150,-0.0074018337,-0.0092298904,-0.0096020150
1.257,0.8956231822,0.8762723624,0.8769800000,0.8759800000,0.8881683700,0.8863936779,0.8859800000,-0.0193508198,-0.0186431822,-0.0196431822,-0.0074548122,-0.0092295043,-0.0096431822
1.258,0.8958041219,0.8764082675,0.8771200000,0.8761200000,0.8882965587,0.8865752313,0.8861200000,-0.0193958543,-0.0186841219,-0.0196841219,-0.0075075632,-0.0092288906,-0.0096841219
1.259,0.8959848341,0.8765441727,0.8772600000,0.8762600000,0.8884247474,0.8867567846,0.8862600000,-0.0194406614,-0.0187248341,-0.0197248341,-0.0075600866,-0.0092280494,-0.0097248341
1.260,0.8961653189,0.8766800778,0.8774000000,0.8764000000,0.8885529362,0.8869383380,0.8864000000,-0.0194852411,-0.0187653189,-0.0197653189,-0.0076123827,-0.0092269809,-0.0097653189
1.261,0.8963455764,0.8768159829,0.8775400000,0.8765400000,0.8886811249,0.8871198914,0.8865400000,-0.0195295935,-0.0188055764,-0.0198055764,-0.0076644516,-0.0092256851,-0.0098055764
1.262,0.8965256068,0.8769518880,0.8776800000,0.8766800000,0.8888093136,0.8873014447,0.8866800000,-0.0195737188,-0.0188456068,-0.0198456068,-0.0077162932,-0.0092241621,-0.0098456068
1.263,0.8967054101,0.8770877932,0.8778200000,0.8768200000,0.8889375023,0.8874829981,0.8868200000,-0.0196176170,-0.0188854101,-0.0198854101,-0.0077679079,-0.0092224120,-0.0098854101
1.264,0.8968849865,0.8772236983,0.8779600000,0.8769600000,0.8890656910,0.8876645515,0.8869600000,-0.0196612883,-0.0189249865,-0.0199249865,-0.0078192955,-0.0092204350,-0.0099249865
1.265,0.8970643361,0.8773596034,0.8781000000,0.8771000000,0.8891938797,0.8878461048,0.8871000000,-0.0197047327,-0.0189643361,-0.0199643361,-0.0078704563,-0.0092182312,-0.0099643361
1.266,0.8972434589,0.8774955085,0.8782400000,0.8772400000,0.8893220684,0.8880276582,0.8872400000,-0.0197479504,-0.0190034589,-0.0200034589,-0.0079213904,-0.0092158007,-0.0100034589
1.267,0.8974223551,0.8776314136,0.8783800000,0.8773800000,0.8894502571,0.8882092116,0.8873800000,-0.0197909414,-0.0190423551,-0.0200423551,-0.0079720979,-0.0092131435,-0.0100423551
1.268,0.8976010247,0.8777673188,0.8785200000,0.8775200000,0.8895784459,0.8883907649,0.8875200000,-0.0198337060,-0.0190810247,-0.0200810247,-0.0080225789,-0.0092102598,-0.0100810247
1.269,0.8977794680,0.8779032239,0.8786600000,0.8776600000,0.8897066346,0.8885723183,0.8876600000,-0.0198762441,-0.0191194680,-0.0201194680,-0.0080728334,-0.0092071497,-0.0101194680
1.270,0.8979576849,0.8780391290,0.8788000000,0.8778000000,0.8898348233,0.8887538717,0.8878000000,-0.0199185559,-0.0191576849,-0.0201576849,-0.0081228616,-0.0092038132,-0.0101576849
1.271,0.8981356757,0.8781750341,0.8789400000,0.8779400000,0.8899630120,0.8889354250,0.8879400000,-0.0199606416,-0.0191956757,-0.0201956757,-0.0081726637,-0.0092002506,-0.0101956757
1.272,0.8983134404,0.8783109392,0.8790800000,0.8780800000,0.8900912007,0.8891169784,0.8880800000,-0.0200025011,-0.0192334404,-0.0202334404,-0.0082222396,-0.0091964620,-0.0102334404
1.273,0.8984909791,0.8784468444,0.8792200000,0.8782200000,0.8902193894,0.8892985318,0.8882200000,-0.0200441347,-0.0192709791,-0.0202709791,-0.0082715896,-0.0091924473,-0.0102709791
1.274,0.8986682919,0.8785827495,0.8793600000,0.8783600000,0.8903475781,0.8894800851,0.8883600000,-0.0200855424,-0.0193082919,-0.0203082919,-0.0083207138,-0.0091882068,-0.0103082919
1.275,0.8988453790,0.8787186546,0.8795000000,0.8785000000,0.8904757669,0.8896616385,0.8885000000,-0.0201267244,-0.0193453790,-0.0203453790,-0.0083696121,-0.0091837405,-0.0103453790
1.276,0.8990222405,0.8788545597,0.8796400000,0.8786400000,0.8906039556,0.8898431919,0.8886400000,-0.0201676807,-0.0193822405,-0.0203822405,-0.0084182849,-0.0091790486,-0.0103822405
1.277,0.8991988764,0.8789904649,0.8797800000,0.8787800000,0.8907321443,0.8900247452,0.8887800000,-0.0202084115,-0.0194188764,-0.0204188764,-0.0084667321,-0.0091741311,-0.0104188764
1.278,0.8993752869,0.8791263700,0.8799200000,0.8789200000,0.8908603330,0.8902062986,0.8889200000,-0.0202489169,-0.0194552869,-0.0204552869,-0.0085149539,-0.0091689883,-0.0104552869
1.279,0.8995514721,0.8792622751,0.8800600000,0.8790600000,0.8909885217,0.8903878520,0.8890600000,-0.0202891970,-0.0194914721,-0.0204914721,-0.0085629503,-0.0091636201,-0.0104914721
1.280,0.8997274320,0.8793981802,0.8802000000,0.8792000000,0.8911167104,0.8905694053,0.8892000000,-0.0203292518,-0.0195274320,-0.0205274320,-0.0086107216,-0.0091580267,-0.0105274320
1.281,0.8999031670,0.8795340853,0.8803400000,0.8793400000,0.8912448991,0.8907509587,0.8893400000,-0.0203690816,-0.0195631670,-0.0205631670,-0.0086582678,-0.0091522082,-0.0105631670
1.282,0.9000786769,0.8796699905,0.8804800000,0.8794800000,0.8913730879,0.8909325121,0.8894800000,-0.0204086864,-0.0195986769,-0.0205986769,-0.0087055890,-0.0091461648,-0.0105986769
1.283,0.9002539620,0.8798058956,0.8806200000,0.8796200000,0.8915012766,0.8911140654,0.8896200000,-0.0204480664,-0.0196339620,-0.0206339620,-0.0087526854,-0.0091398965,-0.0106339620
1.284,0.9004290223,0.8799418007,0.8807600000,0.8797600000,0.8916294653,0.8912956188,0.8897600000,-0.0204872216,-0.0196690223,-0.0206690223,-0.0087995570,-0.0091334035,-0.0106690223
1.285,0.9006038580,0.8800777058,0.8809000000,0.8799000000,0.8917576540,0.8914771722,0.8899000000,-0.0205261522,-0.0197038580,-0.0207038580,-0.0088462040,-0.0091266858,-0.0107038580
1.286,0.9007784692,0.8802136110,0.8810400000,0.8800400000,0.8918858427,0.8916587255,0.8900400000,-0.0205648582,-0.0197384692,-0.0207384692,-0.0088926265,-0.0091197436,-0.0107384692
1.287,0.9009528559,0.8803495161,0.8811800000,0.8801800000,0.8920140314,0.8918402789,0.8901800000,-0.0206033399,-0.0197728559,-0.0207728559,-0.0089388245,-0.0091125770,-0.0107728559
1.288,0.9011270184,0.8804854212,0.8813200000,0.8803200000,0.8921422201,0.8920218323,0.8903200000,-0.0206415972,-0.0198070184,-0.0208070184,-0.0089847983,-0.0091051861,-0.0108070184
1.289,0.9013009567,0.8806213263,0.8814600000,0.8804600000,0.8922704089,0.8922033857,0.8904600000,-0.0206796304,-0.0198409567,-0.0208409567,-0.0090305479,-0.0090975711,-0.0108409567
1.290,0.9014746710,0.8807572314,0.8816000000,0.8806000000,0.8923985976,0.8923849390,0.8906000000,-0.0207174395,-0.0198746710,-0.0208746710,-0.0090760734,-0.0090897319,-0.0108746710
1.291,0.9016481612,0.8808931366,0.8817400000,0.8807400000,0.8925267863,0.8925664924,0.8907400000,-0.0207550247,-0.0199081612,-0.0209081612,-0.0091213750,-0.0090816689,-0.0109081612
1.292,0.9018214277,0.8810290417,0.8818800000,0.8808800000,0.8926549750,0.8927480458,0.8908800000,-0.0207923860,-0.0199414277,-0.0209414277,-0.0091664527,-0.0090733820,-0.0109414277
1.293,0.9019944705,0.8811649468,0.8820200000,0.8810200000,0.8927831637,0.8929295991,0.8910200000,-0.0208295236,-0.0199744705,-0.0209744705,-0.0092113067,-0.0090648713,-0.0109744705
1.294,0.9021672896,0.8813008519,0.8821600000,0.8811600000,0.8929113524,0.8931111525,0.8911600000,-0.0208664377,-0.0200072896,-0.0210072896,-0.0092559372,-0.0090561371,-0.0110072896
1.295,0.9023398853,0.8814367571,0.8823000000,0.8813000000,0.8930395411,0.8932927059,0.8913000000,-0.0209031282,-0.0200398853,-0.0210398853,-0.0093003441,-0.0090471794,-0.0110398853
1.296,0.9025122576,0.8815726622,0.8824400000,0.8814400000,0.8931677298,0.8934742592,0.8914400000,-0.0209395954,-0.0200722576,-0.0210722576,-0.0093445277,-0.0090379983,-0.0110722576
1.297,0.9026844066,0.8817085673,0.8825800000,0.8815800000,0.8932959186,0.8936558126,0.8915800000,-0.0209758393,-0.0201044066,-0.0211044066,-0.0093884880,-0.0090285940,-0.0111044066
1.298,0.9028563325,0.8818444724,0.8827200000,0.8817200000,0.8934241073,0.8938373660,0.8917200000,-0.0210118601,-0.0201363325,-0.0211363325,-0.0094322252,-0.0090189666,-0.0111363325
1.299,0.9030280354,0.8819803775,0.8828600000,0.8818600000,0.8935522960,0.8940189193,0.8918600000,-0.0210476579,-0.0201680354,-0.0211680354,-0.0094757394,-0.0090091161,-0.0111680354
1.300,0.9031995154,0.8821162827,0.8830000000,0.8820000000,0.8936804847,0.8942004727,0.8920000000,-0.0210832328,-0.0201995154,-0.0211995154,-0.0095190307,-0.0089990427,-0.0111995154
1.301,0.9033707726,0.8822521878,0.8831400000,0.8821400000,0.8938086734,0.8943820261,0.8921400000,-0.0211185849,-0.0202307726,-0.0212307726,-0.0095620992,-0.0089887466,-0.0112307726
1.302,0.9035418072,0.8823880929,0.8832800000,0.8822800000,0.8939368621,0.8945635794,0.8922800000,-0.0211537143,-0.0202618072,-0.0212618072,-0.0096049451,-0.0089782278,-0.0112618072
1.303,0.9037126192,0.8825239980,0.8834200000,0.8824200000,0.8940650508,0.8947451328,0.8924200000,-0.0211886212,-0.0202926192,-0.0212926192,-0.0096475684,-0.0089674864,-0.0112926192
1.304,0.9038832088,0.8826599032,0.8835600000,0.8825600000,0.8941932396,0.8949266862,0.8925600000,-0.0212233057,-0.0203232088,-0.0213232088,-0.0096899693,-0.0089565227,-0.0113232088
1.305,0.9040535761,0.8827958083,0.8837000000,0.8827000000,0.8943214283,0.8951082395,0.8927000000,-0.0212577678,-0.0203535761,-0.0213535761,-0.0097321478,-0.0089453366,-0.0113535761
1.306,0.9042237212,0.8829317134,0.8838400000,0.8828400000,0.8944496170,0.8952897929,0.8928400000,-0.0212920078,-0.0203837212,-0.0213837212,-0.0097741042,-0.0089339283,-0.0113837212
1.307,0.9043936443,0.8830676185,0.8839800000,0.8829800000,0.8945778057,0.8954713463,0.8929800000,-0.0213260257,-0.0204136443,-0.0214136443,-0.0098158386,-0.0089222980,-0.0114136443
1.308,0.9045633454,0.8832035236,0.8841200000,0.8831200000,0.8947059944,0.8956528996,0.8931200000,-0.0213598217,-0.0204433454,-0.0214433454,-0.0098573509,-0.0089104457,-0.0114433454
1.309,0.9047328246,0.8833394288,0.8842600000,0.8832600000,0.8948341831,0.8958344530,0.8932600000,-0.0213933959,-0.0204728246,-0.0214728246,-0.0098986415,-0.0088983716,-0.0114728246
1.310,0.9049020822,0.8834753339,0.8844000000,0.8834000000,0.8949623718,0.8960160064,0.8934000000,-0.0214267483,-0.0205020822,-0.0215020822,-0.0099397104,-0.0088860758,-0.0115020822
1.311,0.9050711182,0.8836112390,0.8845400000,0.8835400000,0.8950905606,0.8961975597,0.8935400000,-0.0214598792,-0.0205311182,-0.0215311182,-0.0099805576,-0.0088735585,-0.0115311182
1.312,0.9052399327,0.8837471441,0.8846800000,0.8836800000,0.8952187493,0.8963791131,0.8936800000,-0.0214927886,-0.0205599327,-0.0215599327,-0.0100211835,-0.0088608196,-0.0115599327
1.313,0.9054085259,0.8838830492,0.8848200000,0.8838200000,0.8953469380,0.8965606665,0.8938200000,-0.0215254767,-0.0205885259,-0.0215885259,-0.0100615879,-0.0088478595,-0.0115885259
1.314,0.9055768979,0.8840189544,0.8849600000,0.8839600000,0.8954751267,0.8967422198,0.8939600000,-0.0215579435,-0.0206168979,-0.0216168979,-0.0101017712,-0.0088346781,-0.0116168979
1.315,0.9057450488,0.8841548595,0.8851000000,0.8841000000,0.8956033154,0.8969237732,0.8941000000,-0.0215901893,-0.0206450488,-0.0216450488,-0.0101417333,-0.0088212756,-0.0116450488
1.316,0.9059129787,0.8842907646,0.8852400000,0.8842400000,0.8957315041,0.8971053266,0.8942400000,-0.0216222141,-0.0206729787,-0.0216729787,-0.0101814745,-0.0088076521,-0.0116729787
1.317,0.9060806877,0.8844266697,0.8853800000,0.8843800000,0.8958596928,0.8972868799,0.8943800000,-0.0216540180,-0.0207006877,-0.0217006877,-0.0102209949,-0.0087938078,-0.0117006877
1.318,0.9062481760,0.8845625749,0.8855200000,0.8845200000,0.8959878816,0.8974684333,0.8945200000,-0.0216856012,-0.0207281760,-0.0217281760,-0.0102602945,-0.0087797428,-0.0117281760
1.319,0.9064154438,0.8846984800,0.8856600000,0.8846600000,0.8961160703,0.8976499867,0.8946600000,-0.0217169638,-0.0207554438,-0.0217554438,-0.0102993735,-0.0087654571,-0.0117554438
1.320,0.9065824910,0.8848343851,0.8858000000,0.8848000000,0.8962442590,0.8978315400,0.8948000000,-0.0217481059,-0.0207824910,-0.0217824910,-0.0103382320,-0.0087509510,-0.0117824910
1.321,0.9067493179,0.8849702902,0.8859400000,0.8849400000,0.8963724477,0.8980130934,0.8949400000,-0.0217790277,-0.0208093179,-0.0218093179,-0.0103768702,-0.0087362245,-0.0118093179
1.322,0.9069159245,0.8851061953,0.8860800000,0.8850800000,0.8965006364,0.8981946468,0.8950800000,-0.0218097292,-0.0208359245,-0.0218359245,-0.0104152881,-0.0087212778,-0.0118359245
1.323,0.9070823111,0.8852421005,0.8862200000,0.8852200000,0.8966288251,0.8983762001,0.8952200000,-0.0218402106,-0.0208623111,-0.0218623111,-0.0104534860,-0.0087061110,-0.0118623111
1.324,0.9072484776,0.8853780056,0.8863600000,0.8853600000,0.8967570138,0.8985577535,0.8953600000,-0.0218704721,-0.0208884776,-0.0218884776,-0.0104914638,-0.0086907241,-0.0118884776
1.325,0.9074144243,0.8855139107,0.8865000000,0.8855000000,0.8968852026,0.8987393069,0.8955000000,-0.0219005136,-0.0209144243,-0.0219144243,-0.0105292218,-0.0086751175,-0.0119144243
1.326,0.9075801513,0.8856498158,0.8866400000,0.8856400000,0.8970133913,0.8989208602,0.8956400000,-0.0219303355,-0.0209401513,-0.0219401513,-0.0105667600,-0.0086592911,-0.0119401513
1.327,0.9077456587,0.8857857210,0.8867800000,0.8857800000,0.8971415800,0.8991024136,0.8957800000,-0.0219599377,-0.0209656587,-0.0219656587,-0.0106040787,-0.0086432451,-0.0119656587
1.328,0.9079109465,0.8859216261,0.8869200000,0.8859200000,0.8972697687,0.8992839670,0.8959200000,-0.0219893205,-0.0209909465,-0.0219909465,-0.0106411779,-0.0086269796,-0.0119909465
1.329,0.9080760151,0.8860575312,0.8870600000,0.8860600000,0.8973979574,0.8994655203,0.8960600000,-0.0220184839,-0.0210160151,-0.0220160151,-0.0106780577,-0.0086104947,-0.0120160151
1.330,0.9082408643,0.8861934363,0.8872000000,0.8862000000,0.8975261461,0.8996470737,0.8962000000,-0.0220474280,-0.0210408643,-0.0220408643,-0.0107147182,-0.0085937907,-0.0120408643
1.331,0.9084054945,0.8863293414,0.8873400000,0.8863400000,0.8976543348,0.8998286271,0.8963400000,-0.0220761531,-0.0210654945,-0.0220654945,-0.0107511597,-0.0085768675,-0.0120654945
1.332,0.9085699057,0.8864652466,0.8874800000,0.8864800000,0.8977825235,0.9000101804,0.8964800000,-0.0221046592,-0.0210899057,-0.0220899057,-0.0107873822,-0.0085597253,-0.0120899057
1.333,0.9087340981,0.8866011517,0.8876200000,0.8866200000,0.8979107123,0.9001917338,0.8966200000,-0.0221329464,-0.0211140981,-0.0221140981,-0.0108233858,-0.0085423643,-0.0121140981
1.334,0.9088980717,0.8867370568,0.8877600000,0.8867600000,0.8980389010,0.9003732872,0.8967600000,-0.0221610149,-0.0211380717,-0.0221380717,-0.0108591708,-0.0085247846,-0.0121380717
1.335,0.9090618268,0.8868729619,0.8879000000,0.8869000000,0.8981670897,0.9005548405,0.8969000000,-0.0221888648,-0.0211618268,-0.0221618268,-0.0108947371,-0.0085069862,-0.0121618268
1.336,0.9092253633,0.8870088671,0.8880400000,0.8870400000,0.8982952784,0.9007363939,0.8970400000,-0.0222164963,-0.0211853633,-0.0221853633,-0.0109300849,-0.0084889694,-0.0121853633
1.337,0.9093886816,0.8871447722,0.8881800000,0.8871800000,0.8984234671,0.9009179473,0.8971800000,-0.0222439094,-0.0212086816,-0.0222086816,-0.0109652145,-0.0084707343,-0.0122086816
1.338,0.9095517816,0.8872806773,0.8883200000,0.8873200000,0.8985516558,0.9010995006,0.8973200000,-0.0222711043,-0.0212317816,-0.0222317816,-0.0110001258,-0.0084522810,-0.0122317816
1.339,0.9097146635,0.8874165824,0.8884600000,0.8874600000,0.8986798445,0.9012810540,0.8974600000,-0.0222980811,-0.0212546635,-0.0222546635,-0.0110348190,-0.0084336095,-0.0122546635
1.340,0.9098773275,0.8875524875,0.8886000000,0.8876000000,0.8988080333,0.9014626074,0.8976000000,-0.0223248400,-0.0212773275,-0.0222773275,-0.0110692943,-0.0084147202,-0.0122773275
1.341,0.9100397737,0.8876883927,0.8887400000,0.8877400000,0.8989362220,0.9016441607,0.8977400000,-0.0223513810,-0.0212997737,-0.0222997737,-0.0111035517,-0.0083956130,-0.0122997737
1.342,0.9102020022,0.8878242978,0.8888800000,0.8878800000,0.8990644107,0.9018257141,0.8978800000,-0.0223777044,-0.0213220022,-0.0223220022,-0.0111375915,-0.0083762881,-0.0123220022
1.343,0.9103640131,0.8879602029,0.8890200000,0.8880200000,0.8991925994,0.9020072675,0.8980200000,-0.0224038102,-0.0213440131,-0.0223440131,-0.0111714137,-0.0083567456,-0.0123440131
1.344,0.9105258065,0.8880961080,0.8891600000,0.8881600000,0.8993207881,0.9021888208,0.8981600000,-0.0224296985,-0.0213658065,-0.0223658065,-0.0112050184,-0.0083369857,-0.0123658065
1.345,0.9106873827,0.8882320132,0.8893000000,0.8883000000,0.8994489768,0.9023703742,0.8983000000,-0.0224553696,-0.0213873827,-0.0223873827,-0.0112384059,-0.0083170085,-0.0123873827
1.346,0.9108487417,0.8883679183,0.8894400000,0.8884400000,0.8995771655,0.9025519276,0.8984400000,-0.0224808234,-0.0214087417,-0.0224087417,-0.0112715762,-0.0082968141,-0.0124087417
1.347,0.9110098837,0.8885038234,0.8895800000,0.8885800000,0.8997053543,0.9027334809,0.8985800000,-0.0225060603,-0.0214298837,-0.0224298837,-0.0113045294,-0.0082764027,-0.0124298837
1.348,0.9111708087,0.8886397285,0.8897200000,0.8887200000,0.8998335430,0.9029150343,0.8987200000,-0.0225310802,-0.0214508087,-0.0224508087,-0.0113372657,-0.0082557744,-0.0124508087
1.349,0.9113315170,0.8887756336,0.8898600000,0.8888600000,0.8999617317,0.9030965877,0.8988600000,-0.0225558833,-0.0214715170,-0.0224715170,-0.0113697853,-0.0082349293,-0.0124715170
1.350,0.9114920086,0.8889115388,0.8900000000,0.8890000000,0.9000899204,0.9032781410,0.8990000000,-0.0225804698,-0.0214920086,-0.0224920086,-0.0114020882,-0.0082138675,-0.0124920086
1.351,0.9116522837,0.8890474439,0.8901400000,0.8891400000,0.9002181091,0.9034596944,0.8991400000,-0.0226048398,-0.0215122837,-0.0225122837,-0.0114341745,-0.0081925892,-0.0125122837
1.352,0.9118123424,0.8891833490,0.8902800000,0.8892800000,0.9003462978,0.9036412478,0.8992800000,-0.0226289934,-0.0215323424,-0.0225323424,-0.0114660445,-0.0081710946,-0.0125323424
1.353,0.9119721848,0.8893192541,0.8904200000,0.8894200000,0.9004744865,0.9038228011,0.8994200000,-0.0226529307,-0.0215521848,-0.0225521848,-0.0114976983,-0.0081493837,-0.0125521848
1.354,0.9121318111,0.8894551593,0.8905600000,0.8895600000,0.9006026753,0.9040043545,0.8995600000,-0.0226766519,-0.0215718111,-0.0225718111,-0.0115291359,-0.0081274566,-0.0125718111
1.355,0.9122912215,0.8895910644,0.8907000000,0.8897000000,0.9007308640,0.9041859079,0.8997000000,-0.0227001571,-0.0215912215,-0.0225912215,-0.0115603575,-0.0081053136,-0.0125912215
1.356,0.9124504160,0.8897269695,0.8908400000,0.8898400000,0.9008590527,0.9043674612,0.8998400000,-0.0227234465,-0.0216104160,-0.0226104160,-0.0115913633,-0.0080829547,-0.0126104160
1.357,0.9126093947,0.8898628746,0.8909800000,0.8899800000,0.9009872414,0.9045490146,0.8999800000,-0.0227465201,-0.0216293947,-0.0226293947,-0.0116221533,-0.0080603801,-0.0126293947
1.358,0.9127681579,0.8899987797,0.8911200000,0.8901200000,0.9011154301,0.9047305680,0.9001200000,-0.0227693782,-0.0216481579,-0.0226481579,-0.0116527278,-0.0080375899,-0.0126481579
1.359,0.9129267056,0.8901346849,0.8912600000,0.8902600000,0.9012436188,0.9049121213,0.9002600000,-0.0227920208,-0.0216667056,-0.0226667056,-0.0116830868,-0.0080145843,-0.0126667056
1.360,0.9130850381,0.8902705900,0.8914000000,0.8904000000,0.9013718075,0.9050936747,0.9004000000,-0.0228144481,-0.0216850381,-0.0226850381,-0.0117132305,-0.0079913633,-0.0126850381
1.361,0.9132431553,0.8904064951,0.8915400000,0.8905400000,0.9014999962,0.9052752281,0.9005400000,-0.0228366602,-0.0217031553,-0.0227031553,-0.0117431590,-0.0079679272,-0.0127031553
1.362,0.9134010574,0.8905424002,0.8916800000,0.8906800000,0.9016281850,0.9054567814,0.9006800000,-0.0228586572,-0.0217210574,-0.0227210574,-0.0117728725,-0.0079442760,-0.0127210574
1.363,0.9135587447,0.8906783053,0.8918200000,0.8908200000,0.9017563737,0.9056383348,0.9008200000,-0.0228804393,-0.0217387447,-0.0227387447,-0.0118023710,-0.0079204099,-0.0127387447
1.364,0.9137162172,0.8908142105,0.8919600000,0.8909600000,0.9018845624,0.9058198882,0.9009600000,-0.0229020067,-0.0217562172,-0.0227562172,-0.0118316548,-0.0078963290,-0.0127562172
1.365,0.9138734750,0.8909501156,0.8921000000,0.8911000000,0.9020127511,0.9060014415,0.9011000000,-0.0229233594,-0.0217734750,-0.0227734750,-0.0118607239,-0.0078720334,-0.0127734750
1.366,0.9140305183,0.8910860207,0.8922400000,0.8912400000,0.9021409398,0.9061829949,0.9012400000,-0.0229444976,-0.0217905183,-0.0227905183,-0.0118895785,-0.0078475234,-0.0127905183
1.367,0.9141873472,0.8912219258,0.8923800000,0.8913800000,0.9022691285,0.9063645483,0.9013800000,-0.0229654214,-0.0218073472,-0.0228073472,-0.0119182187,-0.0078227990,-0.0128073472
1.368,0.9143439619,0.8913578310,0.8925200000,0.8915200000,0.9023973172,0.9065461016,0.9015200000,-0.0229861310,-0.0218239619,-0.0228239619,-0.0119466447,-0.0077978603,-0.0128239619
1.369,0.9145003625,0.8914937361,0.8926600000,0.8916600000,0.9025255060,0.9067276550,0.9016600000,-0.0230066265,-0.0218403625,-0.0228403625,-0.0119748566,-0.0077727075,-0.0128403625
1.370,0.9146565492,0.8916296412,0.8928000000,0.8918000000,0.9026536947,0.9069092084,0.9018000000,-0.0230269080,-0.0218565492,-0.0228565492,-0.0120028545,-0.0077473408,-0.0128565492
1.371,0.9148125220,0.8917655463,0.8929400000,0.8919400000,0.9027818834,0.9070907617,0.9019400000,-0.0230469757,-0.0218725220,-0.0228725220,-0.0120306386,-0.0077217602,-0.0128725220
1.372,0.9149682811,0.8919014514,0.8930800000,0.8920800000,0.9029100721,0.9072723151,0.9020800000,-0.0230668296,-0.0218882811,-0.0228882811,-0.0120582090,-0.0076959660,-0.0128882811
1.373,0.9151238267,0.8920373566,0.8932200000,0.8922200000,0.9030382608,0.9074538685,0.9022200000,-0.0230864701,-0.0219038267,-0.0229038267,-0.0120855658,-0.0076699582,-0.0129038267
1.374,0.9152791588,0.8921732617,0.8933600000,0.8923600000,0.9031664495,0.9076354218,0.9023600000,-0.0231058971,-0.0219191588,-0.0229191588,-0.0121127093,-0.0076437369,-0.0129191588
1.375,0.9154342776,0.8923091668,0.8935000000,0.8925000000,0.9032946382,0.9078169752,0.9025000000,-0.0231251108,-0.0219342776,-0.0229342776,-0.0121396394,-0.0076173024,-0.0129342776
1.376,0.9155891834,0.8924450719,0.8936400000,0.8926400000,0.9034228270,0.9079985286,0.9026400000,-0.0231441114,-0.0219491834,-0.0229491834,-0.0121663564,-0.0075906548,-0.0129491834
1.377,0.9157438761,0.8925809771,0.8937800000,0.8927800000,0.9035510157,0.9081800819,0.9027800000,-0.0231628990,-0.0219638761,-0.0229638761,-0.0121928604,-0.0075637941,-0.0129638761
1.378,0.9158983559,0.8927168822,0.8939200000,0.8929200000,0.9036792044,0.9083616353,0.9029200000,-0.0231814738,-0.0219783559,-0.0229783559,-0.0122191515,-0.0075367206,-0.0129783559
1.379,0.9160526231,0.8928527873,0.8940600000,0.8930600000,0.9038073931,0.9085431887,0.9030600000,-0.0231998358,-0.0219926231,-0.0229926231,-0.0122452300,-0.0075094344,-0.0129926231
1.380,0.9162066776,0.8929886924,0.8942000000,0.8932000000,0.9039355818,0.9087247420,0.9032000000,-0.0232179852,-0.0220066776,-0.0230066776,-0.0122710958,-0.0074819355,-0.0130066776
1.381,0.9163605197,0.8931245975,0.8943400000,0.8933400000,0.9040637705,0.9089062954,0.9033400000,-0.0232359221,-0.0220205197,-0.0230205197,-0.0122967491,-0.0074542243,-0.0130205197
1.382,0.9165141494,0.8932605027,0.8944800000,0.8934800000,0.9041919592,0.9090878488,0.9034800000,-0.0232536468,-0.0220341494,-0.0230341494,-0.0123221902,-0.0074263007,-0.0130341494
1.383,0.9166675671,0.8933964078,0.8946200000,0.8936200000,0.9043201480,0.9092694021,0.9036200000,-0.0232711593,-0.0220475671,-0.0230475671,-0.0123474191,-0.0073981649,-0.0130475671
1.384,0.9168207726,0.8935323129,0.8947600000,0.8937600000,0.9044483367,0.9094509555,0.9037600000,-0.0232884597,-0.0220607726,-0.0230607726,-0.0123724360,-0.0073698171,-0.0130607726
1.385,0.9169737663,0.8936682180,0.8949000000,0.8939000000,0.9045765254,0.9096325089,0.9039000000,-0.0233055483,-0.0220737663,-0.0230737663,-0.0123972409,-0.0073412574,-0.0130737663
1.386,0.9171265483,0.8938041232,0.8950400000,0.8940400000,0.9047047141,0.9098140623,0.9040400000,-0.0233224251,-0.0220865483,-0.0230865483,-0.0124218342,-0.0073124860,-0.0130865483
1.387,0.9172791186,0.8939400283,0.8951800000,0.8941800000,0.9048329028,0.9099956156,0.9041800000,-0.0233390903,-0.0220991186,-0.0230991186,-0.0124462158,-0.0072835030,-0.0130991186
1.388,0.9174314774,0.8940759334,0.8953200000,0.8943200000,0.9049610915,0.9101771690,0.9043200000,-0.0233555440,-0.0221114774,-0.0231114774,-0.0124703859,-0.0072543085,-0.0131114774
1.389,0.9175836250,0.8942118385,0.8954600000,0.8944600000,0.9050892802,0.9103587224,0.9044600000,-0.0233717865,-0.0221236250,-0.0231236250,-0.0124943447,-0.0072249026,-0.0131236250
1.390,0.9177355613,0.8943477436,0.8956000000,0.8946000000,0.9052174690,0.9105402757,0.9046000000,-0.0233878177,-0.0221355613,-0.0231355613,-0.0125180924,-0.0071952856,-0.0131355613
1.391,0.9178872866,0.8944836488,0.8957400000,0.8947400000,0.9053456577,0.9107218291,0.9047400000,-0.0234036379,-0.0221472866,-0.0231472866,-0.0125416290,-0.0071654575,-0.0131472866
1.392,0.9180388010,0.8946195539,0.8958800000,0.8948800000,0.9054738464,0.9109033825,0.9048800000,-0.0234192471,-0.0221588010,-0.0231588010,-0.0125649546,-0.0071354186,-0.0131588010
1.393,0.9181901047,0.8947554590,0.8960200000,0.8950200000,0.9056020351,0.9110849358,0.9050200000,-0.0234346457,-0.0221701047,-0.0231701047,-0.0125880696,-0.0071051688,-0.0131701047
1.394,0.9183411977,0.8948913641,0.8961600000,0.8951600000,0.9057302238,0.9112664892,0.9051600000,-0.0234498335,-0.0221811977,-0.0231811977,-0.0126109739,-0.0070747085,-0.0131811977
1.395,0.9184920802,0.8950272693,0.8963000000,0.8953000000,0.9058584125,0.9114480426,0.9053000000,-0.0234648110,-0.0221920802,-0.0231920802,-0.0126336677,-0.0070440377,-0.0131920802
1.396,0.9186427524,0.8951631744,0.8964400000,0.8954400000,0.9059866012,0.9116295959,0.9054400000,-0.0234795781,-0.0222027524,-0.0232027524,-0.0126561512,-0.0070131565,-0.0132027524
1.397,0.9187932144,0.8952990795,0.8965800000,0.8955800000,0.9061147899,0.9118111493,0.9055800000,-0.0234941349,-0.0222132144,-0.0232132144,-0.0126784245,-0.0069820652,-0.0132132144
1.398,0.9189434664,0.8954349846,0.8967200000,0.8957200000,0.9062429787,0.9119927027,0.9057200000,-0.0235084818,-0.0222234664,-0.0232234664,-0.0127004877,-0.0069507638,-0.0132234664
1.399,0.9190935085,0.8955708897,0.8968600000,0.8958600000,0.9063711674,0.9121742560,0.9058600000,-0.0235226187,-0.0222335085,-0.0232335085,-0.0127223411,-0.0069192524,-0.0132335085
1.400,0.9192433408,0.8957067949,0.8970000000,0.8960000000,0.9064993561,0.9123558094,0.9060000000,-0.0235365459,-0.0222433408,-0.0232433408,-0.0127439847,-0.0068875314,-0.0132433408
1.401,0.9193929634,0.8958427000,0.8971400000,0.8961400000,0.9066275448,0.9125373628,0.9061400000,-0.0235502635,-0.0222529634,-0.0232529634,-0.0127654186,-0.0068556007,-0.0132529634
1.402,0.9195423767,0.8959786051,0.8972800000,0.8962800000,0.9067557335,0.9127189161,0.9062800000,-0.0235637715,-0.0222623767,-0.0232623767,-0.0127866431,-0.0068234605,-0.0132623767
1.403,0.9196915805,0.8961145102,0.8974200000,0.8964200000,0.9068839222,0.9129004695,0.9064200000,-0.0235770703,-0.0222715805,-0.0232715805,-0.0128076583,-0.0067911110,-0.0132715805
1.404,0.9198405752,0.8962504153,0.8975600000,0.8965600000,0.9070121109,0.9130820229,0.9065600000,-0.0235901599,-0.0222805752,-0.0232805752,-0.0128284643,-0.0067585524,-0.0132805752
1.405,0.9199893609,0.8963863205,0.8977000000,0.8967000000,0.9071402997,0.9132635762,0.9067000000,-0.0236030404,-0.0222893609,-0.0232893609,-0.0128490612,-0.0067257846,-0.0132893609
1.406,0.9201379376,0.8965222256,0.8978400000,0.8968400000,0.9072684884,0.9134451296,0.9068400000,-0.0236157120,-0.0222979376,-0.0232979376,-0.0128694492,-0.0066928080,-0.0132979376
1.407,0.9202863056,0.8966581307,0.8979800000,0.8969800000,0.9073966771,0.9136266830,0.9069800000,-0.0236281749,-0.0223063056,-0.0233063056,-0.0128896285,-0.0066596227,-0.0133063056
1.408,0.9204344650,0.8967940358,0.8981200000,0.8971200000,0.9075248658,0.9138082363,0.9071200000,-0.0236404292,-0.0223144650,-0.0233144650,-0.0129095992,-0.0066262287,-0.0133144650
1.409,0.9205824159,0.8969299410,0.8982600000,0.8972600000,0.9076530545,0.9139897897,0.9072600000,-0.0236524750,-0.0223224159,-0.0233224159,-0.0129293614,-0.0065926262,-0.0133224159
1.410,0.9207301585,0.8970658461,0.8984000000,0.8974000000,0.9077812432,0.9141713431,0.9074000000,-0.0236643125,-0.0223301585,-0.0233301585,-0.0129489153,-0.0065588155,-0.0133301585
1.411,0.9208776930,0.8972017512,0.8985400000,0.8975400000,0.9079094319,0.9143528964,0.9075400000,-0.0236759418,-0.0223376930,-0.0233376930,-0.0129682610,-0.0065247966,-0.0133376930
1.412,0.9210250194,0.8973376563,0.8986800000,0.8976800000,0.9080376207,0.9145344498,0.9076800000,-0.0236873631,-0.0223450194,-0.0233450194,-0.0129873988,-0.0064905696,-0.0133450194
1.413,0.9211721379,0.8974735614,0.8988200000,0.8978200000,0.9081658094,0.9147160032,0.9078200000,-0.0236985765,-0.0223521379,-0.0233521379,-0.0130063286,-0.0064561348,-0.0133521379
1.414,0.9213190488,0.8976094666,0.8989600000,0.8979600000,0.9082939981,0.9148975565,0.9079600000,-0.0237095822,-0.0223590488,-0.0233590488,-0.0130250507,-0.0064214922,-0.0133590488
1.415,0.9214657520,0.8977453717,0.8991000000,0.8981000000,0.9084221868,0.9150791099,0.9081000000,-0.0237203803,-0.0223657520,-0.0233657520,-0.0130435652,-0.0063866421,-0.0133657520
1.416,0.9216122478,0.8978812768,0.8992400000,0.8982400000,0.9085503755,0.9152606633,0.9082400000,-0.0237309710,-0.0223722478,-0.0233722478,-0.0130618723,-0.0063515845,-0.0133722478
1.417,0.9217585363,0.8980171819,0.8993800000,0.8983800000,0.9086785642,0.9154422166,0.9083800000,-0.0237413543,-0.0223785363,-0.0233785363,-0.0130799720,-0.0063163196,-0.0133785363
1.418,0.9219046176,0.8981530871,0.8995200000,0.8985200000,0.9088067529,0.9156237700,0.9085200000,-0.0237515306,-0.0223846176,-0.0233846176,-0.0130978647,-0.0062808476,-0.0133846176
1.419,0.9220504920,0.8982889922,0.8996600000,0.8986600000,0.9089349417,0.9158053234,0.9086600000,-0.0237614998,-0.0223904920,-0.0233904920,-0.0131155503,-0.0062451686,-0.0133904920
1.420,0.9221961595,0.8984248973,0.8998000000,0.8988000000,0.9090631304,0.9159868767,0.9088000000,-0.0237712622,-0.0223961595,-0.0233961595,-0.0131330291,-0.0062092827,-0.0133961595
1.421,0.9223416203,0.8985608024,0.8999400000,0.8989400000,0.9091913191,0.9161684301,0.9089400000,-0.0237808179,-0.0224016203,-0.0234016203,-0.0131503012,-0.0061731902,-0.0134016203
1.422,0.9224868745,0.8986967075,0.9000800000,0.8990800000,0.9093195078,0.9163499835,0.9090800000,-0.0237901670,-0.0224068745,-0.0234068745,-0.0131673667,-0.0061368911,-0.0134068745
1.423,0.9226319224,0.8988326127,0.9002200000,0.8992200000,0.9094476965,0.9165315368,0.9092200000,-0.0237993097,-0.0224119224,-0.0234119224,-0.0131842259,-0.0061003855,-0.0134119224
1.424,0.9227767640,0.8989685178,0.9003600000,0.8993600000,0.9095758852,0.9167130902,0.9093600000,-0.0238082462,-0.0224167640,-0.0234167640,-0.0132008787,-0.0060636738,-0.0134167640
1.425,0.9229213994,0.8991044229,0.9005000000,0.8995000000,0.9097040739,0.9168946436,0.9095000000,-0.0238169765,-0.0224213994,-0.0234213994,-0.0132173255,-0.0060267559,-0.0134213994
1.426,0.9230658290,0.8992403280,0.9006400000,0.8996400000,0.9098322627,0.9170761969,0.9096400000,-0.0238255009,-0.0224258290,-0.0234258290,-0.0132335663,-0.0059896320,-0.0134258290
1.427,0.9232100527,0.8993762332,0.9007800000,0.8997800000,0.9099604514,0.9172577503,0.9097800000,-0.0238338195,-0.0224300527,-0.0234300527,-0.0132496013,-0.0059523024,-0.0134300527
1.428,0.9233540707,0.8995121383,0.9009200000,0.8999200000,0.9100886401,0.9174393037,0.9099200000,-0.0238419325,-0.0224340707,-0.0234340707,-0.0132654307,-0.0059147671,-0.0134340707
1.429,0.9234978833,0.8996480434,0.9010600000,0.9000600000,0.9102168288,0.9176208570,0.9100600000,-0.0238498399,-0.0224378833,-0.0234378833,-0.0132810545,-0.0058770263,-0.0134378833
1.430,0.9236414905,0.8997839485,0.9012000000,0.9002000000,0.9103450175,0.9178024104,0.9102000000,-0.0238575419,-0.0224414905,-0.0234414905,-0.0132964730,-0.0058390801,-0.0134414905
1.431,0.9237848924,0.8999198536,0.9013400000,0.9003400000,0.9104732062,0.9179839638,0.9103400000,-0.0238650388,-0.0224448924,-0.0234448924,-0.0133116862,-0.0058009287,-0.0134448924
1.432,0.9239280893,0.9000557588,0.9014800000,0.9004800000,0.9106013949,0.9181655171,0.9104800000,-0.0238723306,-0.0224480893,-0.0234480893,-0.0133266944,-0.0057625722,-0.0134480893
1.433,0.9240710813,0.9001916639,0.9016200000,0.9006200000,0.9107295836,0.9183470705,0.9106200000,-0.0238794175,-0.0224510813,-0.0234510813,-0.0133414977,-0.0057240108,-0.0134510813
1.434,0.9242138686,0.9003275690,0.9017600000,0.9007600000,0.9108577724,0.9185286239,0.9107600000,-0.0238862996,-0.0224538686,-0.0234538686,-0.0133560962,-0.0056852447,-0.0134538686
1.435,0.9243564512,0.9004634741,0.9019000000,0.9009000000,0.9109859611,0.9187101772,0.9109000000,-0.0238929771,-0.0224564512,-0.0234564512,-0.0133704901,-0.0056462740,-0.0134564512
1.436,0.9244988294,0.9005993793,0.9020400000,0.9010400000,0.9111141498,0.9188917306,0.9110400000,-0.0238994501,-0.0224588294,-0.0234588294,-0.0133846796,-0.0056070988,-0.0134588294
1.437,0.9246410032,0.9007352844,0.9021800000,0.9011800000,0.9112423385,0.9190732840,0.9111800000,-0.0239057189,-0.0224610032,-0.0234610032,-0.0133986647,-0.0055677193,-0.0134610032
1.438,0.9247829729,0.9008711895,0.9023200000,0.9013200000,0.9113705272,0.9192548373,0.9113200000,-0.0239117834,-0.0224629729,-0.0234629729,-0.0134124457,-0.0055281356,-0.0134629729
1.439,0.9249247386,0.9010070946,0.9024600000,0.9014600000,0.9114987159,0.9194363907,0.9114600000,-0.0239176440,-0.0224647386,-0.0234647386,-0.0134260227,-0.0054883479,-0.0134647386
1.440,0.9250663005,0.9011429997,0.9026000000,0.9016000000,0.9116269046,0.9196179441,0.9116000000,-0.0239233007,-0.0224663005,-0.0234663005,-0.0134393958,-0.0054483564,-0.0134663005
1.441,0.9252076586,0.9012789049,0.9027400000,0.9017400000,0.9117550934,0.9197994974,0.9117400000,-0.0239287537,-0.0224676586,-0.0234676586,-0.0134525652,-0.0054081612,-0.0134676586
1.442,0.9253488132,0.9014148100,0.9028800000,0.9018800000,0.9118832821,0.9199810508,0.9118800000,-0.0239340032,-0.0224688132,-0.0234688132,-0.0134655311,-0.0053677624,-0.0134688132
1.443,0.9254897644,0.9015507151,0.9030200000,0.9020200000,0.9120114708,0.9201626042,0.9120200000,-0.0239390493,-0.0224697644,-0.0234697644,-0.0134782936,-0.0053271602,-0.0134697644
1.444,0.9256305123,0.9016866202,0.9031600000,0.9021600000,0.9121396595,0.9203441575,0.9121600000,-0.0239438921,-0.0224705123,-0.0234705123,-0.0134908528,-0.0052863548,-0.0134705123
1.445,0.9257710572,0.9018225254,0.9033000000,0.9023000000,0.9122678482,0.9205257109,0.9123000000,-0.0239485318,-0.0224710572,-0.0234710572,-0.0135032090,-0.0052453463,-0.0134710572
1.446,0.9259113991,0.9019584305,0.9034400000,0.9024400000,0.9123960369,0.9207072643,0.9124400000,-0.0239529686,-0.0224713991,-0.0234713991,-0.0135153622,-0.0052041348,-0.0134713991
1.447,0.9260515382,0.9020943356,0.9035800000,0.9025800000,0.9125242256,0.9208888176,0.9125800000,-0.0239572026,-0.0224715382,-0.0234715382,-0.0135273126,-0.0051627206,-0.0134715382
1.448,0.9261914747,0.9022302407,0.9037200000,0.9027200000,0.9126524144,0.9210703710,0.9127200000,-0.0239612340,-0.0224714747,-0.0234714747,-0.0135390603,-0.0051211037,-0.0134714747
1.449,0.9263312087,0.9023661458,0.9038600000,0.9028600000,0.9127806031,0.9212519244,0.9128600000,-0.0239650629,-0.0224712087,-0.0234712087,-0.0135506056,-0.0050792843,-0.0134712087
1.450,0.9264707404,0.9025020510,0.9040000000,0.9030000000,0.9129087918,0.9214334777,0.9130000000,-0.0239686894,-0.0224707404,-0.0234707404,-0.0135619486,-0.0050372627,-0.0134707404
1.451,0.9266100699,0.9026379561,0.9041400000,0.9031400000,0.9130369805,0.9216150311,0.9131400000,-0.0239721138,-0.0224700699,-0.0234700699,-0.0135730894,-0.0049950388,-0.0134700699
1.452,0.9267491974,0.9027738612,0.9042800000,0.9032800000,0.9131651692,0.9217965845,0.9132800000,-0.0239753362,-0.0224691974,-0.0234691974,-0.0135840282,-0.0049526129,-0.0134691974
1.453,0.9268881230,0.9029097663,0.9044200000,0.9034200000,0.9132933579,0.9219781378,0.9134200000,-0.0239783567,-0.0224681230,-0.0234681230,-0.0135947651,-0.0049099852,-0.0134681230
1.454,0.9270268469,0.9030456714,0.9045600000,0.9035600000,0.9134215466,0.9221596912,0.9135600000,-0.0239811755,-0.0224668469,-0.0234668469,-0.0136053003,-0.0048671557,-0.0134668469
1.455,0.9271653693,0.9031815766,0.9047000000,0.9037000000,0.9135497354,0.9223412446,0.9137000000,-0.0239837927,-0.0224653693,-0.0234653693,-0.0136156339,-0.0048241247,-0.0134653693
1.456,0.9273036902,0.9033174817,0.9048400000,0.9038400000,0.9136779241,0.9225227979,0.9138400000,-0.0239862085,-0.0224636902,-0.0234636902,-0.0136257661,-0.0047808923,-0.0134636902
1.457,0.9274418099,0.9034533868,0.9049800000,0.9039800000,0.9138061128,0.9227043513,0.9139800000,-0.0239884231,-0.0224618099,-0.0234618099,-0.0136356971,-0.0047374586,-0.0134618099
1.458,0.9275797285,0.9035892919,0.9051200000,0.9041200000,0.9139343015,0.9228859047,0.9141200000,-0.0239904366,-0.0224597285,-0.0234597285,-0.0136454270,-0.0046938238,-0.0134597285
1.459,0.9277174462,0.9037251971,0.9052600000,0.9042600000,0.9140624902,0.9230674580,0.9142600000,-0.0239922491,-0.0224574462,-0.0234574462,-0.0136549559,-0.0046499881,-0.0134574462
1.460,0.9278549630,0.9038611022,0.9054000000,0.9044000000,0.9141906789,0.9232490114,0.9144000000,-0.0239938609,-0.0224549630,-0.0234549630,-0.0136642841,-0.0046059516,-0.0134549630
1.461,0.9279922793,0.9039970073,0.9055400000,0.9045400000,0.9143188676,0.9234305648,0.9145400000,-0.0239952720,-0.0224522793,-0.0234522793,-0.0136734116,-0.0045617145,-0.0134522793
1.462,0.9281293951,0.9041329124,0.9056800000,0.9046800000,0.9144470563,0.9236121181,0.9146800000,-0.0239964826,-0.0224493951,-0.0234493951,-0.0136823387,-0.0045172769,-0.0134493951
1.463,0.9282663105,0.9042688175,0.9058200000,0.9048200000,0.9145752451,0.9237936715,0.9148200000,-0.0239974930,-0.0224463105,-0.0234463105,-0.0136910655,-0.0044726390,-0.0134463105
1.464,0.9284030258,0.9044047227,0.9059600000,0.9049600000,0.9147034338,0.9239752249,0.9149600000,-0.0239983032,-0.0224430258,-0.0234430258,-0.0136995920,-0.0044278009,-0.0134430258
1.465,0.9285395411,0.9045406278,0.9061000000,0.9051000000,0.9148316225,0.9241567782,0.9151000000,-0.0239989133,-0.0224395411,-0.0234395411,-0.0137079186,-0.0043827629,-0.0134395411
1.466,0.9286758566,0.9046765329,0.9062400000,0.9052400000,0.9149598112,0.9243383316,0.9152400000,-0.0239993237,-0.0224358566,-0.0234358566,-0.0137160454,-0.0043375250,-0.0134358566
1.467,0.9288119723,0.9048124380,0.9063800000,0.9053800000,0.9150879999,0.9245198850,0.9153800000,-0.0239995343,-0.0224319723,-0.0234319723,-0.0137239724,-0.0042920873,-0.0134319723
1.468,0.9289478885,0.9049483432,0.9065200000,0.9055200000,0.9152161886,0.9247014383,0.9155200000,-0.0239995454,-0.0224278885,-0.0234278885,-0.0137316999,-0.0042464502,-0.0134278885
1.469,0.9290836054,0.9050842483,0.9066600000,0.9056600000,0.9153443773,0.9248829917,0.9156600000,-0.0239993571,-0.0224236054,-0.0234236054,-0.0137392280,-0.0042006137,-0.0134236054
1.470,0.9292191230,0.9052201534,0.9068000000,0.9058000000,0.9154725661,0.9250645451,0.9158000000,-0.0239989696,-0.0224191230,-0.0234191230,-0.0137465569,-0.0041545779,-0.0134191230
1.471,0.9293544416,0.9053560585,0.9069400000,0.9059400000,0.9156007548,0.9252460984,0.9159400000,-0.0239983830,-0.0224144416,-0.0234144416,-0.0137536868,-0.0041083431,-0.0134144416
1.472,0.9294895612,0.9054919636,0.9070800000,0.9060800000,0.9157289435,0.9254276518,0.9160800000,-0.0239975976,-0.0224095612,-0.0234095612,-0.0137606177,-0.0040619094,-0.0134095612
1.473,0.9296244821,0.9056278688,0.9072200000,0.9062200000,0.9158571322,0.9256092052,0.9162200000,-0.0239966133,-0.0224044821,-0.0234044821,-0.0137673499,-0.0040152769,-0.0134044821
1.474,0.9297592044,0.9057637739,0.9073600000,0.9063600000,0.9159853209,0.9257907585,0.9163600000,-0.0239954305,-0.0223992044,-0.0233992044,-0.0137738835,-0.0039684459,-0.0133992044
1.475,0.9298937283,0.9058996790,0.9075000000,0.9065000000,0.9161135096,0.9259723119,0.9165000000,-0.0239940493,-0.0223937283,-0.0233937283,-0.0137802187,-0.0039214164,-0.0133937283
1.476,0.9300280539,0.9060355841,0.9076400000,0.9066400000,0.9162416983,0.9261538653,0.9166400000,-0.0239924698,-0.0223880539,-0.0233880539,-0.0137863555,-0.0038741886,-0.0133880539
1.477,0.9301621814,0.9061714893,0.9077800000,0.9067800000,0.9163698871,0.9263354186,0.9167800000,-0.0239906921,-0.0223821814,-0.0233821814,-0.0137922943,-0.0038267627,-0.0133821814
1.478,0.9302961109,0.9063073944,0.9079200000,0.9069200000,0.9164980758,0.9265169720,0.9169200000,-0.0239887165,-0.0223761109,-0.0233761109,-0.0137980351,-0.0037791389,-0.0133761109
1.479,0.9304298426,0.9064432995,0.9080600000,0.9070600000,0.9166262645,0.9266985254,0.9170600000,-0.0239865431,-0.0223698426,-0.0233698426,-0.0138035781,-0.0037313172,-0.0133698426
1.480,0.9305633767,0.9065792046,0.9082000000,0.9072000000,0.9167544532,0.9268800787,0.9172000000,-0.0239841720,-0.0223633767,-0.0233633767,-0.0138089235,-0.0036832979,-0.0133633767
1.481,0.9306967133,0.9067151097,0.9083400000,0.9073400000,0.9168826419,0.9270616321,0.9173400000,-0.0239816035,-0.0223567133,-0.0233567133,-0.0138140713,-0.0036350811,-0.0133567133
1.482,0.9308298525,0.9068510149,0.9084800000,0.9074800000,0.9170108306,0.9272431855,0.9174800000,-0.0239788377,-0.0223498525,-0.0233498525,-0.0138190219,-0.0035866670,-0.0133498525
1.483,0.9309627946,0.9069869200,0.9086200000,0.9076200000,0.9171390193,0.9274247389,0.9176200000,-0.0239758746,-0.0223427946,-0.0233427946,-0.0138237753,-0.0035380558,-0.0133427946
1.484,0.9310955397,0.9071228251,0.9087600000,0.9077600000,0.9172672081,0.9276062922,0.9177600000,-0.0239727146,-0.0223355397,-0.0233355397,-0.0138283316,-0.0034892475,-0.0133355397
1.485,0.9312280879,0.9072587302,0.9089000000,0.9079000000,0.9173953968,0.9277878456,0.9179000000,-0.0239693577,-0.0223280879,-0.0233280879,-0.0138326912,-0.0034402424,-0.0133280879
1.486,0.9313604395,0.9073946354,0.9090400000,0.9080400000,0.9175235855,0.9279693990,0.9180400000,-0.0239658041,-0.0223204395,-0.0233204395,-0.0138368540,-0.0033910405,-0.0133204395
1.487,0.9314925945,0.9075305405,0.9091800000,0.9081800000,0.9176517742,0.9281509523,0.9181800000,-0.0239620541,-0.0223125945,-0.0233125945,-0.0138408203,-0.0033416422,-0.0133125945
1.488,0.9316245532,0.9076664456,0.9093200000,0.9083200000,0.9177799629,0.9283325057,0.9183200000,-0.0239581076,-0.0223045532,-0.0233045532,-0.0138445903,-0.0032920475,-0.0133045532
1.489,0.9317563156,0.9078023507,0.9094600000,0.9084600000,0.9179081516,0.9285140591,0.9184600000,-0.0239539649,-0.0222963156,-0.0232963156,-0.0138481640,-0.0032422566,-0.0132963156
1.490,0.9318878820,0.9079382558,0.9096000000,0.9086000000,0.9180363403,0.9286956124,0.9186000000,-0.0239496262,-0.0222878820,-0.0232878820,-0.0138515417,-0.0031922696,-0.0132878820
1.491,0.9320192525,0.9080741610,0.9097400000,0.9087400000,0.9181645291,0.9288771658,0.9187400000,-0.0239450916,-0.0222792525,-0.0232792525,-0.0138547235,-0.0031420868,-0.0132792525
1.492,0.9321504273,0.9082100661,0.9098800000,0.9088800000,0.9182927178,0.9290587192,0.9188800000,-0.0239403612,-0.0222704273,-0.0232704273,-0.0138577096,-0.0030917082,-0.0132704273
1.493,0.9322814065,0.9083459712,0.9100200000,0.9090200000,0.9184209065,0.9292402725,0.9190200000,-0.0239354353,-0.0222614065,-0.0232614065,-0.0138605001,-0.0030411340,-0.0132614065
1.494,0.9324121904,0.9084818763,0.9101600000,0.9091600000,0.9185490952,0.9294218259,0.9191600000,-0.0239303140,-0.0222521904,-0.0232521904,-0.0138630952,-0.0029903645,-0.0132521904
1.495,0.9325427789,0.9086177815,0.9103000000,0.9093000000,0.9186772839,0.9296033793,0.9193000000,-0.0239249975,-0.0222427789,-0.0232427789,-0.0138654950,-0.0029393997,-0.0132427789
1.496,0.9326731724,0.9087536866,0.9104400000,0.9094400000,0.9188054726,0.9297849326,0.9194400000,-0.0239194858,-0.0222331724,-0.0232331724,-0.0138676998,-0.0028882398,-0.0132331724
1.497,0.9328033710,0.9088895917,0.9105800000,0.9095800000,0.9189336613,0.9299664860,0.9195800000,-0.0239137793,-0.0222233710,-0.0232233710,-0.0138697096,-0.0028368850,-0.0132233710
1.498,0.9329333748,0.9090254968,0.9107200000,0.9097200000,0.9190618500,0.9301480394,0.9197200000,-0.0239078780,-0.0222133748,-0.0232133748,-0.0138715247,-0.0027853354,-0.0132133748
1.499,0.9330631840,0.9091614019,0.9108600000,0.9098600000,0.9191900388,0.9303295927,0.9198600000,-0.0239017820,-0.0222031840,-0.0232031840,-0.0138731452,-0.0027335912,-0.0132031840
1.500,0.9331927987,0.9092973071,0.9110000000,0.9100000000,0.9193182275,0.9305111461,0.9200000000,-0.0238954917,-0.0221927987,-0.0231927987,-0.0138745713,-0.0026816526,-0.0131927987
1.501,0.9333222192,0.9094332122,0.9111400000,0.9101400000,0.9194464162,0.9306926995,0.9201400000,-0.0238890070,-0.0221822192,-0.0231822192,-0.0138758030,-0.0026295198,-0.0131822192
1.502,0.9334514456,0.9095691173,0.9112800000,0.9102800000,0.9195746049,0.9308742528,0.9202800000,-0.0238823283,-0.0221714456,-0.0231714456,-0.0138768407,-0.0025771928,-0.0131714456
1.503,0.9335804780,0.9097050224,0.9114200000,0.9104200000,0.9197027936,0.9310558062,0.9204200000,-0.0238754556,-0.0221604780,-0.0231604780,-0.0138776844,-0.0025246718,-0.0131604780
1.504,0.9337093166,0.9098409275,0.9115600000,0.9105600000,0.9198309823,0.9312373596,0.9205600000,-0.0238683891,-0.0221493166,-0.0231493166,-0.0138783343,-0.0024719571,-0.0131493166
1.505,0.9338379616,0.9099768327,0.9117000000,0.9107000000,0.9199591710,0.9314189129,0.9207000000,-0.0238611290,-0.0221379616,-0.0231379616,-0.0138787906,-0.0024190487,-0.0131379616
1.506,0.9339664132,0.9101127378,0.9118400000,0.9108400000,0.9200873598,0.9316004663,0.9208400000,-0.0238536754,-0.0221264132,-0.0231264132,-0.0138790534,-0.0023659469,-0.0131264132
1.507,0.9340946714,0.9102486429,0.9119800000,0.9109800000,0.9202155485,0.9317820197,0.9209800000,-0.0238460285,-0.0221146714,-0.0231146714,-0.0138791229,-0.0023126517,-0.0131146714
1.508,0.9342227365,0.9103845480,0.9121200000,0.9111200000,0.9203437372,0.9319635730,0.9211200000,-0.0238381885,-0.0221027365,-0.0231027365,-0.0138789993,-0.0022591635,-0.0131027365
1.509,0.9343506086,0.9105204532,0.9122600000,0.9112600000,0.9204719259,0.9321451264,0.9212600000,-0.0238301555,-0.0220906086,-0.0230906086,-0.0138786827,-0.0022054822,-0.0130906086
1.510,0.9344782879,0.9106563583,0.9124000000,0.9114000000,0.9206001146,0.9323266798,0.9214000000,-0.0238219296,-0.0220782879,-0.0230782879,-0.0138781733,-0.0021516082,-0.0130782879
1.511,0.9346057746,0.9107922634,0.9125400000,0.9115400000,0.9207283033,0.9325082331,0.9215400000,-0.0238135112,-0.0220657746,-0.0230657746,-0.0138774712,-0.0020975414,-0.0130657746
1.512,0.9347330687,0.9109281685,0.9126800000,0.9116800000,0.9208564920,0.9326897865,0.9216800000,-0.0238049002,-0.0220530687,-0.0230530687,-0.0138765767,-0.0020432822,-0.0130530687
1.513,0.9348601706,0.9110640736,0.9128200000,0.9118200000,0.9209846808,0.9328713399,0.9218200000,-0.0237960969,-0.0220401706,-0.0230401706,-0.0138754898,-0.0019888307,-0.0130401706
1.514,0.9349870803,0.9111999788,0.9129600000,0.9119600000,0.9211128695,0.9330528932,0.9219600000,-0.0237871015,-0.0220270803,-0.0230270803,-0.0138742108,-0.0019341870,-0.0130270803
1.515,0.9351137979,0.9113358839,0.9131000000,0.9121000000,0.9212410582,0.9332344466,0.9221000000,-0.0237779141,-0.0220137979,-0.0230137979,-0.0138727398,-0.0018793513,-0.0130137979
1.516,0.9352403238,0.9114717890,0.9132400000,0.9122400000,0.9213692469,0.9334160000,0.9222400000,-0.0237685348,-0.0220003238,-0.0230003238,-0.0138710769,-0.0018243238,-0.0130003238
1.517,0.9353666580,0.9116076941,0.9133800000,0.9123800000,0.9214974356,0.9335975533,0.9223800000,-0.0237589639,-0.0219866580,-0.0229866580,-0.0138692224,-0.0017691047,-0.0129866580
1.518,0.9354928007,0.9117435993,0.9135200000,0.9125200000,0.9216256243,0.9337791067,0.9225200000,-0.0237492014,-0.0219728007,-0.0229728007,-0.0138671763,-0.0017136940,-0.0129728007
1.519,0.9356187520,0.9118795044,0.9136600000,0.9126600000,0.9217538130,0.9339606601,0.9226600000,-0.0237392476,-0.0219587520,-0.0229587520,-0.0138649390,-0.0016580919,-0.0129587520
1.520,0.9357445122,0.9120154095,0.9138000000,0.9128000000,0.9218820018,0.9341422134,0.9228000000,-0.0237291027,-0.0219445122,-0.0229445122,-0.0138625104,-0.0016022988,-0.0129445122
1.521,0.9358700813,0.9121513146,0.9139400000,0.9129400000,0.9220101905,0.9343237668,0.9229400000,-0.0237187667,-0.0219300813,-0.0229300813,-0.0138598909,-0.0015463145,-0.0129300813
1.522,0.9359954597,0.9122872197,0.9140800000,0.9130800000,0.9221383792,0.9345053202,0.9230800000,-0.0237082399,-0.0219154597,-0.0229154597,-0.0138570805,-0.0014901395,-0.0129154597
1.523,0.9361206473,0.9124231249,0.9142200000,0.9132200000,0.9222665679,0.9346868735,0.9232200000,-0.0236975224,-0.0219006473,-0.0229006473,-0.0138540794,-0.0014337738,-0.0129006473
1.524,0.9362456444,0.9125590300,0.9143600000,0.9133600000,0.9223947566,0.9348684269,0.9233600000,-0.0236866144,-0.0218856444,-0.0228856444,-0.0138508878,-0.0013772175,-0.0128856444
1.525,0.9363704512,0.9126949351,0.9145000000,0.9135000000,0.9225229453,0.9350499803,0.9235000000,-0.0236755161,-0.0218704512,-0.0228704512,-0.0138475058,-0.0013204709,-0.0128704512
1.526,0.9364950678,0.9128308402,0.9146400000,0.9136400000,0.9226511340,0.9352315336,0.9236400000,-0.0236642275,-0.0218550678,-0.0228550678,-0.0138439337,-0.0012635341,-0.0128550678
1.527,0.9366194943,0.9129667454,0.9147800000,0.9137800000,0.9227793228,0.9354130870,0.9237800000,-0.0236527490,-0.0218394943,-0.0228394943,-0.0138401716,-0.0012064073,-0.0128394943
1.528,0.9367437310,0.9131026505,0.9149200000,0.9139200000,0.9229075115,0.9355946404,0.9239200000,-0.0236410805,-0.0218237310,-0.0228237310,-0.0138362196,-0.0011490907,-0.0128237310
1.529,0.9368677780,0.9132385556,0.9150600000,0.9140600000,0.9230357002,0.9357761937,0.9240600000,-0.0236292224,-0.0218077780,-0.0228077780,-0.0138320779,-0.0010915843,-0.0128077780
1.530,0.9369916355,0.9133744607,0.9152000000,0.9142000000,0.9231638889,0.9359577471,0.9242000000,-0.0236171748,-0.0217916355,-0.0227916355,-0.0138277466,-0.0010338884,-0.0127916355
1.531,0.9371153037,0.9135103658,0.9153400000,0.9143400000,0.9232920776,0.9361393005,0.9243400000,-0.0236049378,-0.0217753037,-0.0227753037,-0.0138232261,-0.0009760032,-0.0127753037
1.532,0.9372387826,0.9136462710,0.9154800000,0.9144800000,0.9234202663,0.9363208538,0.9244800000,-0.0235925117,-0.0217587826,-0.0227587826,-0.0138185163,-0.0009179288,-0.0127587826
1.533,0.9373620725,0.9137821761,0.9156200000,0.9146200000,0.9235484550,0.9365024072,0.9246200000,-0.0235798965,-0.0217420725,-0.0227420725,-0.0138136175,-0.0008596653,-0.0127420725
1.534,0.9374851736,0.9139180812,0.9157600000,0.9147600000,0.9236766437,0.9366839606,0.9247600000,-0.0235670924,-0.0217251736,-0.0227251736,-0.0138085299,-0.0008012130,-0.0127251736
1.535,0.9376080860,0.9140539863,0.9159000000,0.9149000000,0.9238048325,0.9368655139,0.9249000000,-0.0235540997,-0.0217080860,-0.0227080860,-0.0138032535,-0.0007425720,-0.0127080860
1.536,0.9377308098,0.9141898915,0.9160400000,0.9150400000,0.9239330212,0.9370470673,0.9250400000,-0.0235409184,-0.0216908098,-0.0226908098,-0.0137977887,-0.0006837425,-0.0126908098
1.537,0.9378533453,0.9143257966,0.9161800000,0.9151800000,0.9240612099,0.9372286207,0.9251800000,-0.0235275487,-0.0216733453,-0.0226733453,-0.0137921354,-0.0006247246,-0.0126733453
1.538,0.9379756926,0.9144617017,0.9163200000,0.9153200000,0.9241893986,0.9374101740,0.9253200000,-0.0235139909,-0.0216556926,-0.0226556926,-0.0137862940,-0.0005655186,-0.0126556926
1.539,0.9380978519,0.9145976068,0.9164600000,0.9154600000,0.9243175873,0.9375917274,0.9254600000,-0.0235002451,-0.0216378519,-0.0226378519,-0.0137802646,-0.0005061245,-0.0126378519
1.540,0.9382198233,0.9147335119,0.9166000000,0.9156000000,0.9244457760,0.9377732808,0.9256000000,-0.0234863113,-0.0216198233,-0.0226198233,-0.0137740473,-0.0004465425,-0.0126198233
1.541,0.9383416070,0.9148694171,0.9167400000,0.9157400000,0.9245739647,0.9379548341,0.9257400000,-0.0234721899,-0.0216016070,-0.0226016070,-0.0137676423,-0.0003867729,-0.0126016070
1.542,0.9384632032,0.9150053222,0.9168800000,0.9158800000,0.9247021535,0.9381363875,0.9258800000,-0.0234578810,-0.0215832032,-0.0225832032,-0.0137610497,-0.0003268157,-0.0125832032
1.543,0.9385846120,0.9151412273,0.9170200000,0.9160200000,0.9248303422,0.9383179409,0.9260200000,-0.0234433847,-0.0215646120,-0.0225646120,-0.0137542699,-0.0002666712,-0.0125646120
1.544,0.9387058337,0.9152771324,0.9171600000,0.9161600000,0.9249585309,0.9384994942,0.9261600000,-0.0234287013,-0.0215458337,-0.0225458337,-0.0137473028,-0.0002063395,-0.0125458337
1.545,0.9388268683,0.9154130375,0.9173000000,0.9163000000,0.9250867196,0.9386810476,0.9263000000,-0.0234138308,-0.0215268683,-0.0225268683,-0.0137401487,-0.0001458207,-0.0125268683
1.546,0.9389477161,0.9155489427,0.9174400000,0.9164400000,0.9252149083,0.9388626010,0.9264400000,-0.0233987734,-0.0215077161,-0.0225077161,-0.0137328078,-0.0000851151,-0.0125077161
1.547,0.9390683772,0.9156848478,0.9175800000,0.9165800000,0.9253430970,0.9390441543,0.9265800000,-0.0233835294,-0.0214883772,-0.0224883772,-0.0137252801,-0.0000242228,-0.0124883772
1.548,0.9391888517,0.9158207529,0.9177200000,0.9167200000,0.9254712857,0.9392257077,0.9267200000,-0.0233680988,-0.0214688517,-0.0224688517,-0.0137175660,0.0000368560,-0.0124688517
1.549,0.9393091400,0.9159566580,0.9178600000,0.9168600000,0.9255994745,0.9394072611,0.9268600000,-0.0233524819,-0.0214491400,-0.0224491400,-0.0137096655,0.0000981211,-0.0124491400
1.550,0.9394292420,0.9160925632,0.9180000000,0.9170000000,0.9257276632,0.9395888144,0.9270000000,-0.0233366788,-0.0214292420,-0.0224292420,-0.0137015788,0.0001595724,-0.0124292420
1.551,0.9395491580,0.9162284683,0.9181400000,0.9171400000,0.9258558519,0.9397703678,0.9271400000,-0.0233206897,-0.0214091580,-0.0224091580,-0.0136933061,0.0002212098,-0.0124091580
1.552,0.9396688882,0.9163643734,0.9182800000,0.9172800000,0.9259840406,0.9399519212,0.9272800000,-0.0233045148,-0.0213888882,-0.0223888882,-0.0136848476,0.0002830330,-0.0123888882
1.553,0.9397884327,0.9165002785,0.9184200000,0.9174200000,0.9261122293,0.9401334745,0.9274200000,-0.0232881542,-0.0213684327,-0.0223684327,-0.0136762034,0.0003450418,-0.0123684327
1.554,0.9399077917,0.9166361836,0.9185600000,0.9175600000,0.9262404180,0.9403150279,0.9275600000,-0.0232716080,-0.0213477917,-0.0223477917,-0.0136673737,0.0004072362,-0.0123477917
1.555,0.9400269653,0.9167720888,0.9187000000,0.9177000000,0.9263686067,0.9404965813,0.9277000000,-0.0232548766,-0.0213269653,-0.0223269653,-0.0136583586,0.0004696159,-0.0123269653
1.556,0.9401459538,0.9169079939,0.9188400000,0.9178400000,0.9264967955,0.9406781346,0.9278400000,-0.0232379599,-0.0213059538,-0.0223059538,-0.0136491584,0.0005321808,-0.0123059538
1.557,0.9402647573,0.9170438990,0.9189800000,0.9179800000,0.9266249842,0.9408596880,0.9279800000,-0.0232208583,-0.0212847573,-0.0222847573,-0.0136397731,0.0005949307,-0.0122847573
1.558,0.9403833759,0.9171798041,0.9191200000,0.9181200000,0.9267531729,0.9410412414,0.9281200000,-0.0232035718,-0.0212633759,-0.0222633759,-0.0136302031,0.0006578654,-0.0122633759
1.559,0.9405018099,0.9173157093,0.9192600000,0.9182600000,0.9268813616,0.9412227947,0.9282600000,-0.0231861007,-0.0212418099,-0.0222418099,-0.0136204483,0.0007209848,-0.0122418099
1.560,0.9406200594,0.9174516144,0.9194000000,0.9184000000,0.9270095503,0.9414043481,0.9284000000,-0.0231684450,-0.0212200594,-0.0222200594,-0.0136105091,0.0007842887,-0.0122200594
1.561,0.9407381246,0.9175875195,0.9195400000,0.9185400000,0.9271377390,0.9415859015,0.9285400000,-0.0231506051,-0.0211981246,-0.0221981246,-0.0136003855,0.0008477769,-0.0121981246
1.562,0.9408560056,0.9177234246,0.9196800000,0.9186800000,0.9272659277,0.9417674548,0.9286800000,-0.0231325809,-0.0211760056,-0.0221760056,-0.0135900778,0.0009114493,-0.0121760056
1.563,0.9409737026,0.9178593297,0.9198200000,0.9188200000,0.9273941164,0.9419490082,0.9288200000,-0.0231143728,-0.0211537026,-0.0221537026,-0.0135795861,0.0009753056,-0.0121537026
1.564,0.9410912158,0.9179952349,0.9199600000,0.9189600000,0.9275223052,0.9421305616,0.9289600000,-0.0230959809,-0.0211312158,-0.0221312158,-0.0135689106,0.0010393458,-0.0121312158
1.565,0.9412085453,0.9181311400,0.9201000000,0.9191000000,0.9276504939,0.9423121149,0.9291000000,-0.0230774054,-0.0211085453,-0.0221085453,-0.0135580515,0.0011035696,-0.0121085453
1.566,0.9413256914,0.9182670451,0.9202400000,0.9192400000,0.9277786826,0.9424936683,0.9292400000,-0.0230586463,-0.0210856914,-0.0220856914,-0.0135470088,0.0011679769,-0.0120856914
1.567,0.9414426542,0.9184029502,0.9203800000,0.9193800000,0.9279068713,0.9426752217,0.9293800000,-0.0230397040,-0.0210626542,-0.0220626542,-0.0135357829,0.0012325675,-0.0120626542
1.568,0.9415594338,0.9185388554,0.9205200000,0.9195200000,0.9280350600,0.9428567750,0.9295200000,-0.0230205785,-0.0210394338,-0.0220394338,-0.0135243738,0.0012973412,-0.0120394338
1.569,0.9416760305,0.9186747605,0.9206600000,0.9196600000,0.9281632487,0.9430383284,0.9296600000,-0.0230012700,-0.0210160305,-0.0220160305,-0.0135127818,0.0013622979,-0.0120160305
1.570,0.9417924444,0.9188106656,0.9208000000,0.9198000000,0.9282914374,0.9432198818,0.9298000000,-0.0229817788,-0.0209924444,-0.0219924444,-0.0135010069,0.0014274374,-0.0119924444
1.571,0.9419086756,0.9189465707,0.9209400000,0.9199400000,0.9284196262,0.9434014351,0.9299400000,-0.0229621049,-0.0209686756,-0.0219686756,-0.0134890494,0.0014927595,-0.0119686756
1.572,0.9420247244,0.9190824758,0.9210800000,0.9200800000,0.9285478149,0.9435829885,0.9300800000,-0.0229422485,-0.0209447244,-0.0219447244,-0.0134769095,0.0015582641,-0.0119447244
1.573,0.9421405909,0.9192183810,0.9212200000,0.9202200000,0.9286760036,0.9437645419,0.9302200000,-0.0229222099,-0.0209205909,-0.0219205909,-0.0134645873,0.0016239510,-0.0119205909
1.574,0.9422562753,0.9193542861,0.9213600000,0.9203600000,0.9288041923,0.9439460952,0.9303600000,-0.0229019892,-0.0208962753,-0.0218962753,-0.0134520830,0.0016898200,-0.0118962753
1.575,0.9423717777,0.9194901912,0.9215000000,0.9205000000,0.9289323810,0.9441276486,0.9305000000,-0.0228815865,-0.0208717777,-0.0218717777,-0.0134393967,0.0017558709,-0.0118717777
1.576,0.9424870984,0.9196260963,0.9216400000,0.9206400000,0.9290605697,0.9443092020,0.9306400000,-0.0228610021,-0.0208470984,-0.0218470984,-0.0134265287,0.0018221036,-0.0118470984
1.577,0.9426022375,0.9197620015,0.9217800000,0.9207800000,0.9291887584,0.9444907554,0.9307800000,-0.0228402360,-0.0208222375,-0.0218222375,-0.0134134790,0.0018885179,-0.0118222375
1.578,0.9427171951,0.9198979066,0.9219200000,0.9209200000,0.9293169472,0.9446723087,0.9309200000,-0.0228192885,-0.0207971951,-0.0217971951,-0.0134002479,0.0019551136,-0.0117971951
1.579,0.9428319715,0.9200338117,0.9220600000,0.9210600000,0.9294451359,0.9448538621,0.9310600000,-0.0227981598,-0.0207719715,-0.0217719715,-0.0133868356,0.0020218906,-0.0117719715
1.580,0.9429465668,0.9201697168,0.9222000000,0.9212000000,0.9295733246,0.9450354155,0.9312000000,-0.0227768499,-0.0207465668,-0.0217465668,-0.0133732422,0.0020888487,-0.0117465668
1.581,0.9430609811,0.9203056219,0.9223400000,0.9213400000,0.9297015133,0.9452169688,0.9313400000,-0.0227553592,-0.0207209811,-0.0217209811,-0.0133594678,0.0021559877,-0.0117209811
1.582,0.9431752148,0.9204415271,0.9224800000,0.9214800000,0.9298297020,0.9453985222,0.9314800000,-0.0227336877,-0.0206952148,-0.0216952148,-0.0133455127,0.0022233074,-0.0116952148
1.583,0.9432892678,0.9205774322,0.9226200000,0.9216200000,0.9299578907,0.9455800756,0.9316200000,-0.0227118356,-0.0206692678,-0.0216692678,-0.0133313771,0.0022908077,-0.0116692678
1.584,0.9434031405,0.9207133373,0.9227600000,0.9217600000,0.9300860794,0.9457616289,0.9317600000,-0.0226898031,-0.0206431405,-0.0216431405,-0.0133170610,0.0023584885,-0.0116431405
1.585,0.9435168329,0.9208492424,0.9229000000,0.9219000000,0.9302142682,0.9459431823,0.9319000000,-0.0226675904,-0.0206168329,-0.0216168329,-0.0133025647,0.0024263494,-0.0116168329
1.586,0.9436303452,0.9209851476,0.9230400000,0.9220400000,0.9303424569,0.9461247357,0.9320400000,-0.0226451977,-0.0205903452,-0.0215903452,-0.0132878884,0.0024943904,-0.0115903452
1.587,0.9437436777,0.9211210527,0.9231800000,0.9221800000,0.9304706456,0.9463062890,0.9321800000,-0.0226226250,-0.0205636777,-0.0215636777,-0.0132730321,0.0025626113,-0.0115636777
1.588,0.9438568304,0.9212569578,0.9233200000,0.9223200000,0.9305988343,0.9464878424,0.9323200000,-0.0225998726,-0.0205368304,-0.0215368304,-0.0132579961,0.0026310119,-0.0115368304
1.589,0.9439698036,0.9213928629,0.9234600000,0.9224600000,0.9307270230,0.9466693958,0.9324600000,-0.0225769407,-0.0205098036,-0.0215098036,-0.0132427806,0.0026995921,-0.0115098036
1.590,0.9440825975,0.9215287680,0.9236000000,0.9226000000,0.9308552117,0.9468509491,0.9326000000,-0.0225538294,-0.0204825975,-0.0214825975,-0.0132273858,0.0027683516,-0.0114825975
1.591,0.9441952121,0.9216646732,0.9237400000,0.9227400000,0.9309834004,0.9470325025,0.9327400000,-0.0225305390,-0.0204552121,-0.0214552121,-0.0132118117,0.0028372904,-0.0114552121
1.592,0.9443076477,0.9218005783,0.9238800000,0.9228800000,0.9311115892,0.9472140559,0.9328800000,-0.0225070694,-0.0204276477,-0.0214276477,-0.0131960586,0.0029064081,-0.0114276477
1.593,0.9444199045,0.9219364834,0.9240200000,0.9230200000,0.9312397779,0.9473956092,0.9330200000,-0.0224834211,-0.0203999045,-0.0213999045,-0.0131801266,0.0029757047,-0.0113999045
1.594,0.9445319825,0.9220723885,0.9241600000,0.9231600000,0.9313679666,0.9475771626,0.9331600000,-0.0224595940,-0.0203719825,-0.0213719825,-0.0131640160,0.0030451800,-0.0113719825
1.595,0.9446438821,0.9222082936,0.9243000000,0.9233000000,0.9314961553,0.9477587160,0.9333000000,-0.0224355885,-0.0203438821,-0.0213438821,-0.0131477268,0.0031148338,-0.0113438821
1.596,0.9447556033,0.9223441988,0.9244400000,0.9234400000,0.9316243440,0.9479402693,0.9334400000,-0.0224114046,-0.0203156033,-0.0213156033,-0.0131312593,0.0031846660,-0.0113156033
1.597,0.9448671464,0.9224801039,0.9245800000,0.9235800000,0.9317525327,0.9481218227,0.9335800000,-0.0223870425,-0.0202871464,-0.0212871464,-0.0131146137,0.0032546763,-0.0112871464
1.598,0.9449785115,0.9226160090,0.9247200000,0.9237200000,0.9318807214,0.9483033761,0.9337200000,-0.0223625024,-0.0202585115,-0.0212585115,-0.0130977900,0.0033248646,-0.0112585115
1.599,0.9450896987,0.9227519141,0.9248600000,0.9238600000,0.9320089101,0.9484849294,0.9338600000,-0.0223377846,-0.0202296987,-0.0212296987,-0.0130807886,0.0033952307,-0.0112296987
1.600,0.9452007083,0.9228878193,0.9250000000,0.9240000000,0.9321370989,0.9486664828,0.9340000000,-0.0223128890,-0.0202007083,-0.0212007083,-0.0130636094,0.0034657745,-0.0112007083
1.601,0.9453115404,0.9230237244,0.9251400000,0.9241400000,0.9322652876,0.9488480362,0.9341400000,-0.0222878160,-0.0201715404,-0.0211715404,-0.0130462529,0.0035364957,-0.0111715404
1.602,0.9454221953,0.9231596295,0.9252800000,0.9242800000,0.9323934763,0.9490295895,0.9342800000,-0.0222625658,-0.0201421953,-0.0211421953,-0.0130287190,0.0036073943,-0.0111421953
1.603,0.9455326730,0.9232955346,0.9254200000,0.9244200000,0.9325216650,0.9492111429,0.9344200000,-0.0222371383,-0.0201126730,-0.0211126730,-0.0130110079,0.0036784699,-0.0111126730
1.604,0.9456429737,0.9234314397,0.9255600000,0.9245600000,0.9326498537,0.9493926963,0.9345600000,-0.0222115340,-0.0200829737,-0.0210829737,-0.0129931200,0.0037497226,-0.0110829737
1.605,0.9457530977,0.9235673449,0.9257000000,0.9247000000,0.9327780424,0.9495742496,0.9347000000,-0.0221857528,-0.0200530977,-0.0210530977,-0.0129750552,0.0038211520,-0.0110530977
1.606,0.9458630450,0.9237032500,0.9258400000,0.9248400000,0.9329062311,0.9497558030,0.9348400000,-0.0221597950,-0.0200230450,-0.0210230450,-0.0129568139,0.0038927580,-0.0110230450
1.607,0.9459728159,0.9238391551,0.9259800000,0.9249800000,0.9330344199,0.9499373564,0.9349800000,-0.0221336608,-0.0199928159,-0.0209928159,-0.0129383961,0.0039645404,-0.0109928159
1.608,0.9460824106,0.9239750602,0.9261200000,0.9251200000,0.9331626086,0.9501189097,0.9351200000,-0.0221073504,-0.0199624106,-0.0209624106,-0.0129198020,0.0040364991,-0.0109624106
1.609,0.9461918292,0.9241109654,0.9262600000,0.9252600000,0.9332907973,0.9503004631,0.9352600000,-0.0220808638,-0.0199318292,-0.0209318292,-0.0129010319,0.0041086339,-0.0109318292
1.610,0.9463010719,0.9242468705,0.9264000000,0.9254000000,0.9334189860,0.9504820165,0.9354000000,-0.0220542014,-0.0199010719,-0.0209010719,-0.0128820859,0.0041809446,-0.0109010719
1.611,0.9464101388,0.9243827756,0.9265400000,0.9255400000,0.9335471747,0.9506635698,0.9355400000,-0.0220273632,-0.0198701388,-0.0208701388,-0.0128629641,0.0042534311,-0.0108701388
1.612,0.9465190301,0.9245186807,0.9266800000,0.9256800000,0.9336753634,0.9508451232,0.9356800000,-0.0220003494,-0.0198390301,-0.0208390301,-0.0128436667,0.0043260931,-0.0108390301
1.613,0.9466277461,0.9246545858,0.9268200000,0.9258200000,0.9338035521,0.9510266766,0.9358200000,-0.0219731603,-0.0198077461,-0.0208077461,-0.0128241940,0.0043989305,-0.0108077461
1.614,0.9467362869,0.9247904910,0.9269600000,0.9259600000,0.9339317409,0.9512082299,0.9359600000,-0.0219457959,-0.0197762869,-0.0207762869,-0.0128045460,0.0044719431,-0.0107762869
1.615,0.9468446526,0.9249263961,0.9271000000,0.9261000000,0.9340599296,0.9513897833,0.9361000000,-0.0219182565,-0.0197446526,-0.0207446526,-0.0127847230,0.0045451307,-0.0107446526
1.616,0.9469528434,0.9250623012,0.9272400000,0.9262400000,0.9341881183,0.9515713367,0.9362400000,-0.0218905422,-0.0197128434,-0.0207128434,-0.0127647251,0.0046184933,-0.0107128434
1.617,0.9470608595,0.9251982063,0.9273800000,0.9263800000,0.9343163070,0.9517528900,0.9363800000,-0.0218626532,-0.0196808595,-0.0206808595,-0.0127445525,0.0046920305,-0.0106808595
1.618,0.9471687012,0.9253341115,0.9275200000,0.9265200000,0.9344444957,0.9519344434,0.9365200000,-0.0218345897,-0.0196487012,-0.0206487012,-0.0127242055,0.0047657422,-0.0106487012
1.619,0.9472763684,0.9254700166,0.9276600000,0.9266600000,0.9345726844,0.9521159968,0.9366600000,-0.0218063519,-0.0196163684,-0.0206163684,-0.0127036840,0.0048396283,-0.0106163684
1.620,0.9473838615,0.9256059217,0.9278000000,0.9268000000,0.9347008731,0.9522975501,0.9368000000,-0.0217779398,-0.0195838615,-0.0205838615,-0.0126829884,0.0049136886,-0.0105838615
1.621,0.9474911807,0.9257418268,0.9279400000,0.9269400000,0.9348290619,0.9524791035,0.9369400000,-0.0217493538,-0.0195511807,-0.0205511807,-0.0126621188,0.0049879228,-0.0105511807
1.622,0.9475983259,0.9258777319,0.9280800000,0.9270800000,0.9349572506,0.9526606569,0.9370800000,-0.0217205940,-0.0195183259,-0.0205183259,-0.0126410754,0.0050623309,-0.0105183259
1.623,0.9477052976,0.9260136371,0.9282200000,0.9272200000,0.9350854393,0.9528422102,0.9372200000,-0.0216916605,-0.0194852976,-0.0204852976,-0.0126198583,0.0051369127,-0.0104852976
1.624,0.9478120957,0.9261495422,0.9283600000,0.9273600000,0.9352136280,0.9530237636,0.9373600000,-0.0216625535,-0.0194520957,-0.0204520957,-0.0125984677,0.0052116679,-0.0104520957
1.625,0.9479187206,0.9262854473,0.9285000000,0.9275000000,0.9353418167,0.9532053170,0.9375000000,-0.0216332733,-0.0194187206,-0.0204187206,-0.0125769039,0.0052865964,-0.0104187206
1.626,0.9480251723,0.9264213524,0.9286400000,0.9276400000,0.9354700054,0.9533868703,0.9376400000,-0.0216038199,-0.0193851723,-0.0203851723,-0.0125551669,0.0053616980,-0.0103851723
1.627,0.9481314511,0.9265572576,0.9287800000,0.9277800000,0.9355981941,0.9535684237,0.9377800000,-0.0215741936,-0.0193514511,-0.0203514511,-0.0125332570,0.0054369726,-0.0103514511
1.628,0.9482375571,0.9266931627,0.9289200000,0.9279200000,0.9357263829,0.9537499771,0.9379200000,-0.0215443944,-0.0193175571,-0.0203175571,-0.0125111743,0.0055124200,-0.0103175571
1.629,0.9483434905,0.9268290678,0.9290600000,0.9280600000,0.9358545716,0.9539315304,0.9380600000,-0.0215144227,-0.0192834905,-0.0202834905,-0.0124889190,0.0055880399,-0.0102834905
1.630,0.9484492515,0.9269649729,0.9292000000,0.9282000000,0.9359827603,0.9541130838,0.9382000000,-0.0214842786,-0.0192492515,-0.0202492515,-0.0124664912,0.0056638323,-0.0102492515
1.631,0.9485548402,0.9271008780,0.9293400000,0.9283400000,0.9361109490,0.9542946372,0.9383400000,-0.0214539622,-0.0192148402,-0.0202148402,-0.0124438913,0.0057397969,-0.0102148402
1.632,0.9486602569,0.9272367832,0.9294800000,0.9284800000,0.9362391377,0.9544761905,0.9384800000,-0.0214234737,-0.0191802569,-0.0201802569,-0.0124211192,0.0058159336,-0.0101802569
1.633,0.9487655017,0.9273726883,0.9296200000,0.9286200000,0.9363673264,0.9546577439,0.9386200000,-0.0213928134,-0.0191455017,-0.0201455017,-0.0123981752,0.0058922422,-0.0101455017
1.634,0.9488705747,0.9275085934,0.9297600000,0.9287600000,0.9364955151,0.9548392973,0.9387600000,-0.0213619813,-0.0191105747,-0.0201105747,-0.0123750596,0.0059687226,-0.0101105747
1.635,0.9489754762,0.9276444985,0.9299000000,0.9289000000,0.9366237038,0.9550208506,0.9389000000,-0.0213309777,-0.0190754762,-0.0200754762,-0.0123517723,0.0060453744,-0.0100754762
1.636,0.9490802063,0.9277804036,0.9300400000,0.9290400000,0.9367518926,0.9552024040,0.9390400000,-0.0212998027,-0.0190402063,-0.0200402063,-0.0123283137,0.0061221977,-0.0100402063
1.637,0.9491847652,0.9279163088,0.9301800000,0.9291800000,0.9368800813,0.9553839574,0.9391800000,-0.0212684564,-0.0190047652,-0.0200047652,-0.0123046839,0.0061991922,-0.0100047652
1.638,0.9492891531,0.9280522139,0.9303200000,0.9293200000,0.9370082700,0.9555655107,0.9393200000,-0.0212369392,-0.0189691531,-0.0199691531,-0.0122808831,0.0062763576,-0.0099691531
1.639,0.9493933702,0.9281881190,0.9304600000,0.9294600000,0.9371364587,0.9557470641,0.9394600000,-0.0212052511,-0.0189333702,-0.0199333702,-0.0122569115,0.0063536940,-0.0099333702
1.640,0.9494974165,0.9283240241,0.9306000000,0.9296000000,0.9372646474,0.9559286175,0.9396000000,-0.0211733924,-0.0188974165,-0.0198974165,-0.0122327691,0.0064312009,-0.0098974165
1.641,0.9496012924,0.9284599293,0.9307400000,0.9297400000,0.9373928361,0.9561101708,0.9397400000,-0.0211413631,-0.0188612924,-0.0198612924,-0.0122084563,0.0065088784,-0.0098612924
1.642,0.9497049980,0.9285958344,0.9308800000,0.9298800000,0.9375210248,0.9562917242,0.9398800000,-0.0211091636,-0.0188249980,-0.0198249980,-0.0121839731,0.0065867262,-0.0098249980
1.643,0.9498085334,0.9287317395,0.9310200000,0.9300200000,0.9376492136,0.9564732776,0.9400200000,-0.0210767939,-0.0187885334,-0.0197885334,-0.0121593198,0.0066647442,-0.0097885334
1.644,0.9499118988,0.9288676446,0.9311600000,0.9301600000,0.9377774023,0.9566548309,0.9401600000,-0.0210442542,-0.0187518988,-0.0197518988,-0.0121344965,0.0067429321,-0.0097518988
1.645,0.9500150945,0.9290035497,0.9313000000,0.9303000000,0.9379055910,0.9568363843,0.9403000000,-0.0210115447,-0.0187150945,-0.0197150945,-0.0121095035,0.0068212898,-0.0097150945
1.646,0.9501181205,0.9291394549,0.9314400000,0.9304400000,0.9380337797,0.9570179377,0.9404400000,-0.0209786656,-0.0186781205,-0.0196781205,-0.0120843408,0.0068998172,-0.0096781205
1.647,0.9502209771,0.9292753600,0.9315800000,0.9305800000,0.9381619684,0.9571994910,0.9405800000,-0.0209456171,-0.0186409771,-0.0196409771,-0.0120590087,0.0069785140,-0.0096409771
1.648,0.9503236644,0.9294112651,0.9317200000,0.9307200000,0.9382901571,0.9573810444,0.9407200000,-0.0209123993,-0.0186036644,-0.0196036644,-0.0120335073,0.0070573800,-0.0096036644
1.649,0.9504261826,0.9295471702,0.9318600000,0.9308600000,0.9384183458,0.9575625978,0.9408600000,-0.0208790124,-0.0185661826,-0.0195661826,-0.0120078368,0.0071364151,-0.0095661826
1.650,0.9505285320,0.9296830754,0.9320000000,0.9310000000,0.9385465346,0.9577441511,0.9410000000,-0.0208454566,-0.0185285320,-0.0195285320,-0.0119819974,0.0072156192,-0.0095285320
1.651,0.9506307126,0.9298189805,0.9321400000,0.9311400000,0.9386747233,0.9579257045,0.9411400000,-0.0208117321,-0.0184907126,-0.0194907126,-0.0119559893,0.0072949920,-0.0094907126
1.652,0.9507327246,0.9299548856,0.9322800000,0.9312800000,0.9388029120,0.9581072579,0.9412800000,-0.0207778390,-0.0184527246,-0.0194527246,-0.0119298126,0.0073745333,-0.0094527246
1.653,0.9508345682,0.9300907907,0.9324200000,0.9314200000,0.9389311007,0.9582888112,0.9414200000,-0.0207437775,-0.0184145682,-0.0194145682,-0.0119034675,0.0074542430,-0.0094145682
1.654,0.9509362436,0.9302266958,0.9325600000,0.9315600000,0.9390592894,0.9584703646,0.9415600000,-0.0207095478,-0.0183762436,-0.0193762436,-0.0118769542,0.0075341210,-0.0093762436
1.655,0.9510377510,0.9303626010,0.9327000000,0.9317000000,0.9391874781,0.9586519180,0.9417000000,-0.0206751501,-0.0183377510,-0.0193377510,-0.0118502729,0.0076141669,-0.0093377510
1.656,0.9511390906,0.9304985061,0.9328400000,0.9318400000,0.9393156668,0.9588334713,0.9418400000,-0.0206405845,-0.0182990906,-0.0192990906,-0.0118234238,0.0076943808,-0.0092990906
1.657,0.9512402625,0.9306344112,0.9329800000,0.9319800000,0.9394438556,0.9590150247,0.9419800000,-0.0206058512,-0.0182602625,-0.0192602625,-0.0117964069,0.0077747623,-0.0092602625
1.658,0.9513412668,0.9307703163,0.9331200000,0.9321200000,0.9395720443,0.9591965781,0.9421200000,-0.0205709505,-0.0182212668,-0.0192212668,-0.0117692225,0.0078553113,-0.0092212668
1.659,0.9514421038,0.9309062215,0.9332600000,0.9322600000,0.9397002330,0.9593781314,0.9422600000,-0.0205358824,-0.0181821038,-0.0191821038,-0.0117418709,0.0079360276,-0.0091821038
1.660,0.9515427737,0.9310421266,0.9334000000,0.9324000000,0.9398284217,0.9595596848,0.9424000000,-0.0205006472,-0.0181427737,-0.0191427737,-0.0117143520,0.0080169111,-0.0091427737
1.661,0.9516432766,0.9311780317,0.9335400000,0.9325400000,0.9399566104,0.9597412382,0.9425400000,-0.0204652449,-0.0181032766,-0.0191032766,-0.0116866662,0.0080979615,-0.0091032766
1.662,0.9517436128,0.9313139368,0.9336800000,0.9326800000,0.9400847991,0.9599227915,0.9426800000,-0.0204296759,-0.0180636128,-0.0190636128,-0.0116588136,0.0081791788,-0.0090636128
1.663,0.9518437823,0.9314498419,0.9338200000,0.9328200000,0.9402129878,0.9601043449,0.9428200000,-0.0203939403,-0.0180237823,-0.0190237823,-0.0116307944,0.0082605627,-0.0090237823
1.664,0.9519437853,0.9315857471,0.9339600000,0.9329600000,0.9403411765,0.9602858983,0.9429600000,-0.0203580382,-0.0179837853,-0.0189837853,-0.0116026088,0.0083421130,-0.0089837853
1.665,0.9520436221,0.9317216522,0.9341000000,0.9331000000,0.9404693653,0.9604674516,0.9431000000,-0.0203219699,-0.0179436221,-0.0189436221,-0.0115742568,0.0084238296,-0.0089436221
1.666,0.9521432928,0.9318575573,0.9342400000,0.9332400000,0.9405975540,0.9606490050,0.9432400000,-0.0202857355,-0.0179032928,-0.0189032928,-0.0115457388,0.0085057122,-0.0089032928
1.667,0.9522427976,0.9319934624,0.9343800000,0.9333800000,0.9407257427,0.9608305584,0.9433800000,-0.0202493351,-0.0178627976,-0.0188627976,-0.0115170549,0.0085877608,-0.0088627976
1.668,0.9523421366,0.9321293676,0.9345200000,0.9335200000,0.9408539314,0.9610121117,0.9435200000,-0.0202127691,-0.0178221366,-0.0188221366,-0.0114882052,0.0086699751,-0.0088221366
1.669,0.9524413101,0.9322652727,0.9346600000,0.9336600000,0.9409821201,0.9611936651,0.9436600000,-0.0201760374,-0.0177813101,-0.0187813101,-0.0114591900,0.0087523550,-0.0087813101
1.670,0.9525403182,0.9324011778,0.9348000000,0.9338000000,0.9411103088,0.9613752185,0.9438000000,-0.0201391404,-0.0177403182,-0.0187403182,-0.0114300094,0.0088349003,-0.0087403182
1.671,0.9526391611,0.9325370829,0.9349400000,0.9339400000,0.9412384975,0.9615567718,0.9439400000,-0.0201020782,-0.0176991611,-0.0186991611,-0.0114006635,0.0089176108,-0.0086991611
1.672,0.9527378390,0.9326729880,0.9350800000,0.9340800000,0.9413666863,0.9617383252,0.9440800000,-0.0200648509,-0.0176578390,-0.0186578390,-0.0113711527,0.0090004863,-0.0086578390
1.673,0.9528363520,0.9328088932,0.9352200000,0.9342200000,0.9414948750,0.9619198786,0.9442200000,-0.0200274588,-0.0176163520,-0.0186163520,-0.0113414770,0.0090835266,-0.0086163520
1.674,0.9529347003,0.9329447983,0.9353600000,0.9343600000,0.9416230637,0.9621014320,0.9443600000,-0.0199899020,-0.0175747003,-0.0185747003,-0.0113116366,0.0091667316,-0.0085747003
1.675,0.9530328842,0.9330807034,0.9355000000,0.9345000000,0.9417512524,0.9622279596,0.9445000000,-0.0199521808,-0.0175328842,-0.0185328842,-0.0112816318,0.0091950755,-0.0085328842
1.676,0.9531309037,0.9332166085,0.9356400000,0.9346400000,0.9418794411,0.9622564668,0.9446400000,-0.0199142952,-0.0174909037,-0.0184909037,-0.0112514626,0.0091255631,-0.0084909037
1.677,0.9532287591,0.9333525137,0.9357800000,0.9347800000,0.9420076298,0.9622849740,0.9447800000,-0.0198762454,-0.0174487591,-0.0184487591,-0.0112211292,0.0090562150,-0.0084487591
1.678,0.9533264505,0.9334884188,0.9359200000,0.9349200000,0.9421358185,0.9623134812,0.9449200000,-0.0198380317,-0.0174064505,-0.0184064505,-0.0111906319,0.0089870307,-0.0084064505
1.679,0.9534239781,0.9336243239,0.9360600000,0.9350600000,0.9422640073,0.9623419884,0.9450600000,-0.0197996542,-0.0173639781,-0.0183639781,-0.0111599709,0.0089180103,-0.0083639781
1.680,0.9535213421,0.9337602290,0.9362000000,0.9352000000,0.9423921960,0.9623704956,0.9452000000,-0.0197611131,-0.0173213421,-0.0183213421,-0.0111291462,0.0088491535,-0.0083213421
1.681,0.9536185427,0.9338961341,0.9363400000,0.9353400000,0.9425203847,0.9623990028,0.9453400000,-0.0197224086,-0.0172785427,-0.0182785427,-0.0110981580,0.0087804601,-0.0082785427
1.682,0.9537155800,0.9340320393,0.9364800000,0.9354800000,0.9426485734,0.9624275100,0.9454800000,-0.0196835408,-0.0172355800,-0.0182355800,-0.0110670066,0.0087119300,-0.0082355800
1.683,0.9538124543,0.9341679444,0.9366200000,0.9356200000,0.9427767621,0.9624560172,0.9456200000,-0.0196445099,-0.0171924543,-0.0181924543,-0.0110356922,0.0086435629,-0.0081924543
1.684,0.9539091656,0.9343038495,0.9367600000,0.9357600000,0.9429049508,0.9624845244,0.9457600000,-0.0196053161,-0.0171491656,-0.0181491656,-0.0110042148,0.0085753588,-0.0081491656
1.685,0.9540057142,0.9344397546,0.9369000000,0.9359000000,0.9430331395,0.9625130316,0.9459000000,-0.0195659596,-0.0171057142,-0.0181057142,-0.0109725747,0.0085073174,-0.0081057142
1.686,0.9541021003,0.9345756597,0.9370400000,0.9360400000,0.9431613283,0.9625415388,0.9460400000,-0.0195264406,-0.0170621003,-0.0180621003,-0.0109407721,0.0084394385,-0.0080621003
1.687,0.9541983240,0.9347115649,0.9371800000,0.9361800000,0.9432895170,0.9625700460,0.9461800000,-0.0194867592,-0.0170183240,-0.0180183240,-0.0109088071,0.0083717220,-0.0080183240
1.688,0.9542943855,0.9348474700,0.9373200000,0.9363200000,0.9434177057,0.9625985532,0.9463200000,-0.0194469155,-0.0169743855,-0.0179743855,-0.0108766798,0.0083041677,-0.0079743855
1.689,0.9543902850,0.9349833751,0.9374600000,0.9364600000,0.9435458944,0.9626270604,0.9464600000,-0.0194069099,-0.0169302850,-0.0179302850,-0.0108443906,0.0082367754,-0.0079302850
1.690,0.9544860227,0.9351192802,0.9376000000,0.9366000000,0.9436740831,0.9626555676,0.9466000000,-0.0193667424,-0.0168860227,-0.0178860227,-0.0108119396,0.0081695450,-0.0078860227
1.691,0.9545815987,0.9352551854,0.9377400000,0.9367400000,0.9438022718,0.9626840748,0.9467400000,-0.0193264133,-0.0168415987,-0.0178415987,-0.0107793269,0.0081024762,-0.0078415987
1.692,0.9546770132,0.9353910905,0.9378800000,0.9368800000,0.9439304605,0.9627125820,0.9468800000,-0.0192859227,-0.0167970132,-0.0177970132,-0.0107465527,0.0080355688,-0.0077970132
1.693,0.9547722664,0.9355269956,0.9380200000,0.9370200000,0.9440586493,0.9627410892,0.9470200000,-0.0192452708,-0.0167522664,-0.0177522664,-0.0107136171,0.0079688228,-0.0077522664
1.694,0.9548673585,0.9356629007,0.9381600000,0.9371600000,0.9441868380,0.9627695964,0.9471600000,-0.0192044578,-0.0167073585,-0.0177073585,-0.0106805205,0.0079022380,-0.0077073585
1.695,0.9549622896,0.9357988058,0.9383000000,0.9373000000,0.9443150267,0.9627981036,0.9473000000,-0.0191634838,-0.0166622896,-0.0176622896,-0.0106472629,0.0078358140,-0.0076622896
1.696,0.9550570600,0.9359347110,0.9384400000,0.9374400000,0.9444432154,0.9628266108,0.9474400000,-0.0191223490,-0.0166170600,-0.0176170600,-0.0106138446,0.0077695509,-0.0076170600
1.697,0.9551516697,0.9360706161,0.9385800000,0.9375800000,0.9445714041,0.9628551180,0.9475800000,-0.0190810536,-0.0165716697,-0.0175716697,-0.0105802656,0.0077034483,-0.0075716697
1.698,0.9552461191,0.9362065212,0.9387200000,0.9377200000,0.9446995928,0.9628836252,0.9477200000,-0.0190395979,-0.0165261191,-0.0175261191,-0.0105465263,0.0076375062,-0.0075261191
1.699,0.9553404082,0.9363424263,0.9388600000,0.9378600000,0.9448277815,0.9629121324,0.9478600000,-0.0189979819,-0.0164804082,-0.0174804082,-0.0105126267,0.0075717242,-0.0074804082
1.700,0.9554345372,0.9364783315,0.9390000000,0.9380000000,0.9449559702,0.9629406396,0.9480000000,-0.0189562058,-0.0164345372,-0.0174345372,-0.0104785670,0.0075061024,-0.0074345372
1.701,0.9555285064,0.9366142366,0.9391400000,0.9381400000,0.9450841590,0.9629691468,0.9481400000,-0.0189142698,-0.0163885064,-0.0173885064,-0.0104443474,0.0074406404,-0.0073885064
1.702,0.9556223159,0.9367501417,0.9392800000,0.9382800000,0.9452123477,0.9629976540,0.9482800000,-0.0188721742,-0.0163423159,-0.0173423159,-0.0104099682,0.0073753382,-0.0073423159
1.703,0.9557159658,0.9368860468,0.9394200000,0.9384200000,0.9453405364,0.9630261612,0.9484200000,-0.0188299190,-0.0162959658,-0.0172959658,-0.0103754294,0.0073101954,-0.0072959658
1.704,0.9558094564,0.9370219519,0.9395600000,0.9385600000,0.9454687251,0.9630546684,0.9485600000,-0.0187875044,-0.0162494564,-0.0172494564,-0.0103407313,0.0072452121,-0.0072494564
1.705,0.9559027878,0.9371578571,0.9397000000,0.9387000000,0.9455969138,0.9630831756,0.9487000000,-0.0187449307,-0.0162027878,-0.0172027878,-0.0103058740,0.0071803878,-0.0072027878
1.706,0.9559959602,0.9372937622,0.9398400000,0.9388400000,0.9457251025,0.9631116828,0.9488400000,-0.0187021980,-0.0161559602,-0.0171559602,-0.0102708577,0.0071157226,-0.0071559602
1.707,0.9560889738,0.9374296673,0.9399800000,0.9389800000,0.9458532912,0.9631401900,0.9489800000,-0.0186593065,-0.0161089738,-0.0171089738,-0.0102356826,0.0070512162,-0.0071089738
1.708,0.9561818288,0.9375655724,0.9401200000,0.9391200000,0.9459814800,0.9631686972,0.9491200000,-0.0186162563,-0.0160618288,-0.0170618288,-0.0102003488,0.0069868685,-0.0070618288
1.709,0.9562745253,0.9377014776,0.9402600000,0.9392600000,0.9461096687,0.9631972044,0.9492600000,-0.0185730477,-0.0160145253,-0.0170145253,-0.0101648566,0.0069226792,-0.0070145253
1.710,0.9563670635,0.9378373827,0.9404000000,0.9394000000,0.9462378574,0.9632257116,0.9494000000,-0.0185296808,-0.0159670635,-0.0169670635,-0.0101292061,0.0068586482,-0.0069670635
1.711,0.9564594436,0.9379732878,0.9405400000,0.9395400000,0.9463660461,0.9632542188,0.9495400000,-0.0184861558,-0.0159194436,-0.0169194436,-0.0100933975,0.0067947753,-0.0069194436
1.712,0.9565516658,0.9381091929,0.9406800000,0.9396800000,0.9464942348,0.9632827260,0.9496800000,-0.0184424728,-0.0158716658,-0.0168716658,-0.0100574310,0.0067310603,-0.0068716658
1.713,0.9566437302,0.9382450980,0.9408200000,0.9398200000,0.9466224235,0.9633112332,0.9498200000,-0.0183986322,-0.0158237302,-0.0168237302,-0.0100213067,0.0066675030,-0.0068237302
1.714,0.9567356371,0.9383810032,0.9409600000,0.9399600000,0.9467506122,0.9633397404,0.9499600000,-0.0183546339,-0.0157756371,-0.0167756371,-0.0099850248,0.0066041034,-0.0067756371
1.715,0.9568273865,0.9385169083,0.9411000000,0.9401000000,0.9468788010,0.9633682476,0.9501000000,-0.0183104782,-0.0157273865,-0.0167273865,-0.0099485856,0.0065408611,-0.0067273865
1.716,0.9569189788,0.9386528134,0.9412400000,0.9402400000,0.9470069897,0.9633967548,0.9502400000,-0.0182661654,-0.0156789788,-0.0166789788,-0.0099119891,0.0064777761,-0.0066789788
1.717,0.9570104140,0.9387887185,0.9413800000,0.9403800000,0.9471351784,0.9634252620,0.9503800000,-0.0182216955,-0.0156304140,-0.0166304140,-0.0098752356,0.0064148480,-0.0066304140
1.718,0.9571016924,0.9389246237,0.9415200000,0.9405200000,0.9472633671,0.9634537692,0.9505200000,-0.0181770687,-0.0155816924,-0.0165816924,-0.0098383253,0.0063520769,-0.0065816924
1.719,0.9571928140,0.9390605288,0.9416600000,0.9406600000,0.9473915558,0.9634822764,0.9506600000,-0.0181322853,-0.0155328140,-0.0165328140,-0.0098012582,0.0062894624,-0.0065328140
1.720,0.9572837792,0.9391964339,0.9418000000,0.9408000000,0.9475197445,0.9635107836,0.9508000000,-0.0180873453,-0.0154837792,-0.0164837792,-0.0097640347,0.0062270044,-0.0064837792
1.721,0.9573745881,0.9393323390,0.9419400000,0.9409400000,0.9476479332,0.9635392908,0.9509400000,-0.0180422490,-0.0154345881,-0.0164345881,-0.0097266548,0.0061647028,-0.0064345881
1.722,0.9574652408,0.9394682441,0.9420800000,0.9410800000,0.9477761220,0.9635677980,0.9510800000,-0.0179969966,-0.0153852408,-0.0163852408,-0.0096891188,0.0061025573,-0.0063852408
1.723,0.9575557375,0.9396041493,0.9422200000,0.9412200000,0.9479043107,0.9635963052,0.9512200000,-0.0179515882,-0.0153357375,-0.0163357375,-0.0096514268,0.0060405678,-0.0063357375
1.724,0.9576460784,0.9397400544,0.9423600000,0.9413600000,0.9480324994,0.9636248124,0.9513600000,-0.0179060240,-0.0152860784,-0.0162860784,-0.0096135790,0.0059787340,-0.0062860784
1.725,0.9577362637,0.9398759595,0.9425000000,0.9415000000,0.9481606881,0.9636533196,0.9515000000,-0.0178603042,-0.0152362637,-0.0162362637,-0.0095755756,0.0059170559,-0.0062362637
1.726,0.9578262936,0.9400118646,0.9426400000,0.9416400000,0.9482888768,0.9636818268,0.9516400000,-0.0178144290,-0.0151862936,-0.0161862936,-0.0095374168,0.0058555332,-0.0061862936
1.727,0.9579161683,0.9401477698,0.9427800000,0.9417800000,0.9484170655,0.9637103340,0.9517800000,-0.0177683985,-0.0151361683,-0.0161361683,-0.0094991027,0.0057941658,-0.0061361683
1.728,0.9580058878,0.9402836749,0.9429200000,0.9419200000,0.9485452542,0.9637388412,0.9519200000,-0.0177222129,-0.0150858878,-0.0160858878,-0.0094606336,0.0057329534,-0.0060858878
1.729,0.9580954525,0.9404195800,0.9430600000,0.9420600000,0.9486734430,0.9637673484,0.9520600000,-0.0176758725,-0.0150354525,-0.0160354525,-0.0094220095,0.0056718960,-0.0060354525
1.730,0.9581848624,0.9405554851,0.9432000000,0.9422000000,0.9488016317,0.9637958556,0.9522000000,-0.0176293773,-0.0149848624,-0.0159848624,-0.0093832307,0.0056109933,-0.0059848624
1.731,0.9582741178,0.9406913902,0.9433400000,0.9423400000,0.9489298204,0.9638243628,0.9523400000,-0.0175827275,-0.0149341178,-0.0159341178,-0.0093442974,0.0055502451,-0.0059341178
1.732,0.9583632188,0.9408272954,0.9434800000,0.9424800000,0.9490580091,0.9638528700,0.9524800000,-0.0175359234,-0.0148832188,-0.0158832188,-0.0093052097,0.0054896513,-0.0058832188
1.733,0.9584521656,0.9409632005,0.9436200000,0.9426200000,0.9491861978,0.9638813772,0.9526200000,-0.0174889651,-0.0148321656,-0.0158321656,-0.0092659678,0.0054292116,-0.0058321656
1.734,0.9585409584,0.9410991056,0.9437600000,0.9427600000,0.9493143865,0.9639098844,0.9527600000,-0.0174418528,-0.0147809584,-0.0157809584,-0.0092265719,0.0053689260,-0.0057809584
1.735,0.9586295974,0.9412350107,0.9439000000,0.9429000000,0.9494425752,0.9639383916,0.9529000000,-0.0173945867,-0.0147295974,-0.0157295974,-0.0091870222,0.0053087943,-0.0057295974
1.736,0.9587180827,0.9413709158,0.9440400000,0.9430400000,0.9495707639,0.9639668988,0.9530400000,-0.0173471669,-0.0146780827,-0.0156780827,-0.0091473188,0.0052488161,-0.0056780827
1.737,0.9588064146,0.9415068210,0.9441800000,0.9431800000,0.9496989527,0.9639954060,0.9531800000,-0.0172995936,-0.0146264146,-0.0156264146,-0.0091074619,0.0051889915,-0.0056264146
1.738,0.9588945931,0.9416427261,0.9443200000,0.9433200000,0.9498271414,0.9640239132,0.9533200000,-0.0172518670,-0.0145745931,-0.0155745931,-0.0090674517,0.0051293201,-0.0055745931
1.739,0.9589826185,0.9417786312,0.9444600000,0.9434600000,0.9499553301,0.9640524204,0.9534600000,-0.0172039873,-0.0145226185,-0.0155226185,-0.0090272884,0.0050698019,-0.0055226185
1.740,0.9590704910,0.9419145363,0.9446000000,0.9436000000,0.9500835188,0.9640809276,0.9536000000,-0.0171559547,-0.0144704910,-0.0154704910,-0.0089869722,0.0050104366,-0.0054704910
1.741,0.9591582107,0.9420504415,0.9447400000,0.9437400000,0.9502117075,0.9641094348,0.9537400000,-0.0171077693,-0.0144182107,-0.0154182107,-0.0089465032,0.0049512241,-0.0054182107
1.742,0.9592457779,0.9421863466,0.9448800000,0.9438800000,0.9503398962,0.9641379420,0.9538800000,-0.0170594313,-0.0143657779,-0.0153657779,-0.0089058816,0.0048921642,-0.0053657779
1.743,0.9593331926,0.9423222517,0.9450200000,0.9440200000,0.9504680849,0.9641664492,0.9540200000,-0.0170109409,-0.0143131926,-0.0153131926,-0.0088651076,0.0048332567,-0.0053131926
1.744,0.9594204551,0.9424581568,0.9451600000,0.9441600000,0.9505962737,0.9641949564,0.9541600000,-0.0169622983,-0.0142604551,-0.0152604551,-0.0088241814,0.0047745014,-0.0052604551
1.745,0.9595075655,0.9425940619,0.9453000000,0.9443000000,0.9507244624,0.9642234636,0.9543000000,-0.0169135036,-0.0142075655,-0.0152075655,-0.0087831031,0.0047158981,-0.0052075655
1.746,0.9595945241,0.9427299671,0.9454400000,0.9444400000,0.9508526511,0.9642519708,0.9544400000,-0.0168645570,-0.0141545241,-0.0151545241,-0.0087418730,0.0046574468,-0.0051545241
1.747,0.9596813309,0.9428658722,0.9455800000,0.9445800000,0.9509808398,0.9642804780,0.9545800000,-0.0168154588,-0.0141013309,-0.0151013309,-0.0087004911,0.0045991471,-0.0051013309
1.748,0.9597679863,0.9430017773,0.9457200000,0.9447200000,0.9511090285,0.9643089852,0.9547200000,-0.0167662090,-0.0140479863,-0.0150479863,-0.0086589578,0.0045409990,-0.0050479863
1.749,0.9598544903,0.9431376824,0.9458600000,0.9448600000,0.9512372172,0.9643374925,0.9548600000,-0.0167168079,-0.0139944903,-0.0149944903,-0.0086172731,0.0044830022,-0.0049944903
1.750,0.9599408431,0.9432735876,0.9460000000,0.9450000000,0.9513654059,0.9643659997,0.9550000000,-0.0166672556,-0.0139408431,-0.0149408431,-0.0085754372,0.0044251565,-0.0049408431
1.751,0.9600270450,0.9434094927,0.9461400000,0.9451400000,0.9514935947,0.9643945069,0.9551400000,-0.0166175523,-0.0138870450,-0.0148870450,-0.0085334503,0.0043674619,-0.0048870450
1.752,0.9601130960,0.9435453978,0.9462800000,0.9452800000,0.9516217834,0.9644230141,0.9552800000,-0.0165676982,-0.0138330960,-0.0148330960,-0.0084913127,0.0043099180,-0.0048330960
1.753,0.9601989965,0.9436813029,0.9464200000,0.9454200000,0.9517499721,0.9644515213,0.9554200000,-0.0165176935,-0.0137789965,-0.0147789965,-0.0084490244,0.0042525248,-0.0047789965
1.754,0.9602847464,0.9438172080,0.9465600000,0.9455600000,0.9518781608,0.9644800285,0.9555600000,-0.0164675384,-0.0137247464,-0.0147247464,-0.0084065856,0.0041952820,-0.0047247464
1.755,0.9603703461,0.9439531132,0.9467000000,0.9457000000,0.9520063495,0.9645085357,0.9557000000,-0.0164172330,-0.0136703461,-0.0146703461,-0.0083639966,0.0041381895,-0.0046703461
1.756,0.9604557957,0.9440890183,0.9468400000,0.9458400000,0.9521345382,0.9645370429,0.9558400000,-0.0163667774,-0.0136157957,-0.0146157957,-0.0083212575,0.0040812471,-0.0046157957
1.757,0.9605410954,0.9442249234,0.9469800000,0.9459800000,0.9522627269,0.9645655501,0.9559800000,-0.0163161720,-0.0135610954,-0.0145610954,-0.0082783685,0.0040244547,-0.0045610954
1.758,0.9606262453,0.9443608285,0.9471200000,0.9461200000,0.9523909157,0.9645940573,0.9561200000,-0.0162654168,-0.0135062453,-0.0145062453,-0.0082353297,0.0039678119,-0.0045062453
1.759,0.9607112457,0.9444967337,0.9472600000,0.9462600000,0.9525191044,0.9646225645,0.9562600000,-0.0162145121,-0.0134512457,-0.0144512457,-0.0081921414,0.0039113187,-0.0044512457
1.760,0.9607960967,0.9446326388,0.9474000000,0.9464000000,0.9526472931,0.9646510717,0.9564000000,-0.0161634579,-0.0133960967,-0.0143960967,-0.0081488036,0.0038549749,-0.0043960967
1.761,0.9608807985,0.9447685439,0.9475400000,0.9465400000,0.9527754818,0.9646795789,0.9565400000,-0.0161122546,-0.0133407985,-0.0143407985,-0.0081053167,0.0037987804,-0.0043407985
1.762,0.9609653513,0.9449044490,0.9476800000,0.9466800000,0.9529036705,0.9647080861,0.9566800000,-0.0160609022,-0.0132853513,-0.0142853513,-0.0080616808,0.0037427348,-0.0042853513
1.763,0.9610497552,0.9450403541,0.9478200000,0.9468200000,0.9530318592,0.9647365933,0.9568200000,-0.0160094010,-0.0132297552,-0.0142297552,-0.0080178959,0.0036868381,-0.0042297552
1.764,0.9611340104,0.9451762593,0.9479600000,0.9469600000,0.9531600479,0.9647651005,0.9569600000,-0.0159577511,-0.0131740104,-0.0141740104,-0.0079739625,0.0036310901,-0.0041740104
1.765,0.9612181171,0.9453121644,0.9481000000,0.9471000000,0.9532882366,0.9647936077,0.9571000000,-0.0159059528,-0.0131181171,-0.0141181171,-0.0079298805,0.0035754905,-0.0041181171
1.766,0.9613020756,0.9454480695,0.9482400000,0.9472400000,0.9534164254,0.9648221149,0.9572400000,-0.0158540061,-0.0130620756,-0.0140620756,-0.0078856502,0.0035200393,-0.0040620756
1.767,0.9613858858,0.9455839746,0.9483800000,0.9473800000,0.9535446141,0.9648506221,0.9573800000,-0.0158019112,-0.0130058858,-0.0140058858,-0.0078412718,0.0034647362,-0.0040058858
1.768,0.9614695482,0.9457198798,0.9485200000,0.9475200000,0.9536728028,0.9648791293,0.9575200000,-0.0157496684,-0.0129495482,-0.0139495482,-0.0077967454,0.0034095811,-0.0039495482
1.769,0.9615530627,0.9458557849,0.9486600000,0.9476600000,0.9538009915,0.9649076365,0.9576600000,-0.0156972778,-0.0128930627,-0.0138930627,-0.0077520712,0.0033545737,-0.0038930627
1.770,0.9616364296,0.9459916900,0.9488000000,0.9478000000,0.9539291802,0.9649361437,0.9578000000,-0.0156447396,-0.0128364296,-0.0138364296,-0.0077072494,0.0032997140,-0.0038364296
1.771,0.9617196491,0.9461275951,0.9489400000,0.9479400000,0.9540573689,0.9649646509,0.9579400000,-0.0155920540,-0.0127796491,-0.0137796491,-0.0076622802,0.0032450017,-0.0037796491
1.772,0.9618027214,0.9462635002,0.9490800000,0.9480800000,0.9541855576,0.9649931581,0.9580800000,-0.0155392211,-0.0127227214,-0.0137227214,-0.0076171637,0.0031904367,-0.0037227214
1.773,0.9618856466,0.9463994054,0.9492200000,0.9482200000,0.9543137464,0.9650216653,0.9582200000,-0.0154862412,-0.0126656466,-0.0136656466,-0.0075719002,0.0031360187,-0.0036656466
1.774,0.9619684248,0.9465353105,0.9493600000,0.9483600000,0.9544419351,0.9650501725,0.9583600000,-0.0154331144,-0.0126084248,-0.0136084248,-0.0075264898,0.0030817476,-0.0036084248
1.775,0.9620510564,0.9466712156,0.9495000000,0.9485000000,0.9545701238,0.9650786797,0.9585000000,-0.0153798408,-0.0125510564,-0.0135510564,-0.0074809326,0.0030276233,-0.0035510564
1.776,0.9621335414,0.9468071207,0.9496400000,0.9486400000,0.9546983125,0.9651071869,0.9586400000,-0.0153264207,-0.0124935414,-0.0134935414,-0.0074352289,0.0029736454,-0.0034935414
1.777,0.9622158801,0.9469430258,0.9497800000,0.9487800000,0.9548265012,0.9651356941,0.9587800000,-0.0152728542,-0.0124358801,-0.0134358801,-0.0073893789,0.0029198140,-0.0034358801
1.778,0.9622980726,0.9470789310,0.9499200000,0.9489200000,0.9549546899,0.9651642013,0.9589200000,-0.0152191416,-0.0123780726,-0.0133780726,-0.0073433826,0.0028661287,-0.0033780726
1.779,0.9623801190,0.9472148361,0.9500600000,0.9490600000,0.9550828786,0.9651927085,0.9590600000,-0.0151652829,-0.0123201190,-0.0133201190,-0.0072972404,0.0028125894,-0.0033201190
1.780,0.9624620197,0.9473507412,0.9502000000,0.9492000000,0.9552110674,0.9652212157,0.9592000000,-0.0151112784,-0.0122620197,-0.0132620197,-0.0072509523,0.0027591960,-0.0032620197
1.781,0.9625437746,0.9474866463,0.9503400000,0.9493400000,0.9553392561,0.9652497229,0.9593400000,-0.0150571283,-0.0122037746,-0.0132037746,-0.0072045186,0.0027059482,-0.0032037746
1.782,0.9626253841,0.9476225515,0.9504800000,0.9494800000,0.9554674448,0.9652782301,0.9594800000,-0.0150028327,-0.0121453841,-0.0131453841,-0.0071579393,0.0026528459,-0.0031453841
1.783,0.9627068483,0.9477584566,0.9506200000,0.9496200000,0.9555956335,0.9653067373,0.9596200000,-0.0149483918,-0.0120868483,-0.0130868483,-0.0071112148,0.0025998889,-0.0030868483
1.784,0.9627881674,0.9478943617,0.9507600000,0.9497600000,0.9557238222,0.9653352445,0.9597600000,-0.0148938057,-0.0120281674,-0.0130281674,-0.0070643452,0.0025470770,-0.0030281674
1.785,0.9628693416,0.9480302668,0.9509000000,0.9499000000,0.9558520109,0.9653637517,0.9599000000,-0.0148390747,-0.0119693416,-0.0129693416,-0.0070173306,0.0024944101,-0.0029693416
1.786,0.9629503709,0.9481661719,0.9510400000,0.9500400000,0.9559801996,0.9653922589,0.9600400000,-0.0147841990,-0.0119103709,-0.0129103709,-0.0069701713,0.0024418879,-0.0029103709
1.787,0.9630312557,0.9483020771,0.9511800000,0.9501800000,0.9561083884,0.9654207661,0.9601800000,-0.0147291786,-0.0118512557,-0.0128512557,-0.0069228674,0.0023895103,-0.0028512557
1.788,0.9631119961,0.9484379822,0.9513200000,0.9503200000,0.9562365771,0.9654492733,0.9603200000,-0.0146740139,-0.0117919961,-0.0127919961,-0.0068754190,0.0023372772,-0.0027919961
1.789,0.9631925922,0.9485738873,0.9514600000,0.9504600000,0.9563647658,0.9654777805,0.9604600000,-0.0146187049,-0.0117325922,-0.0127325922,-0.0068278264,0.0022851882,-0.0027325922
1.790,0.9632730443,0.9487097924,0.9516000000,0.9506000000,0.9564929545,0.9655062877,0.9606000000,-0.0145632519,-0.0116730443,-0.0126730443,-0.0067800898,0.0022332434,-0.0026730443
1.791,0.9633533525,0.9488456976,0.9517400000,0.9507400000,0.9566211432,0.9655347949,0.9607400000,-0.0145076549,-0.0116133525,-0.0126133525,-0.0067322093,0.0021814424,-0.0026133525
1.792,0.9634335170,0.9489816027,0.9518800000,0.9508800000,0.9567493319,0.9655633021,0.9608800000,-0.0144519143,-0.0115535170,-0.0125535170,-0.0066841851,0.0021297851,-0.0025535170
1.793,0.9635135380,0.9491175078,0.9520200000,0.9510200000,0.9568775206,0.9655918093,0.9610200000,-0.0143960302,-0.0114935380,-0.0124935380,-0.0066360173,0.0020782713,-0.0024935380
1.794,0.9635934156,0.9492534129,0.9521600000,0.9511600000,0.9570057094,0.9656203165,0.9611600000,-0.0143400027,-0.0114334156,-0.0124334156,-0.0065877062,0.0020269009,-0.0024334156
1.795,0.9636731500,0.9493893180,0.9523000000,0.9513000000,0.9571338981,0.9656488237,0.9613000000,-0.0142838320,-0.0113731500,-0.0123731500,-0.0065392520,0.0019756736,-0.0023731500
1.796,0.9637527415,0.9495252232,0.9524400000,0.9514400000,0.9572620868,0.9656773309,0.9614400000,-0.0142275183,-0.0113127415,-0.0123127415,-0.0064906547,0.0019245894,-0.0023127415
1.797,0.9638321901,0.9496611283,0.9525800000,0.9515800000,0.9573902755,0.9657058381,0.9615800000,-0.0141710618,-0.0112521901,-0.0122521901,-0.0064419146,0.0018736479,-0.0022521901
1.798,0.9639114961,0.9497970334,0.9527200000,0.9517200000,0.9575184642,0.9657343453,0.9617200000,-0.0141144627,-0.0111914961,-0.0121914961,-0.0063930319,0.0018228491,-0.0021914961
1.799,0.9639906596,0.9499329385,0.9528600000,0.9518600000,0.9576466529,0.9657628525,0.9618600000,-0.0140577211,-0.0111306596,-0.0121306596,-0.0063440067,0.0017721928,-0.0021306596
1.800,0.9640696809,0.9500688437,0.9530000000,0.9520000000,0.9577748416,0.9657913597,0.9620000000,-0.0140008372,-0.0110696809,-0.0120696809,-0.0062948393,0.0017216788,-0.0020696809
1.801,0.9641485600,0.9502047488,0.9531400000,0.9521400000,0.9579030303,0.9658198669,0.9621400000,-0.0139438112,-0.0110085600,-0.0120085600,-0.0062455297,0.0016713068,-0.0020085600
1.802,0.9642272972,0.9503406539,0.9532800000,0.9522800000,0.9580312191,0.9658483741,0.9622800000,-0.0138866433,-0.0109472972,-0.0119472972,-0.0061960782,0.0016210768,-0.0019472972
1.803,0.9643058927,0.9504765590,0.9534200000,0.9524200000,0.9581594078,0.9658768813,0.9624200000,-0.0138293336,-0.0108858927,-0.0118858927,-0.0061464849,0.0015709886,-0.0018858927
1.804,0.9643843465,0.9506124641,0.9535600000,0.9525600000,0.9582875965,0.9659053885,0.9625600000,-0.0137718824,-0.0108243465,-0.0118243465,-0.0060967500,0.0015210419,-0.0018243465
1.805,0.9644626590,0.9507483693,0.9537000000,0.9527000000,0.9584157852,0.9659338957,0.9627000000,-0.0137142897,-0.0107626590,-0.0117626590,-0.0060468738,0.0014712367,-0.0017626590
1.806,0.9645408302,0.9508842744,0.9538400000,0.9528400000,0.9585439739,0.9659624029,0.9628400000,-0.0136565558,-0.0107008302,-0.0117008302,-0.0059968563,0.0014215726,-0.0017008302
1.807,0.9646188604,0.9510201795,0.9539800000,0.9529800000,0.9586721626,0.9659909101,0.9629800000,-0.0135986809,-0.0106388604,-0.0116388604,-0.0059466978,0.0013720497,-0.0016388604
1.808,0.9646967497,0.9511560846,0.9541200000,0.9531200000,0.9588003513,0.9660194173,0.9631200000,-0.0135406651,-0.0105767497,-0.0115767497,-0.0058963984,0.0013226676,-0.0015767497
1.809,0.9647744983,0.9512919898,0.9542600000,0.9532600000,0.9589285401,0.9660479245,0.9632600000,-0.0134825086,-0.0105144983,-0.0115144983,-0.0058459583,0.0012734261,-0.0015144983
1.810,0.9648521064,0.9514278949,0.9544000000,0.9534000000,0.9590567288,0.9660764317,0.9634000000,-0.0134242115,-0.0104521064,-0.0114521064,-0.0057953776,0.0012243253,-0.0014521064
1.811,0.9649295742,0.9515638000,0.9545400000,0.9535400000,0.9591849175,0.9661049389,0.9635400000,-0.0133657742,-0.0103895742,-0.0113895742,-0.0057446567,0.0011753647,-0.0013895742
1.812,0.9650069017,0.9516997051,0.9546800000,0.9536800000,0.9593131062,0.9661334461,0.9636800000,-0.0133071966,-0.0103269017,-0.0113269017,-0.0056937955,0.0011265443,-0.0013269017
1.813,0.9650840893,0.9518356102,0.9548200000,0.9538200000,0.9594412949,0.9661619533,0.9638200000,-0.0132484791,-0.0102640893,-0.0112640893,-0.0056427944,0.0010778639,-0.0012640893
1.814,0.9651611371,0.9519715154,0.9549600000,0.9539600000,0.9595694836,0.9661904605,0.9639600000,-0.0131896218,-0.0102011371,-0.0112011371,-0.0055916535,0.0010293234,-0.0012011371
1.815,0.9652380453,0.9521074205,0.9551000000,0.9541000000,0.9596976723,0.9662189677,0.9641000000,-0.0131306248,-0.0101380453,-0.0111380453,-0.0055403729,0.0009809224,-0.0011380453
1.816,0.9653148139,0.9522433256,0.9552400000,0.9542400000,0.9598258611,0.9662474749,0.9642400000,-0.0130714883,-0.0100748139,-0.0110748139,-0.0054889529,0.0009326609,-0.0010748139
1.817,0.9653914433,0.9523792307,0.9553800000,0.9543800000,0.9599540498,0.9662759821,0.9643800000,-0.0130122126,-0.0100114433,-0.0110114433,-0.0054373936,0.0008845387,-0.0010114433
1.818,0.9654679336,0.9525151359,0.9555200000,0.9545200000,0.9600822385,0.9663044893,0.9645200000,-0.0129527978,-0.0099479336,-0.0109479336,-0.0053856951,0.0008365557,-0.0009479336
1.819,0.9655442850,0.9526510410,0.9556600000,0.9546600000,0.9602104272,0.9663329965,0.9646600000,-0.0128932440,-0.0098842850,-0.0108842850,-0.0053338578,0.0007887115,-0.0008842850
1.820,0.9656204976,0.9527869461,0.9558000000,0.9548000000,0.9603386159,0.9663615037,0.9648000000,-0.0128335515,-0.0098204976,-0.0108204976,-0.0052818816,0.0007410061,-0.0008204976
1.821,0.9656965716,0.9529228512,0.9559400000,0.9549400000,0.9604668046,0.9663900109,0.9649400000,-0.0127737203,-0.0097565716,-0.0107565716,-0.0052297669,0.0006934393,-0.0007565716
1.822,0.9657725072,0.9530587563,0.9560800000,0.9550800000,0.9605949933,0.9664185181,0.9650800000,-0.0127137508,-0.0096925072,-0.0106925072,-0.0051775138,0.0006460109,-0.0006925072
1.823,0.9658483046,0.9531946615,0.9562200000,0.9552200000,0.9607231821,0.9664470253,0.9652200000,-0.0126536431,-0.0096283046,-0.0106283046,-0.0051251225,0.0005987207,-0.0006283046
1.824,0.9659239639,0.9533305666,0.9563600000,0.9553600000,0.9608513708,0.9664755325,0.9653600000,-0.0125933973,-0.0095639639,-0.0105639639,-0.0050725931,0.0005515686,-0.0005639639
1.825,0.9659994853,0.9534664717,0.9565000000,0.9555000000,0.9609795595,0.9665040397,0.9655000000,-0.0125330136,-0.0094994853,-0.0104994853,-0.0050199258,0.0005045543,-0.0004994853
1.826,0.9660748691,0.9536023768,0.9566400000,0.9556400000,0.9611077482,0.9665325469,0.9656400000,-0.0124724923,-0.0094348691,-0.0104348691,-0.0049671209,0.0004576778,-0.0004348691
1.827,0.9661501153,0.9537382819,0.9567800000,0.9557800000,0.9612359369,0.9665610541,0.9657800000,-0.0124118334,-0.0093701153,-0.0103701153,-0.0049141784,0.0004109388,-0.0003701153
1.828,0.9662252242,0.9538741871,0.9569200000,0.9559200000,0.9613641256,0.9665895613,0.9659200000,-0.0123510371,-0.0093052242,-0.0103052242,-0.0048610986,0.0003643371,-0.0003052242
1.829,0.9663001959,0.9540100922,0.9570600000,0.9560600000,0.9614923143,0.9666180685,0.9660600000,-0.0122901037,-0.0092401959,-0.0102401959,-0.0048078815,0.0003178726,-0.0002401959
1.830,0.9663750306,0.9541459973,0.9572000000,0.9562000000,0.9616205031,0.9666465757,0.9662000000,-0.0122290333,-0.0091750306,-0.0101750306,-0.0047545275,0.0002715451,-0.0001750306
1.831,0.9664497285,0.9542819024,0.9573400000,0.9563400000,0.9617486918,0.9666750829,0.9663400000,-0.0121678260,-0.0091097285,-0.0101097285,-0.0047010367,0.0002253544,-0.0001097285
1.832,0.9665242897,0.9544178076,0.9574800000,0.9564800000,0.9618768805,0.9667035901,0.9664800000,-0.0121064821,-0.0090442897,-0.0100442897,-0.0046474092,0.0001793004,-0.0000442897
1.833,0.9665987145,0.9545537127,0.9576200000,0.9566200000,0.9620050692,0.9667320973,0.9666200000,-0.0120450018,-0.0089787145,-0.0099787145,-0.0045936453,0.0001333828,0.0000212855
1.834,0.9666730029,0.9546896178,0.9577600000,0.9567600000,0.9621332579,0.9667606045,0.9667600000,-0.0119833851,-0.0089130029,-0.0099130029,-0.0045397450,0.0000876015,0.0000869971
1.835,0.9667471553,0.9548255229,0.9579000000,0.9569000000,0.9622614466,0.9667891117,0.9669000000,-0.0119216323,-0.0088471553,-0.0098471553,-0.0044857087,0.0000419564,0.0001528447
1.836,0.9668211717,0.9549614280,0.9580400000,0.9570400000,0.9623896353,0.9668176189,0.9670400000,-0.0118597436,-0.0087811717,-0.0097811717,-0.0044315363,-0.0000035528,0.0002188283
1.837,0.9668950523,0.9550973332,0.9581800000,0.9571800000,0.9625178240,0.9668461261,0.9671800000,-0.0117977191,-0.0087150523,-0.0097150523,-0.0043772283,-0.0000489262,0.0002849477
1.838,0.9669687973,0.9552332383,0.9583200000,0.9573200000,0.9626460128,0.9668746333,0.9673200000,-0.0117355591,-0.0086487973,-0.0096487973,-0.0043227846,-0.0000941641,0.0003512027
1.839,0.9670424070,0.9553691434,0.9584600000,0.9574600000,0.9627742015,0.9669031405,0.9674600000,-0.0116732636,-0.0085824070,-0.0095824070,-0.0042682055,-0.0001392665,0.0004175930
1.840,0.9671158813,0.9555050485,0.9586000000,0.9576000000,0.9629023902,0.9669316477,0.9676000000,-0.0116108328,-0.0085158813,-0.0095158813,-0.0042134912,-0.0001842337,0.0004841187
1.841,0.9671892206,0.9556409537,0.9587400000,0.9577400000,0.9630305789,0.9669601549,0.9677400000,-0.0115482670,-0.0084492206,-0.0094492206,-0.0041586417,-0.0002290658,0.0005507794
1.842,0.9672624251,0.9557768588,0.9588800000,0.9578800000,0.9631587676,0.9669886621,0.9678800000,-0.0114855663,-0.0083824251,-0.0093824251,-0.0041036574,-0.0002737630,0.0006175749
1.843,0.9673354948,0.9559127639,0.9590200000,0.9580200000,0.9632869563,0.9670171693,0.9680200000,-0.0114227309,-0.0083154948,-0.0093154948,-0.0040485384,-0.0003183255,0.0006845052
1.844,0.9674084299,0.9560486690,0.9591600000,0.9581600000,0.9634151450,0.9670456765,0.9681600000,-0.0113597609,-0.0082484299,-0.0092484299,-0.0039932849,-0.0003627534,0.0007515701
1.845,0.9674812307,0.9561845741,0.9593000000,0.9583000000,0.9635433338,0.9670741837,0.9683000000,-0.0112966565,-0.0081812307,-0.0091812307,-0.0039378969,-0.0004070470,0.0008187693
1.846,0.9675538973,0.9563204793,0.9594400000,0.9584400000,0.9636715225,0.9671026909,0.9684400000,-0.0112334180,-0.0081138973,-0.0091138973,-0.0038823748,-0.0004512064,0.0008861027
1.847,0.9676264299,0.9564563844,0.9595800000,0.9585800000,0.9637997112,0.9671311981,0.9685800000,-0.0111700455,-0.0080464299,-0.0090464299,-0.0038267187,-0.0004952318,0.0009535701
1.848,0.9676988286,0.9565922895,0.9597200000,0.9587200000,0.9639278999,0.9671597053,0.9687200000,-0.0111065391,-0.0079788286,-0.0089788286,-0.0037709287,-0.0005391233,0.0010211714
1.849,0.9677710936,0.9567281946,0.9598600000,0.9588600000,0.9640560886,0.9671882125,0.9688600000,-0.0110428990,-0.0079110936,-0.0089110936,-0.0037150050,-0.0005828812,0.0010889064
1.850,0.9678432252,0.9568640998,0.9600000000,0.9590000000,0.9641842773,0.9672167197,0.9690000000,-0.0109791255,-0.0078432252,-0.0088432252,-0.0036589479,-0.0006265055,0.0011567748
1.851,0.9679152234,0.9570000049,0.9601400000,0.9591400000,0.9643124660,0.9672452269,0.9691400000,-0.0109152186,-0.0077752234,-0.0087752234,-0.0036027574,-0.0006699966,0.0012247766
1.852,0.9679870885,0.9571359100,0.9602800000,0.9592800000,0.9644406548,0.9672737341,0.9692800000,-0.0108511785,-0.0077070885,-0.0087070885,-0.0035464338,-0.0007133545,0.0012929115
1.853,0.9680588207,0.9572718151,0.9604200000,0.9594200000,0.9645688435,0.9673022413,0.9694200000,-0.0107870056,-0.0076388207,-0.0086388207,-0.0034899772,-0.0007565794,0.0013611793
1.854,0.9681304200,0.9574077202,0.9605600000,0.9595600000,0.9646970322,0.9673307485,0.9695600000,-0.0107226998,-0.0075704200,-0.0085704200,-0.0034333878,-0.0007996715,0.0014295800
1.855,0.9682018867,0.9575436254,0.9607000000,0.9597000000,0.9648252209,0.9673592557,0.9697000000,-0.0106582613,-0.0075018867,-0.0085018867,-0.0033766658,-0.0008426310,0.0014981133
1.856,0.9682732210,0.9576795305,0.9608400000,0.9598400000,0.9649534096,0.9673877629,0.9698400000,-0.0105936905,-0.0074332210,-0.0084332210,-0.0033198114,-0.0008854581,0.0015667790
1.857,0.9683444230,0.9578154356,0.9609800000,0.9599800000,0.9650815983,0.9674162701,0.9699800000,-0.0105289874,-0.0073644230,-0.0083644230,-0.0032628246,-0.0009281529,0.0016355770
1.858,0.9684154928,0.9579513407,0.9611200000,0.9601200000,0.9652097870,0.9674447773,0.9701200000,-0.0104641521,-0.0072954928,-0.0082954928,-0.0032057058,-0.0009707156,0.0017045072
1.859,0.9684864308,0.9580872459,0.9612600000,0.9602600000,0.9653379758,0.9674732845,0.9702600000,-0.0103991850,-0.0072264308,-0.0082264308,-0.0031484551,-0.0010131463,0.0017735692
1.860,0.9685572370,0.9582231510,0.9614000000,0.9604000000,0.9654661645,0.9675017917,0.9704000000,-0.0103340860,-0.0071572370,-0.0081572370,-0.0030910726,-0.0010554453,0.0018427630
1.861,0.9686279117,0.9583590561,0.9615400000,0.9605400000,0.9655943532,0.9675302989,0.9705400000,-0.0102688556,-0.0070879117,-0.0080879117,-0.0030335585,-0.0010976128,0.0019120883
1.862,0.9686984549,0.9584949612,0.9616800000,0.9606800000,0.9657225419,0.9675588061,0.9706800000,-0.0102034937,-0.0070184549,-0.0080184549,-0.0029759130,-0.0011396488,0.0019815451
1.863,0.9687688669,0.9586308663,0.9618200000,0.9608200000,0.9658507306,0.9675873133,0.9708200000,-0.0101380005,-0.0069488669,-0.0079488669,-0.0029181363,-0.0011815536,0.0020511331
1.864,0.9688391478,0.9587667715,0.9619600000,0.9609600000,0.9659789193,0.9676158205,0.9709600000,-0.0100723764,-0.0068791478,-0.0078791478,-0.0028602285,-0.0012233273,0.0021208522
1.865,0.9689092979,0.9589026766,0.9621000000,0.9611000000,0.9661071080,0.9676443277,0.9711000000,-0.0100066213,-0.0068092979,-0.0078092979,-0.0028021899,-0.0012649702,0.0021907021
1.866,0.9689793173,0.9590385817,0.9622400000,0.9612400000,0.9662352967,0.9676728349,0.9712400000,-0.0099407355,-0.0067393173,-0.0077393173,-0.0027440205,-0.0013064824,0.0022606827
1.867,0.9690492061,0.9591744868,0.9623800000,0.9613800000,0.9663634855,0.9677013421,0.9713800000,-0.0098747192,-0.0066692061,-0.0076692061,-0.0026857206,-0.0013478640,0.0023307939
1.868,0.9691189645,0.9593103920,0.9625200000,0.9615200000,0.9664916742,0.9677298493,0.9715200000,-0.0098085726,-0.0065989645,-0.0075989645,-0.0026272904,-0.0013891153,0.0024010355
1.869,0.9691885928,0.9594462971,0.9626600000,0.9616600000,0.9666198629,0.9677583565,0.9716600000,-0.0097422957,-0.0065285928,-0.0075285928,-0.0025687299,-0.0014302363,0.0024714072
1.870,0.9692580911,0.9595822022,0.9628000000,0.9618000000,0.9667480516,0.9677868637,0.9718000000,-0.0096758889,-0.0064580911,-0.0074580911,-0.0025100395,-0.0014712274,0.0025419089
1.871,0.9693274595,0.9597181073,0.9629400000,0.9619400000,0.9668762403,0.9678153709,0.9719400000,-0.0096093522,-0.0063874595,-0.0073874595,-0.0024512192,-0.0015120886,0.0026125405
1.872,0.9693966982,0.9598540124,0.9630800000,0.9620800000,0.9670044290,0.9678438781,0.9720800000,-0.0095426858,-0.0063166982,-0.0073166982,-0.0023922692,-0.0015528202,0.0026833018
1.873,0.9694658075,0.9599899176,0.9632200000,0.9622200000,0.9671326177,0.9678723853,0.9722200000,-0.0094758899,-0.0062458075,-0.0072458075,-0.0023331898,-0.0015934222,0.0027541925
1.874,0.9695347874,0.9601258227,0.9633600000,0.9623600000,0.9672608065,0.9679008925,0.9723600000,-0.0094089648,-0.0061747874,-0.0071747874,-0.0022739810,-0.0016338950,0.0028252126
1.875,0.9696036382,0.9602617278,0.9635000000,0.9625000000,0.9673889952,0.9679293997,0.9725000000,-0.0093419104,-0.0061036382,-0.0071036382,-0.0022146431,-0.0016742385,0.0028963618
1.876,0.9696723601,0.9603976329,0.9636400000,0.9626400000,0.9675171839,0.9679579069,0.9726400000,-0.0092747271,-0.0060323601,-0.0070323601,-0.0021551762,-0.0017144532,0.0029676399
1.877,0.9697409531,0.9605335380,0.9637800000,0.9627800000,0.9676453726,0.9679864141,0.9727800000,-0.0092074150,-0.0059609531,-0.0069609531,-0.0020955805,-0.0017545390,0.0030390469
1.878,0.9698094175,0.9606694432,0.9639200000,0.9629200000,0.9677735613,0.9680149213,0.9729200000,-0.0091399743,-0.0058894175,-0.0068894175,-0.0020358561,-0.0017944962,0.0031105825
1.879,0.9698777534,0.9608053483,0.9640600000,0.9630600000,0.9679017500,0.9680434285,0.9730600000,-0.0090724051,-0.0058177534,-0.0068177534,-0.0019760034,-0.0018343249,0.0031822466
1.880,0.9699459610,0.9609412534,0.9642000000,0.9632000000,0.9680299387,0.9680719357,0.9732000000,-0.0090047076,-0.0057459610,-0.0067459610,-0.0019160223,-0.0018740254,0.0032540390
1.881,0.9700140406,0.9610771585,0.9643400000,0.9633400000,0.9681581275,0.9681004429,0.9733400000,-0.0089368820,-0.0056740406,-0.0066740406,-0.0018559131,-0.0019135977,0.0033259594
1.882,0.9700819922,0.9612130637,0.9644800000,0.9634800000,0.9682863162,0.9681289501,0.9734800000,-0.0088689285,-0.0056019922,-0.0066019922,-0.0017956760,-0.0019530421,0.0033980078
1.883,0.9701498160,0.9613489688,0.9646200000,0.9636200000,0.9684145049,0.9681574573,0.9736200000,-0.0088008472,-0.0055298160,-0.0065298160,-0.0017353111,-0.0019923587,0.0034701840
1.884,0.9702175123,0.9614848739,0.9647600000,0.9637600000,0.9685426936,0.9681859645,0.9737600000,-0.0087326384,-0.0054575123,-0.0064575123,-0.0016748187,-0.0020315478,0.0035424877
1.885,0.9702850811,0.9616207790,0.9649000000,0.9639000000,0.9686708823,0.9682144717,0.9739000000,-0.0086643021,-0.0053850811,-0.0063850811,-0.0016141988,-0.0020706094,0.0036149189
1.886,0.9703525227,0.9617566841,0.9650400000,0.9640400000,0.9687990710,0.9682429789,0.9740400000,-0.0085958385,-0.0053125227,-0.0063125227,-0.0015534516,-0.0021095438,0.0036874773
1.887,0.9704198372,0.9618925893,0.9651800000,0.9641800000,0.9689272597,0.9682714861,0.9741800000,-0.0085272479,-0.0052398372,-0.0062398372,-0.0014925774,-0.0021483511,0.0037601628
1.888,0.9704870248,0.9620284944,0.9653200000,0.9643200000,0.9690554485,0.9682999933,0.9743200000,-0.0084585304,-0.0051670248,-0.0061670248,-0.0014315763,-0.0021870315,0.0038329752
1.889,0.9705540856,0.9621643995,0.9654600000,0.9644600000,0.9691836372,0.9683285005,0.9744600000,-0.0083896861,-0.0050940856,-0.0060940856,-0.0013704485,-0.0022255852,0.0039059144
1.890,0.9706210200,0.9623003046,0.9656000000,0.9646000000,0.9693118259,0.9683570077,0.9746000000,-0.0083207153,-0.0050210200,-0.0060210200,-0.0013091941,-0.0022640123,0.0039789800
1.891,0.9706878279,0.9624362098,0.9657400000,0.9647400000,0.9694400146,0.9683855149,0.9747400000,-0.0082516181,-0.0049478279,-0.0059478279,-0.0012478133,-0.0023023130,0.0040521721
1.892,0.9707545096,0.9625721149,0.9658800000,0.9648800000,0.9695682033,0.9684140221,0.9748800000,-0.0081823947,-0.0048745096,-0.0058745096,-0.0011863063,-0.0023404875,0.0041254904
1.893,0.9708210653,0.9627080200,0.9660200000,0.9650200000,0.9696963920,0.9684425293,0.9750200000,-0.0081130453,-0.0048010653,-0.0058010653,-0.0011246732,-0.0023785360,0.0041989347
1.894,0.9708874951,0.9628439251,0.9661600000,0.9651600000,0.9698245807,0.9684710365,0.9751600000,-0.0080435699,-0.0047274951,-0.0057274951,-0.0010629143,-0.0024164586,0.0042725049
1.895,0.9709537992,0.9629798302,0.9663000000,0.9653000000,0.9699527695,0.9684995437,0.9753000000,-0.0079739689,-0.0046537992,-0.0056537992,-0.0010010297,-0.0024542555,0.0043462008
1.896,0.9710199777,0.9631157354,0.9664400000,0.9654400000,0.9700809582,0.9685280509,0.9754400000,-0.0079042424,-0.0045799777,-0.0055799777,-0.0009390196,-0.0024919268,0.0044200223
1.897,0.9710860310,0.9632516405,0.9665800000,0.9655800000,0.9702091469,0.9685565581,0.9755800000,-0.0078343905,-0.0045060310,-0.0055060310,-0.0008768841,-0.0025294729,0.0044939690
1.898,0.9711519590,0.9633875456,0.9667200000,0.9657200000,0.9703373356,0.9685850653,0.9757200000,-0.0077644134,-0.0044319590,-0.0054319590,-0.0008146234,-0.0025668937,0.0045680410
1.899,0.9712177620,0.9635234507,0.9668600000,0.9658600000,0.9704655243,0.9686135725,0.9758600000,-0.0076943113,-0.0043577620,-0.0053577620,-0.0007522377,-0.0026041895,0.0046422380
1.900,0.9712834402,0.9636593559,0.9670000000,0.9660000000,0.9705937130,0.9686420797,0.9760000000,-0.0076240843,-0.0042834402,-0.0052834402,-0.0006897272,-0.0026413605,0.0047165598
1.901,0.9713489937,0.9637952610,0.9671400000,0.9661400000,0.9707219017,0.9686705869,0.9761400000,-0.0075537327,-0.0042089937,-0.0052089937,-0.0006270920,-0.0026784068,0.0047910063
1.902,0.9714144227,0.9639311661,0.9672800000,0.9662800000,0.9708500904,0.9686990941,0.9762800000,-0.0074832566,-0.0041344227,-0.0051344227,-0.0005643323,-0.0027153286,0.0048655773
1.903,0.9714797274,0.9640670712,0.9674200000,0.9664200000,0.9709782792,0.9687276013,0.9764200000,-0.0074126562,-0.0040597274,-0.0050597274,-0.0005014482,-0.0027521261,0.0049402726
1.904,0.9715449079,0.9642029763,0.9675600000,0.9665600000,0.9711064679,0.9687561085,0.9765600000,-0.0073419316,-0.0039849079,-0.0049849079,-0.0004384400,-0.0027887994,0.0050150921
1.905,0.9716099644,0.9643388815,0.9677000000,0.9667000000,0.9712346566,0.9687846157,0.9767000000,-0.0072710830,-0.0039099644,-0.0049099644,-0.0003753079,-0.0028253488,0.0050900356
1.906,0.9716748972,0.9644747866,0.9678400000,0.9668400000,0.9713628453,0.9688131229,0.9768400000,-0.0072001106,-0.0038348972,-0.0048348972,-0.0003120519,-0.0028617743,0.0051651028
1.907,0.9717397063,0.9646106917,0.9679800000,0.9669800000,0.9714910340,0.9688416301,0.9769800000,-0.0071290145,-0.0037597063,-0.0047597063,-0.0002486722,-0.0028980762,0.0052402937
1.908,0.9718043919,0.9647465968,0.9681200000,0.9671200000,0.9716192227,0.9688701373,0.9771200000,-0.0070577950,-0.0036843919,-0.0046843919,-0.0001851691,-0.0029342546,0.0053156081
1.909,0.9718689542,0.9648825020,0.9682600000,0.9672600000,0.9717474114,0.9688986445,0.9772600000,-0.0069864522,-0.0036089542,-0.0046089542,-0.0001215427,-0.0029703097,0.0053910458
1.910,0.9719333933,0.9650184071,0.9684000000,0.9674000000,0.9718756002,0.9689271517,0.9774000000,-0.0069149863,-0.0035333933,-0.0045333933,-0.0000577932,-0.0030062416,0.0054666067
1.911,0.9719977096,0.9651543122,0.9685400000,0.9675400000,0.9720037889,0.9689556589,0.9775400000,-0.0068433974,-0.0034577096,-0.0044577096,0.0000060793,-0.0030420507,0.0055422904
1.912,0.9720619030,0.9652902173,0.9686800000,0.9676800000,0.9721319776,0.9689841661,0.9776800000,-0.0067716857,-0.0033819030,-0.0043819030,0.0000700746,-0.0030777369,0.0056180970
1.913,0.9721259738,0.9654261224,0.9688200000,0.9678200000,0.9722601663,0.9690126733,0.9778200000,-0.0066998513,-0.0033059738,-0.0043059738,0.0001341925,-0.0031133005,0.0056940262
1.914,0.9721899221,0.9655620276,0.9689600000,0.9679600000,0.9723883550,0.9690411805,0.9779600000,-0.0066278946,-0.0032299221,-0.0042299221,0.0001984329,-0.0031487416,0.0057700779
1.915,0.9722537482,0.9656979327,0.9691000000,0.9681000000,0.9725165437,0.9690696877,0.9781000000,-0.0065558155,-0.0031537482,-0.0041537482,0.0002627955,-0.0031840605,0.0058462518
1.916,0.9723174522,0.9658338378,0.9692400000,0.9682400000,0.9726447324,0.9690981949,0.9782400000,-0.0064836143,-0.0030774522,-0.0040774522,0.0003272803,-0.0032192573,0.0059225478
1.917,0.9723810342,0.9659697429,0.9693800000,0.9683800000,0.9727729212,0.9691267021,0.9783800000,-0.0064112912,-0.0030010342,-0.0040010342,0.0003918870,-0.0032543321,0.0059989658
1.918,0.9724444944,0.9661056480,0.9695200000,0.9685200000,0.9729011099,0.9691552093,0.9785200000,-0.0063388464,-0.0029244944,-0.0039244944,0.0004566154,-0.0032892851,0.0060755056
1.919,0.9725078331,0.9662415532,0.9696600000,0.9686600000,0.9730292986,0.9691837165,0.9786600000,-0.0062662799,-0.0028478331,-0.0038478331,0.0005214655,-0.0033241166,0.0061521669
1.920,0.9725710503,0.9663774583,0.9698000000,0.9688000000,0.9731574873,0.9692122237,0.9788000000,-0.0061935920,-0.0027710503,-0.0037710503,0.0005864370,-0.0033588266,0.0062289497
1.921,0.9726341463,0.9665133634,0.9699400000,0.9689400000,0.9732856760,0.9692407309,0.9789400000,-0.0061207828,-0.0026941463,-0.0036941463,0.0006515298,-0.0033934154,0.0063058537
1.922,0.9726971211,0.9666492685,0.9700800000,0.9690800000,0.9734138647,0.9692692381,0.9790800000,-0.0060478526,-0.0026171211,-0.0036171211,0.0007167436,-0.0034278830,0.0063828789
1.923,0.9727599751,0.9667851737,0.9702200000,0.9692200000,0.9735420534,0.9692977453,0.9792200000,-0.0059748014,-0.0025399751,-0.0035399751,0.0007820784,-0.0034622298,0.0064600249
1.924,0.9728227083,0.9669210788,0.9703600000,0.9693600000,0.9736702422,0.9693262525,0.9793600000,-0.0059016295,-0.0024627083,-0.0034627083,0.0008475339,-0.0034964558,0.0065372917
1.925,0.9728853209,0.9670569839,0.9705000000,0.9695000000,0.9737984309,0.9693547597,0.9795000000,-0.0058283370,-0.0023853209,-0.0033853209,0.0009131100,-0.0035305612,0.0066146791
1.926,0.9729478131,0.9671928890,0.9706400000,0.9696400000,0.9739266196,0.9693832669,0.9796400000,-0.0057549241,-0.0023078131,-0.0033078131,0.0009788065,-0.0035645462,0.0066921869
1.927,0.9730101850,0.9673287941,0.9707800000,0.9697800000,0.9740548083,0.9694117741,0.9797800000,-0.0056813909,-0.0022301850,-0.0032301850,0.0010446233,-0.0035984109,0.0067698150
1.928,0.9730724369,0.9674646993,0.9709200000,0.9699200000,0.9741829970,0.9694402813,0.9799200000,-0.0056077376,-0.0021524369,-0.0031524369,0.0011105601,-0.0036321556,0.0068475631
1.929,0.9731345689,0.9676006044,0.9710600000,0.9700600000,0.9743111857,0.9694687885,0.9800600000,-0.0055339645,-0.0020745689,-0.0030745689,0.0011766168,-0.0036657804,0.0069254311
1.930,0.9731965811,0.9677365095,0.9712000000,0.9702000000,0.9744393744,0.9694972957,0.9802000000,-0.0054600716,-0.0019965811,-0.0029965811,0.0012427933,-0.0036992854,0.0070034189
1.931,0.9732584738,0.9678724146,0.9713400000,0.9703400000,0.9745675632,0.9695258029,0.9803400000,-0.0053860592,-0.0019184738,-0.0029184738,0.0013090894,-0.0037326709,0.0070815262
1.932,0.9733202471,0.9680083198,0.9714800000,0.9704800000,0.9746957519,0.9695543101,0.9804800000,-0.0053119273,-0.0018402471,-0.0028402471,0.0013755048,-0.0037659370,0.0071597529
1.933,0.9733819011,0.9681442249,0.9716200000,0.9706200000,0.9748239406,0.9695828173,0.9806200000,-0.0052376762,-0.0017619011,-0.0027619011,0.0014420395,-0.0037990838,0.0072380989
1.934,0.9734434361,0.9682801300,0.9717600000,0.9707600000,0.9749521293,0.9696113245,0.9807600000,-0.0051633061,-0.0016834361,-0.0026834361,0.0015086932,-0.0038321116,0.0073165639
1.935,0.9735048522,0.9684160351,0.9719000000,0.9709000000,0.9750803180,0.9696398317,0.9809000000,-0.0050888170,-0.0016048522,-0.0026048522,0.0015754658,-0.0038650205,0.0073951478
1.936,0.9735661495,0.9685519402,0.9720400000,0.9710400000,0.9752085067,0.9696683389,0.9810400000,-0.0050142093,-0.0015261495,-0.0025261495,0.0016423572,-0.0038978106,0.0074738505
1.937,0.9736273283,0.9686878454,0.9721800000,0.9711800000,0.9753366954,0.9696968461,0.9811800000,-0.0049394829,-0.0014473283,-0.0024473283,0.0017093671,-0.0039304822,0.0075526717
1.938,0.9736883887,0.9688237505,0.9723200000,0.9713200000,0.9754648841,0.9697253533,0.9813200000,-0.0048646382,-0.0013683887,-0.0023683887,0.0017764954,-0.0039630354,0.0076316113
1.939,0.9737493309,0.9689596556,0.9724600000,0.9714600000,0.9755930729,0.9697538605,0.9814600000,-0.0047896753,-0.0012893309,-0.0022893309,0.0018437419,-0.0039954704,0.0077106691
1.940,0.9738101551,0.9690955607,0.9726000000,0.9716000000,0.9757212616,0.9697823677,0.9816000000,-0.0047145943,-0.0012101551,-0.0022101551,0.0019111065,-0.0040277874,0.0077898449
1.941,0.9738708613,0.9692314659,0.9727400000,0.9717400000,0.9758494503,0.9698108749,0.9817400000,-0.0046393955,-0.0011308613,-0.0021308613,0.0019785890,-0.0040599864,0.0078691387
1.942,0.9739314499,0.9693673710,0.9728800000,0.9718800000,0.9759776390,0.9698393821,0.9818800000,-0.0045640789,-0.0010514499,-0.0020514499,0.0020461892,-0.0040920677,0.0079485501
1.943,0.9739919208,0.9695032761,0.9730200000,0.9720200000,0.9761058277,0.9698678893,0.9820200000,-0.0044886447,-0.0009719208,-0.0019719208,0.0021139069,-0.0041240315,0.0080280792
1.944,0.9740522745,0.9696391812,0.9731600000,0.9721600000,0.9762340164,0.9698963965,0.9821600000,-0.0044130932,-0.0008922745,-0.0018922745,0.0021817420,-0.0041558779,0.0081077255
1.945,0.9741125108,0.9697750863,0.9733000000,0.9723000000,0.9763622051,0.9699249037,0.9823000000,-0.0043374245,-0.0008125108,-0.0018125108,0.0022496943,-0.0041876071,0.0081874892
1.946,0.9741726302,0.9699109915,0.9734400000,0.9724400000,0.9764903939,0.9699534109,0.9824400000,-0.0042616387,-0.0007326302,-0.0017326302,0.0023177637,-0.0042192193,0.0082673698
1.947,0.9742326327,0.9700468966,0.9735800000,0.9725800000,0.9766185826,0.9699819181,0.9825800000,-0.0041857361,-0.0006526327,-0.0016526327,0.0023859499,-0.0042507146,0.0083473673
1.948,0.9742925184,0.9701828017,0.9737200000,0.9727200000,0.9767467713,0.9700104253,0.9827200000,-0.0041097167,-0.0005725184,-0.0015725184,0.0024542529,-0.0042820931,0.0084274816
1.949,0.9743522876,0.9703187068,0.9738600000,0.9728600000,0.9768749600,0.9700389325,0.9828600000,-0.0040335808,-0.0004922876,-0.0014922876,0.0025226724,-0.0043133551,0.0085077124
1.950,0.9744119405,0.9704546120,0.9740000000,0.9730000000,0.9770031487,0.9700674397,0.9830000000,-0.0039573285,-0.0004119405,-0.0014119405,0.0025912082,-0.0043445008,0.0085880595
1.951,0.9744714771,0.9705905171,0.9741400000,0.9731400000,0.9771313374,0.9700959469,0.9831400000,-0.0038809600,-0.0003314771,-0.0013314771,0.0026598603,-0.0043755302,0.0086685229
1.952,0.9745308977,0.9707264222,0.9742800000,0.9732800000,0.9772595261,0.9701244541,0.9832800000,-0.0038044755,-0.0002508977,-0.0012508977,0.0027286284,-0.0044064436,0.0087491023
1.953,0.9745902024,0.9708623273,0.9744200000,0.9734200000,0.9773877149,0.9701529613,0.9834200000,-0.0037278751,-0.0001702024,-0.0011702024,0.0027975125,-0.0044372411,0.0088297976
1.954,0.9746493914,0.9709982324,0.9745600000,0.9735600000,0.9775159036,0.9701814685,0.9835600000,-0.0036511590,-0.0000893914,-0.0010893914,0.0028665122,-0.0044679229,0.0089106086
1.955,0.9747084649,0.9711341376,0.9747000000,0.9737000000,0.9776440923,0.9702099757,0.9837000000,-0.0035743273,-0.0000084649,-0.0010084649,0.0029356274,-0.0044984892,0.0089915351
1.956,0.9747674229,0.9712700427,0.9748400000,0.9738400000,0.9777722810,0.9702384829,0.9838400000,-0.0034973803,0.0000725771,-0.0009274229,0.0030048580,-0.0045289400,0.0090725771
1.957,0.9748262658,0.9714059478,0.9749800000,0.9739800000,0.9779004697,0.9702669901,0.9839800000,-0.0034203180,0.0001537342,-0.0008462658,0.0030742039,-0.0045592757,0.0091537342
1.958,0.9748849937,0.9715418529,0.9751200000,0.9741200000,0.9780286584,0.9702954973,0.9841200000,-0.0033431407,0.0002350063,-0.0007649937,0.0031436648,-0.0045894963,0.0092350063
1.959,0.9749436066,0.9716777581,0.9752600000,0.9742600000,0.9781568471,0.9703240045,0.9842600000,-0.0032658486,0.0003163934,-0.0006836066,0.0032132405,-0.0046196021,0.0093163934
1.960,0.9750021049,0.9718136632,0.9754000000,0.9744000000,0.9782850359,0.9703525117,0.9844000000,-0.0031884417,0.0003978951,-0.0006021049,0.0032829310,-0.0046495931,0.0093978951
1.961,0.9750604886,0.9719495683,0.9755400000,0.9745400000,0.9784132246,0.9703810189,0.9845400000,-0.0031109203,0.0004795114,-0.0005204886,0.0033527360,-0.0046794696,0.0094795114
1.962,0.9751187579,0.9720854734,0.9756800000,0.9746800000,0.9785414133,0.9704095261,0.9846800000,-0.0030332845,0.0005612421,-0.0004387579,0.0034226554,-0.0047092318,0.0095612421
1.963,0.9751769130,0.9722213785,0.9758200000,0.9748200000,0.9786696020,0.9704380333,0.9848200000,-0.0029555344,0.0006430870,-0.0003569130,0.0034926890,-0.0047388797,0.0096430870
1.964,0.9752349540,0.9723572837,0.9759600000,0.9749600000,0.9787977907,0.9704665405,0.9849600000,-0.0028776704,0.0007250460,-0.0002749540,0.0035628367,-0.0047684135,0.0097250460
1.965,0.9752928812,0.9724931888,0.9761000000,0.9751000000,0.9789259794,0.9704950477,0.9851000000,-0.0027996924,0.0008071188,-0.0001928812,0.0036330982,-0.0047978335,0.0098071188
1.966,0.9753506947,0.9726290939,0.9762400000,0.9752400000,0.9790541681,0.9705235549,0.9852400000,-0.0027216008,0.0008893053,-0.0001106947,0.0037034734,-0.0048271398,0.0098893053
1.967,0.9754083946,0.9727649990,0.9763800000,0.9753800000,0.9791823568,0.9705520621,0.9853800000,-0.0026433956,0.0009716054,-0.0000283946,0.0037739622,-0.0048563325,0.0099716054
1.968,0.9754659811,0.9729009041,0.9765200000,0.9755200000,0.9793105456,0.9705805693,0.9855200000,-0.0025650770,0.0010540189,0.0000540189,0.0038445644,-0.0048854118,0.0100540189
1.969,0.9755234545,0.9730368093,0.9766600000,0.9756600000,0.9794387343,0.9706090765,0.9856600000,-0.0024866452,0.0011365455,0.0001365455,0.0039152798,-0.0049143779,0.0101365455
1.970,0.9755808147,0.9731727144,0.9768000000,0.9758000000,0.9795669230,0.9706375837,0.9858000000,-0.0024081003,0.0012191853,0.0002191853,0.0039861083,-0.0049432310,0.0102191853
1.971,0.9756380621,0.9733086195,0.9769400000,0.9759400000,0.9796951117,0.9706660909,0.9859400000,-0.0023294426,0.0013019379,0.0003019379,0.0040570496,-0.0049719712,0.0103019379
1.972,0.9756951967,0.9734445246,0.9770800000,0.9760800000,0.9798233004,0.9706945981,0.9860800000,-0.0022506721,0.0013848033,0.0003848033,0.0041281037,-0.0050005986,0.0103848033
1.973,0.9757522188,0.9735804298,0.9772200000,0.9762200000,0.9799514891,0.9707231053,0.9862200000,-0.0021717891,0.0014677812,0.0004677812,0.0041992703,-0.0050291135,0.0104677812
1.974,0.9758091285,0.9737163349,0.9773600000,0.9763600000,0.9800796778,0.9707516125,0.9863600000,-0.0020927936,0.0015508715,0.0005508715,0.0042705493,-0.0050575160,0.0105508715
1.975,0.9758659260,0.9738522400,0.9775000000,0.9765000000,0.9802078666,0.9707801197,0.9865000000,-0.0020136860,0.0016340740,0.0006340740,0.0043419406,-0.0050858063,0.0106340740
1.976,0.9759226114,0.9739881451,0.9776400000,0.9766400000,0.9803360553,0.9708086269,0.9866400000,-0.0019344663,0.0017173886,0.0007173886,0.0044134439,-0.0051139845,0.0107173886
1.977,0.9759791849,0.9741240502,0.9777800000,0.9767800000,0.9804642440,0.9708371341,0.9867800000,-0.0018551347,0.0018008151,0.0008008151,0.0044850591,-0.0051420508,0.0108008151
1.978,0.9760356467,0.9742599554,0.9779200000,0.9769200000,0.9805924327,0.9708656413,0.9869200000,-0.0017756913,0.0018843533,0.0008843533,0.0045567860,-0.0051700054,0.0108843533
1.979,0.9760919969,0.9743958605,0.9780600000,0.9770600000,0.9807206214,0.9708941485,0.9870600000,-0.0016961364,0.0019680031,0.0009680031,0.0046286245,-0.0051978484,0.0109680031
1.980,0.9761482357,0.9745317656,0.9782000000,0.9772000000,0.9808488101,0.9709226557,0.9872000000,-0.0016164700,0.0020517643,0.0010517643,0.0047005745,-0.0052255799,0.0110517643
1.981,0.9762043632,0.9746676707,0.9783400000,0.9773400000,0.9809769988,0.9709511629,0.9873400000,-0.0015366925,0.0021356368,0.0011356368,0.0047726356,-0.0052532003,0.0111356368
1.982,0.9762603797,0.9748035759,0.9784800000,0.9774800000,0.9811051876,0.9709796701,0.9874800000,-0.0014568038,0.0022196203,0.0012196203,0.0048448079,-0.0052807096,0.0112196203
1.983,0.9763162852,0.9749394810,0.9786200000,0.9776200000,0.9812333763,0.9710081773,0.9876200000,-0.0013768043,0.0023037148,0.0013037148,0.0049170910,-0.0053081079,0.0113037148
1.984,0.9763720800,0.9750753861,0.9787600000,0.9777600000,0.9813615650,0.9710366845,0.9877600000,-0.0012966939,0.0023879200,0.0013879200,0.0049894850,-0.0053353955,0.0113879200
1.985,0.9764277643,0.9752112912,0.9789000000,0.9779000000,0.9814897537,0.9710651917,0.9879000000,-0.0012164730,0.0024722357,0.0014722357,0.0050619894,-0.0053625725,0.0114722357
1.986,0.9764833380,0.9753471963,0.9790400000,0.9780400000,0.9816179424,0.9710936989,0.9880400000,-0.0011361417,0.0025566620,0.0015566620,0.0051346044,-0.0053896391,0.0115566620
1.987,0.9765388016,0.9754831015,0.9791800000,0.9781800000,0.9817461311,0.9711222061,0.9881800000,-0.0010557001,0.0026411984,0.0016411984,0.0052073295,-0.0054165955,0.0116411984
1.988,0.9765941550,0.9756190066,0.9793200000,0.9783200000,0.9818743198,0.9711507133,0.9883200000,-0.0009751484,0.0027258450,0.0017258450,0.0052801648,-0.0054434417,0.0117258450
1.989,0.9766493985,0.9757549117,0.9794600000,0.9784600000,0.9820025086,0.9711792205,0.9884600000,-0.0008944868,0.0028106015,0.0018106015,0.0053531100,-0.0054701780,0.0118106015
1.990,0.9767045322,0.9758908168,0.9796000000,0.9786000000,0.9821306973,0.9712077277,0.9886000000,-0.0008137154,0.0028954678,0.0018954678,0.0054261650,-0.0054968045,0.0118954678
1.991,0.9767595564,0.9760267220,0.9797400000,0.9787400000,0.9822588860,0.9712362349,0.9887400000,-0.0007328344,0.0029804436,0.0019804436,0.0054993296,-0.0055233215,0.0119804436
1.992,0.9768144711,0.9761626271,0.9798800000,0.9788800000,0.9823870747,0.9712647421,0.9888800000,-0.0006518440,0.0030655289,0.0020655289,0.0055726036,-0.0055497289,0.0120655289
1.993,0.9768692765,0.9762985322,0.9800200000,0.9790200000,0.9825152634,0.9712932493,0.9890200000,-0.0005707443,0.0031507235,0.0021507235,0.0056459870,-0.0055760271,0.0121507235
1.994,0.9769239727,0.9764344373,0.9801600000,0.9791600000,0.9826434521,0.9713217565,0.9891600000,-0.0004895354,0.0032360273,0.0022360273,0.0057194794,-0.0056022162,0.0122360273
1.995,0.9769785601,0.9765703424,0.9803000000,0.9793000000,0.9827716408,0.9713502637,0.9893000000,-0.0004082176,0.0033214399,0.0023214399,0.0057930808,-0.0056282963,0.0123214399
1.996,0.9770330386,0.9767062476,0.9804400000,0.9794400000,0.9828998296,0.9713787709,0.9894400000,-0.0003267910,0.0034069614,0.0024069614,0.0058667909,-0.0056542677,0.0124069614
1.997,0.9770874085,0.9768421527,0.9805800000,0.9795800000,0.9830280183,0.9714072781,0.9895800000,-0.0002452558,0.0034925915,0.0024925915,0.0059406098,-0.0056801304,0.0124925915
1.998,0.9771416699,0.9769780578,0.9807200000,0.9797200000,0.9831562070,0.9714357853,0.9897200000,-0.0001636121,0.0035783301,0.0025783301,0.0060145370,-0.0057058846,0.0125783301
1.999,0.9771958231,0.9771139629,0.9808600000,0.9798600000,0.9832843957,0.9714642925,0.9898600000,-0.0000818601,0.0036641769,0.0026641769,0.0060885726,-0.0057315305,0.0126641769
2.000,0.9772498681,0.9772498681,0.9810000000,0.9800000000,0.9834125844,0.9714927997,0.9900000000,0.0000000000,0.0037501319,0.0027501319,0.0061627164,-0.0057570683,0.0127501319
2.001,0.9773038051,0.9772712683,0.9770200000,0.9800200000,0.9834139428,0.9715213069,0.9900000000,-0.0000325368,-0.0002838051,0.0027161949,0.0061101377,-0.0057824981,0.0126961949
2.002,0.9773576342,0.9772926685,0.9770400000,0.9800400000,0.9834153012,0.9715498141,0.9900000000,-0.0000649657,-0.0003176342,0.0026823658,0.0060576670,-0.0058078201,0.0126423658
2.003,0.9774113558,0.9773140688,0.9770600000,0.9800600000,0.9834166596,0.9715783213,0.9900000000,-0.0000972870,-0.0003513558,0.0026486442,0.0060053038,-0.0058330344,0.0125886442
2.004,0.9774649698,0.9773354690,0.9770800000,0.9800800000,0.9834180180,0.9716068285,0.9900000000,-0.0001295008,-0.0003849698,0.0026150302,0.0059530482,-0.0058581413,0.0125350302
2.005,0.9775184765,0.9773568692,0.9771000000,0.9801000000,0.9834193764,0.9716353357,0.9900000000,-0.0001616073,-0.0004184765,0.0025815235,0.0059008999,-0.0058831408,0.0124815235
2.006,0.9775718760,0.9773782695,0.9771200000,0.9801200000,0.9834207348,0.9716638429,0.9900000000,-0.0001936065,-0.0004518760,0.0025481240,0.0058488588,-0.0059080331,0.0124281240
2.007,0.9776251685,0.9773996697,0.9771400000,0.9801400000,0.9834220932,0.9716923501,0.9900000000,-0.0002254988,-0.0004851685,0.0025148315,0.0057969246,-0.0059328184,0.0123748315
2.008,0.9776783542,0.9774210699,0.9771600000,0.9801600000,0.9834234516,0.9717208573,0.9900000000,-0.0002572842,-0.0005183542,0.0024816458,0.0057450974,-0.0059574968,0.0123216458
2.009,0.9777314331,0.9774424702,0.9771800000,0.9801800000,0.9834248099,0.9717493645,0.9900000000,-0.0002889630,-0.0005514331,0.0024485669,0.0056933768,-0.0059820686,0.0122685669
2.010,0.9777844056,0.9774638704,0.9772000000,0.9802000000,0.9834261683,0.9717778717,0.9900000000,-0.0003205352,-0.0005844056,0.0024155944,0.0056417628,-0.0060065338,0.0122155944
2.011,0.9778372716,0.9774852706,0.9772200000,0.9802200000,0.9834275267,0.9718063789,0.9900000000,-0.0003520010,-0.0006172716,0.0023827284,0.0055902551,-0.0060308927,0.0121627284
2.012,0.9778900315,0.9775066709,0.9772400000,0.9802400000,0.9834288851,0.9718348861,0.9900000000,-0.0003833606,-0.0006500315,0.0023499685,0.0055388536,-0.0060551454,0.0121099685
2.013,0.9779426853,0.9775280711,0.9772600000,0.9802600000,0.9834302435,0.9718633933,0.9900000000,-0.0004146142,-0.0006826853,0.0023173147,0.0054875582,-0.0060792920,0.0120573147
2.014,0.9779952333,0.9775494713,0.9772800000,0.9802800000,0.9834316019,0.9718919005,0.9900000000,-0.0004457619,-0.0007152333,0.0022847667,0.0054363687,-0.0061033327,0.0120047667
2.015,0.9780476755,0.9775708716,0.9773000000,0.9803000000,0.9834329603,0.9719204077,0.9900000000,-0.0004768039,-0.0007476755,0.0022523245,0.0053852848,-0.0061272677,0.0119523245
2.016,0.9781000121,0.9775922718,0.9773200000,0.9803200000,0.9834343187,0.9719489149,0.9900000000,-0.0005077403,-0.0007800121,0.0022199879,0.0053343066,-0.0061510972,0.0118999879
2.017,0.9781522433,0.9776136720,0.9773400000,0.9803400000,0.9834356771,0.9719774221,0.9900000000,-0.0005385713,-0.0008122433,0.0021877567,0.0052834337,-0.0061748212,0.0118477567
2.018,0.9782043693,0.9776350723,0.9773600000,0.9803600000,0.9834370355,0.9720059293,0.9900000000,-0.0005692971,-0.0008443693,0.0021556307,0.0052326661,-0.0061984400,0.0117956307
2.019,0.9782563902,0.9776564725,0.9773800000,0.9803800000,0.9834383939,0.9720344365,0.9900000000,-0.0005999178,-0.0008763902,0.0021236098,0.0051820036,-0.0062219537,0.0117436098
2.020,0.9783083062,0.9776778727,0.9774000000,0.9804000000,0.9834397523,0.9720629437,0.9900000000,-0.0006304335,-0.0009083062,0.0020916938,0.0051314460,-0.0062453625,0.0116916938
2.021,0.9783601175,0.9776992730,0.9774200000,0.9804200000,0.9834411107,0.9720914509,0.9900000000,-0.0006608445,-0.0009401175,0.0020598825,0.0050809932,-0.0062686665,0.0116398825
2.022,0.9784118241,0.9777206732,0.9774400000,0.9804400000,0.9834424691,0.9721199581,0.9900000000,-0.0006911509,-0.0009718241,0.0020281759,0.0050306450,-0.0062918659,0.0115881759
2.023,0.9784634262,0.9777420734,0.9774600000,0.9804600000,0.9834438274,0.9721484653,0.9900000000,-0.0007213528,-0.0010034262,0.0019965738,0.0049804012,-0.0063149609,0.0115365738
2.024,0.9785149241,0.9777634737,0.9774800000,0.9804800000,0.9834451858,0.9721769725,0.9900000000,-0.0007514505,-0.0010349241,0.0019650759,0.0049302617,-0.0063379516,0.0114850759
2.025,0.9785663179,0.9777848739,0.9775000000,0.9805000000,0.9834465442,0.9722054797,0.9900000000,-0.0007814440,-0.0010663179,0.0019336821,0.0048802263,-0.0063608382,0.0114336821
2.026,0.9786176077,0.9778062741,0.9775200000,0.9805200000,0.9834479026,0.9722339869,0.9900000000,-0.0008113335,-0.0010976077,0.0019023923,0.0048302949,-0.0063836208,0.0113823923
2.027,0.9786687937,0.9778276744,0.9775400000,0.9805400000,0.9834492610,0.9722624941,0.9900000000,-0.0008411193,-0.0011287937,0.0018712063,0.0047804674,-0.0064062995,0.0113312063
2.028,0.9787198760,0.9778490746,0.9775600000,0.9805600000,0.9834506194,0.9722910013,0.9900000000,-0.0008708014,-0.0011598760,0.0018401240,0.0047307434,-0.0064288747,0.0112801240
2.029,0.9787708548,0.9778704748,0.9775800000,0.9805800000,0.9834519778,0.9723195085,0.9900000000,-0.0009003800,-0.0011908548,0.0018091452,0.0046811230,-0.0064513463,0.0112291452
2.030,0.9788217304,0.9778918751,0.9776000000,0.9806000000,0.9834533362,0.9723480157,0.9900000000,-0.0009298553,-0.0012217304,0.0017782696,0.0046316058,-0.0064737146,0.0111782696
2.031,0.9788725027,0.9779132753,0.9776200000,0.9806200000,0.9834546946,0.9723765229,0.9900000000,-0.0009592274,-0.0012525027,0.0017474973,0.0045821919,-0.0064959798,0.0111274973
2.032,0.9789231720,0.9779346755,0.9776400000,0.9806400000,0.9834560530,0.9724050301,0.9900000000,-0.0009884965,-0.0012831720,0.0017168280,0.0045328810,-0.0065181419,0.0110768280
2.033,0.9789737385,0.9779560758,0.9776600000,0.9806600000,0.9834574114,0.9724335373,0.9900000000,-0.0010176627,-0.0013137385,0.0016862615,0.0044836729,-0.0065402012,0.0110262615
2.034,0.9790242023,0.9779774760,0.9776800000,0.9806800000,0.9834587698,0.9724620445,0.9900000000,-0.0010467263,-0.0013442023,0.0016557977,0.0044345675,-0.0065621577,0.0109757977
2.035,0.9790745635,0.9779988762,0.9777000000,0.9807000000,0.9834601282,0.9724905517,0.9900000000,-0.0010756873,-0.0013745635,0.0016254365,0.0043855647,-0.0065840118,0.0109254365
2.036,0.9791248224,0.9780202765,0.9777200000,0.9807200000,0.9834614866,0.9725190589,0.9900000000,-0.0011045459,-0.0014048224,0.0015951776,0.0043366642,-0.0066057634,0.0108751776
2.037,0.9791749790,0.9780416767,0.9777400000,0.9807400000,0.9834628450,0.9725475661,0.9900000000,-0.0011333023,-0.0014349790,0.0015650210,0.0042878660,-0.0066274129,0.0108250210
2.038,0.9792250336,0.9780630769,0.9777600000,0.9807600000,0.9834642033,0.9725760733,0.9900000000,-0.0011619566,-0.0014650336,0.0015349664,0.0042391698,-0.0066489602,0.0107749664
2.039,0.9792749862,0.9780844772,0.9777800000,0.9807800000,0.9834655617,0.9726045805,0.9900000000,-0.0011905090,-0.0014949862,0.0015050138,0.0041905755,-0.0066704057,0.0107250138
2.040,0.9793248371,0.9781058774,0.9778000000,0.9808000000,0.9834669201,0.9726330877,0.9900000000,-0.0012189597,-0.0015248371,0.0014751629,0.0041420830,-0.0066917494,0.0106751629
2.041,0.9793745865,0.9781272776,0.9778200000,0.9808200000,0.9834682785,0.9726615949,0.9900000000,-0.0012473088,-0.0015545865,0.0014454135,0.0040936921,-0.0067129915,0.0106254135
2.042,0.9794242343,0.9781486779,0.9778400000,0.9808400000,0.9834696369,0.9726901021,0.9900000000,-0.0012755565,-0.0015842343,0.0014157657,0.0040454026,-0.0067341322,0.0105757657
2.043,0.9794737809,0.9781700781,0.9778600000,0.9808600000,0.9834709953,0.9727186093,0.9900000000,-0.0013037028,-0.0016137809,0.0013862191,0.0039972144,-0.0067551716,0.0105262191
2.044,0.9795232264,0.9781914783,0.9778800000,0.9808800000,0.9834723537,0.9727471165,0.9900000000,-0.0013317481,-0.0016432264,0.0013567736,0.0039491273,-0.0067761099,0.0104767736
2.045,0.9795725709,0.9782128786,0.9779000000,0.9809000000,0.9834737121,0.9727756237,0.9900000000,-0.0013596924,-0.0016725709,0.0013274291,0.0039011411,-0.0067969472,0.0104274291
2.046,0.9796218147,0.9782342788,0.9779200000,0.9809200000,0.9834750705,0.9728041309,0.9900000000,-0.0013875359,-0.0017018147,0.0012981853,0.0038532558,-0.0068176837,0.0103781853
2.047,0.9796709577,0.9782556790,0.9779400000,0.9809400000,0.9834764289,0.9728326381,0.9900000000,-0.0014152787,-0.0017309577,0.0012690423,0.0038054712,-0.0068383196,0.0103290423
2.048,0.9797200003,0.9782770793,0.9779600000,0.9809600000,0.9834777873,0.9728611453,0.9900000000,-0.0014429210,-0.0017600003,0.0012399997,0.0037577870,-0.0068588550,0.0102799997
2.049,0.9797689425,0.9782984795,0.9779800000,0.9809800000,0.9834791457,0.9728896525,0.9900000000,-0.0014704630,-0.0017889425,0.0012110575,0.0037102031,-0.0068792900,0.0102310575
2.050,0.9798177846,0.9783198797,0.9780000000,0.9810000000,0.9834805041,0.9729181597,0.9900000000,-0.0014979048,-0.0018177846,0.0011822154,0.0036627195,-0.0068996249,0.0101822154
2.051,0.9798665266,0.9783412800,0.9780200000,0.9810200000,0.9834818625,0.9729466669,0.9900000000,-0.0015252466,-0.0018465266,0.0011534734,0.0036153358,-0.0069198597,0.0101334734
2.052,0.9799151688,0.9783626802,0.9780400000,0.9810400000,0.9834832208,0.9729751741,0.9900000000,-0.0015524886,-0.0018751688,0.0011248312,0.0035680521,-0.0069399947,0.0100848312
2.053,0.9799637112,0.9783840804,0.9780600000,0.9810600000,0.9834845792,0.9730036813,0.9900000000,-0.0015796308,-0.0019037112,0.0010962888,0.0035208680,-0.0069600299,0.0100362888
2.054,0.9800121541,0.9784054807,0.9780800000,0.9810800000,0.9834859376,0.9730321885,0.9900000000,-0.0016066735,-0.0019321541,0.0010678459,0.0034737835,-0.0069799656,0.0099878459
2.055,0.9800604976,0.9784268809,0.9781000000,0.9811000000,0.9834872960,0.9730606957,0.9900000000,-0.0016336167,-0.0019604976,0.0010395024,0.0034267984,-0.0069998019,0.0099395024
2.056,0.9801087419,0.9784482812,0.9781200000,0.9811200000,0.9834886544,0.9730892029,0.9900000000,-0.0016604607,-0.0019887419,0.0010112581,0.0033799125,-0.0070195390,0.0098912581
2.057,0.9801568871,0.9784696814,0.9781400000,0.9811400000,0.9834900128,0.9731177101,0.9900000000,-0.0016872057,-0.0020168871,0.0009831129,0.0033331257,-0.0070391769,0.0098431129
2.058,0.9802049333,0.9784910816,0.9781600000,0.9811600000,0.9834913712,0.9731462173,0.9900000000,-0.0017138517,-0.0020449333,0.0009550667,0.0032864379,-0.0070587160,0.0097950667
2.059,0.9802528808,0.9785124819,0.9781800000,0.9811800000,0.9834927296,0.9731747245,0.9900000000,-0.0017403989,-0.0020728808,0.0009271192,0.0032398488,-0.0070781562,0.0097471192
2.060,0.9803007296,0.9785338821,0.9782000000,0.9812000000,0.9834940880,0.9732032317,0.9900000000,-0.0017668475,-0.0021007296,0.0008992704,0.0031933584,-0.0070974979,0.0096992704
2.061,0.9803484800,0.9785552823,0.9782200000,0.9812200000,0.9834954464,0.9732317389,0.9900000000,-0.0017931976,-0.0021284800,0.0008715200,0.0031469664,-0.0071167410,0.0096515200
2.062,0.9803961320,0.9785766826,0.9782400000,0.9812400000,0.9834968048,0.9732602461,0.9900000000,-0.0018194495,-0.0021561320,0.0008438680,0.0031006728,-0.0071358859,0.0096038680
2.063,0.9804436859,0.9785980828,0.9782600000,0.9812600000,0.9834981632,0.9732887533,0.9900000000,-0.0018456031,-0.0021836859,0.0008163141,0.0030544773,-0.0071549326,0.0095563141
2.064,0.9804911418,0.9786194830,0.9782800000,0.9812800000,0.9834995216,0.9733172605,0.9900000000,-0.0018716588,-0.0022111418,0.0007888582,0.0030083798,-0.0071738813,0.0095088582
2.065,0.9805384999,0.9786408833,0.9783000000,0.9813000000,0.9835008800,0.9733457677,0.9900000000,-0.0018976166,-0.0022384999,0.0007615001,0.0029623801,-0.0071927321,0.0094615001
2.066,0.9805857602,0.9786622835,0.9783200000,0.9813200000,0.9835022383,0.9733742749,0.9900000000,-0.0019234767,-0.0022657602,0.0007342398,0.0029164781,-0.0072114853,0.0094142398
2.067,0.9806329230,0.9786836837,0.9783400000,0.9813400000,0.9835035967,0.9734027821,0.9900000000,-0.0019492393,-0.0022929230,0.0007070770,0.0028706737,-0.0072301409,0.0093670770
2.068,0.9806799885,0.9787050840,0.9783600000,0.9813600000,0.9835049551,0.9734312893,0.9900000000,-0.0019749045,-0.0023199885,0.0006800115,0.0028249667,-0.0072486991,0.0093200115
2.069,0.9807269567,0.9787264842,0.9783800000,0.9813800000,0.9835063135,0.9734597965,0.9900000000,-0.0020004725,-0.0023469567,0.0006530433,0.0027793569,-0.0072671601,0.0092730433
2.070,0.9807738278,0.9787478844,0.9784000000,0.9814000000,0.9835076719,0.9734883037,0.9900000000,-0.0020259433,-0.0023738278,0.0006261722,0.0027338441,-0.0072855240,0.0092261722
2.071,0.9808206020,0.9787692847,0.9784200000,0.9814200000,0.9835090303,0.9735168109,0.9900000000,-0.0020513173,-0.0024006020,0.0005993980,0.0026884283,-0.0073037910,0.0091793980
2.072,0.9808672794,0.9787906849,0.9784400000,0.9814400000,0.9835103887,0.9735453181,0.9900000000,-0.0020765945,-0.0024272794,0.0005727206,0.0026431093,-0.0073219613,0.0091327206
2.073,0.9809138602,0.9788120851,0.9784600000,0.9814600000,0.9835117471,0.9735738253,0.9900000000,-0.0021017751,-0.0024538602,0.0005461398,0.0025978869,-0.0073400349,0.0090861398
2.074,0.9809603446,0.9788334854,0.9784800000,0.9814800000,0.9835131055,0.9736023325,0.9900000000,-0.0021268592,-0.0024803446,0.0005196554,0.0025527609,-0.0073580120,0.0090396554
2.075,0.9810067326,0.9788548856,0.9785000000,0.9815000000,0.9835144639,0.9736308397,0.9900000000,-0.0021518470,-0.0025067326,0.0004932674,0.0025077313,-0.0073758929,0.0089932674
2.076,0.9810530245,0.9788762858,0.9785200000,0.9815200000,0.9835158223,0.9736593469,0.9900000000,-0.0021767387,-0.0025330245,0.0004669755,0.0024627978,-0.0073936776,0.0089469755
2.077,0.9810992204,0.9788976861,0.9785400000,0.9815400000,0.9835171807,0.9736878541,0.9900000000,-0.0022015343,-0.0025592204,0.0004407796,0.0024179603,-0.0074113662,0.0089007796
2.078,0.9811453204,0.9789190863,0.9785600000,0.9815600000,0.9835185391,0.9737163613,0.9900000000,-0.0022262341,-0.0025853204,0.0004146796,0.0023732186,-0.0074289591,0.0088546796
2.079,0.9811913248,0.9789404865,0.9785800000,0.9815800000,0.9835198975,0.9737448685,0.9900000000,-0.0022508382,-0.0026113248,0.0003886752,0.0023285727,-0.0074464562,0.0088086752
2.080,0.9812372336,0.9789618868,0.9786000000,0.9816000000,0.9835212559,0.9737733757,0.9900000000,-0.0022753468,-0.0026372336,0.0003627664,0.0022840223,-0.0074638578,0.0087627664
2.081,0.9812830470,0.9789832870,0.9786200000,0.9816200000,0.9835226142,0.9738018829,0.9900000000,-0.0022997600,-0.0026630470,0.0003369530,0.0022395673,-0.0074811640,0.0087169530
2.082,0.9813287651,0.9790046872,0.9786400000,0.9816400000,0.9835239726,0.9738303901,0.9900000000,-0.0023240779,-0.0026887651,0.0003112349,0.0021952075,-0.0074983750,0.0086712349
2.083,0.9813743882,0.9790260875,0.9786600000,0.9816600000,0.9835253310,0.9738588973,0.9900000000,-0.0023483008,-0.0027143882,0.0002856118,0.0021509428,-0.0075154909,0.0086256118
2.084,0.9814199164,0.9790474877,0.9786800000,0.9816800000,0.9835266894,0.9738874045,0.9900000000,-0.0023724287,-0.0027399164,0.0002600836,0.0021067731,-0.0075325118,0.0085800836
2.085,0.9814653497,0.9790688879,0.9787000000,0.9817000000,0.9835280478,0.9739159117,0.9900000000,-0.0023964618,-0.0027653497,0.0002346503,0.0020626981,-0.0075494380,0.0085346503
2.086,0.9815106885,0.9790902882,0.9787200000,0.9817200000,0.9835294062,0.9739444189,0.9900000000,-0.0024204003,-0.0027906885,0.0002093115,0.0020187177,-0.0075662695,0.0084893115
2.087,0.9815559327,0.9791116884,0.9787400000,0.9817400000,0.9835307646,0.9739729261,0.9900000000,-0.0024442443,-0.0028159327,0.0001840673,0.0019748319,-0.0075830066,0.0084440673
2.088,0.9816010827,0.9791330886,0.9787600000,0.9817600000,0.9835321230,0.9740014333,0.9900000000,-0.0024679940,-0.0028410827,0.0001589173,0.0019310403,-0.0075996493,0.0083989173
2.089,0.9816461384,0.9791544889,0.9787800000,0.9817800000,0.9835334814,0.9740299405,0.9900000000,-0.0024916495,-0.0028661384,0.0001338616,0.0018873430,-0.0076161979,0.0083538616
2.090,0.9816911001,0.9791758891,0.9788000000,0.9818000000,0.9835348398,0.9740584477,0.9900000000,-0.0025152110,-0.0028911001,0.0001088999,0.0018437396,-0.0076326524,0.0083088999
2.091,0.9817359680,0.9791972893,0.9788200000,0.9818200000,0.9835361982,0.9740869549,0.9900000000,-0.0025386787,-0.0029159680,0.0000840320,0.0018002302,-0.0076490131,0.0082640320
2.092,0.9817807422,0.9792186896,0.9788400000,0.9818400000,0.9835375566,0.9741154621,0.9900000000,-0.0025620526,-0.0029407422,0.0000592578,0.0017568144,-0.0076652800,0.0082192578
2.093,0.9818254227,0.9792400898,0.9788600000,0.9818600000,0.9835389150,0.9741439693,0.9900000000,-0.0025853329,-0.0029654227,0.0000345773,0.0017134922,-0.0076814534,0.0081745773
2.094,0.9818700099,0.9792614900,0.9788800000,0.9818800000,0.9835402734,0.9741724765,0.9900000000,-0.0026085198,-0.0029900099,0.0000099901,0.0016702635,-0.0076975333,0.0081299901
2.095,0.9819145038,0.9792828903,0.9789000000,0.9819000000,0.9835416317,0.9742009837,0.9900000000,-0.0026316135,-0.0030145038,-0.0000145038,0.0016271280,-0.0077135200,0.0080854962
2.096,0.9819589045,0.9793042905,0.9789200000,0.9819200000,0.9835429901,0.9742294909,0.9900000000,-0.0026546140,-0.0030389045,-0.0000389045,0.0015840856,-0.0077294136,0.0080410955
2.097,0.9820032123,0.9793256907,0.9789400000,0.9819400000,0.9835443485,0.9742579981,0.9900000000,-0.0026775216,-0.0030632123,-0.0000632123,0.0015411362,-0.0077452142,0.0079967877
2.098,0.9820474273,0.9793470910,0.9789600000,0.9819600000,0.9835457069,0.9742865053,0.9900000000,-0.0027003363,-0.0030874273,-0.0000874273,0.0014982796,-0.0077609220,0.0079525727
2.099,0.9820915496,0.9793684912,0.9789800000,0.9819800000,0.9835470653,0.9743150125,0.9900000000,-0.0027230584,-0.0031115496,-0.0001115496,0.0014555157,-0.0077765371,0.0079084504
2.100,0.9821355794,0.9793898914,0.9790000000,0.9820000000,0.9835484237,0.9743435197,0.9900000000,-0.0027456880,-0.0031355794,-0.0001355794,0.0014128443,-0.0077920597,0.0078644206
2.101,0.9821795169,0.9794112917,0.9790200000,0.9820200000,0.9835497821,0.9743720269,0.9900000000,-0.0027682252,-0.0031595169,-0.0001595169,0.0013702652,-0.0078074899,0.0078204831
2.102,0.9822233621,0.9794326919,0.9790400000,0.9820400000,0.9835511405,0.9744005341,0.9900000000,-0.0027906702,-0.0031833621,-0.0001833621,0.0013277784,-0.0078228279,0.0077766379
2.103,0.9822671153,0.9794540921,0.9790600000,0.9820600000,0.9835524989,0.9744290413,0.9900000000,-0.0028130231,-0.0032071153,-0.0002071153,0.0012853836,-0.0078380739,0.0077328847
2.104,0.9823107765,0.9794754924,0.9790800000,0.9820800000,0.9835538573,0.9744575485,0.9900000000,-0.0028352841,-0.0032307765,-0.0002307765,0.0012430808,-0.0078532279,0.0076892235
2.105,0.9823543460,0.9794968926,0.9791000000,0.9821000000,0.9835552157,0.9744860557,0.9900000000,-0.0028574534,-0.0032543460,-0.0002543460,0.0012008697,-0.0078682902,0.0076456540
2.106,0.9823978238,0.9795182928,0.9791200000,0.9821200000,0.9835565741,0.9745145630,0.9900000000,-0.0028795310,-0.0032778238,-0.0002778238,0.0011587502,-0.0078832609,0.0076021762
2.107,0.9824412102,0.9795396931,0.9791400000,0.9821400000,0.9835579325,0.9745430702,0.9900000000,-0.0029015171,-0.0033012102,-0.0003012102,0.0011167223,-0.0078981401,0.0075587898
2.108,0.9824845053,0.9795610933,0.9791600000,0.9821600000,0.9835592909,0.9745715774,0.9900000000,-0.0029234120,-0.0033245053,-0.0003245053,0.0010747856,-0.0079129279,0.0075154947
2.109,0.9825277092,0.9795824935,0.9791800000,0.9821800000,0.9835606493,0.9746000846,0.9900000000,-0.0029452156,-0.0033477092,-0.0003477092,0.0010329401,-0.0079276246,0.0074722908
2.110,0.9825708221,0.9796038938,0.9792000000,0.9822000000,0.9835620076,0.9746285918,0.9900000000,-0.0029669283,-0.0033708221,-0.0003708221,0.0009911856,-0.0079422303,0.0074291779
2.111,0.9826138441,0.9796252940,0.9792200000,0.9822200000,0.9835633660,0.9746570990,0.9900000000,-0.0029885501,-0.0033938441,-0.0003938441,0.0009495220,-0.0079567451,0.0073861559
2.112,0.9826567754,0.9796466943,0.9792400000,0.9822400000,0.9835647244,0.9746856062,0.9900000000,-0.0030100811,-0.0034167754,-0.0004167754,0.0009079491,-0.0079711692,0.0073432246
2.113,0.9826996161,0.9796680945,0.9792600000,0.9822600000,0.9835660828,0.9747141134,0.9900000000,-0.0030315216,-0.0034396161,-0.0004396161,0.0008664668,-0.0079855027,0.0073003839
2.114,0.9827423663,0.9796894947,0.9792800000,0.9822800000,0.9835674412,0.9747426206,0.9900000000,-0.0030528716,-0.0034623663,-0.0004623663,0.0008250749,-0.0079997458,0.0072576337
2.115,0.9827850263,0.9797108950,0.9793000000,0.9823000000,0.9835687996,0.9747711278,0.9900000000,-0.0030741314,-0.0034850263,-0.0004850263,0.0007837733,-0.0080138986,0.0072149737
2.116,0.9828275962,0.9797322952,0.9793200000,0.9823200000,0.9835701580,0.9747996350,0.9900000000,-0.0030953010,-0.0035075962,-0.0005075962,0.0007425618,-0.0080279613,0.0071724038
2.117,0.9828700761,0.9797536954,0.9793400000,0.9823400000,0.9835715164,0.9748281422,0.9900000000,-0.0031163807,-0.0035300761,-0.0005300761,0.0007014403,-0.0080419340,0.0071299239
2.118,0.9829124662,0.9797750957,0.9793600000,0.9823600000,0.9835728748,0.9748566494,0.9900000000,-0.0031373705,-0.0035524662,-0.0005524662,0.0006604086,-0.0080558168,0.0070875338
2.119,0.9829547665,0.9797964959,0.9793800000,0.9823800000,0.9835742332,0.9748851566,0.9900000000,-0.0031582706,-0.0035747665,-0.0005747665,0.0006194667,-0.0080696100,0.0070452335
2.120,0.9829969774,0.9798178961,0.9794000000,0.9824000000,0.9835755916,0.9749136638,0.9900000000,-0.0031790812,-0.0035969774,-0.0005969774,0.0005786142,-0.0080833136,0.0070030226
2.121,0.9830390988,0.9798392964,0.9794200000,0.9824200000,0.9835769500,0.9749421710,0.9900000000,-0.0031998024,-0.0036190988,-0.0006190988,0.0005378512,-0.0080969278,0.0069609012
2.122,0.9830811310,0.9798606966,0.9794400000,0.9824400000,0.9835783084,0.9749706782,0.9900000000,-0.0032204344,-0.0036411310,-0.0006411310,0.0004971774,-0.0081104528,0.0069188690
2.123,0.9831230741,0.9798820968,0.9794600000,0.9824600000,0.9835796668,0.9749991854,0.9900000000,-0.0032409772,-0.0036630741,-0.0006630741,0.0004565927,-0.0081238887,0.0068769259
2.124,0.9831649282,0.9799034971,0.9794800000,0.9824800000,0.9835810251,0.9750276926,0.9900000000,-0.0032614312,-0.0036849282,-0.0006849282,0.0004160969,-0.0081372357,0.0068350718
2.125,0.9832066936,0.9799248973,0.9795000000,0.9825000000,0.9835823835,0.9750561998,0.9900000000,-0.0032817963,-0.0037066936,-0.0007066936,0.0003756900,-0.0081504938,0.0067933064
2.126,0.9832483702,0.9799462975,0.9795200000,0.9825200000,0.9835837419,0.9750847070,0.9900000000,-0.0033020727,-0.0037283702,-0.0007283702,0.0003353717,-0.0081636633,0.0067516298
2.127,0.9832899584,0.9799676978,0.9795400000,0.9825400000,0.9835851003,0.9751132142,0.9900000000,-0.0033222606,-0.0037499584,-0.0007499584,0.0002951419,-0.0081767442,0.0067100416
2.128,0.9833314582,0.9799890980,0.9795600000,0.9825600000,0.9835864587,0.9751417214,0.9900000000,-0.0033423602,-0.0037714582,-0.0007714582,0.0002550005,-0.0081897369,0.0066685418
2.129,0.9833728698,0.9800104982,0.9795800000,0.9825800000,0.9835878171,0.9751702286,0.9900000000,-0.0033623716,-0.0037928698,-0.0007928698,0.0002149473,-0.0082026412,0.0066271302
2.130,0.9834141933,0.9800318985,0.9796000000,0.9826000000,0.9835891755,0.9751987358,0.9900000000,-0.0033822949,-0.0038141933,-0.0008141933,0.0001749822,-0.0082154576,0.0065858067
2.131,0.9834554289,0.9800532987,0.9796200000,0.9826200000,0.9835905339,0.9752272430,0.9900000000,-0.0034021302,-0.0038354289,-0.0008354289,0.0001351050,-0.0082281860,0.0065445711
2.132,0.9834965767,0.9800746989,0.9796400000,0.9826400000,0.9835918923,0.9752557502,0.9900000000,-0.0034218778,-0.0038565767,-0.0008565767,0.0000953156,-0.0082408266,0.0065034233
2.133,0.9835376369,0.9800960992,0.9796600000,0.9826600000,0.9835932507,0.9752842574,0.9900000000,-0.0034415377,-0.0038776369,-0.0008776369,0.0000556138,-0.0082533795,0.0064623631
2.134,0.9835786096,0.9801174994,0.9796800000,0.9826800000,0.9835946091,0.9753127646,0.9900000000,-0.0034611102,-0.0038986096,-0.0008986096,0.0000159995,-0.0082658450,0.0064213904
2.135,0.9836194949,0.9801388996,0.9797000000,0.9827000000,0.9835959675,0.9753412718,0.9900000000,-0.0034805953,-0.0039194949,-0.0009194949,-0.0000235275,-0.0082782232,0.0063805051
2.136,0.9836602931,0.9801602999,0.9797200000,0.9827200000,0.9835973259,0.9753697790,0.9900000000,-0.0034999932,-0.0039402931,-0.0009402931,-0.0000629672,-0.0082905141,0.0063397069
2.137,0.9837010042,0.9801817001,0.9797400000,0.9827400000,0.9835986843,0.9753982862,0.9900000000,-0.0035193041,-0.0039610042,-0.0009610042,-0.0001023199,-0.0083027180,0.0062989958
2.138,0.9837416284,0.9802031003,0.9797600000,0.9827600000,0.9836000427,0.9754267934,0.9900000000,-0.0035385281,-0.0039816284,-0.0009816284,-0.0001415857,-0.0083148350,0.0062583716
2.139,0.9837821658,0.9802245006,0.9797800000,0.9827800000,0.9836014010,0.9754553006,0.9900000000,-0.0035576652,-0.0040021658,-0.0010021658,-0.0001807648,-0.0083268653,0.0062178342
2.140,0.9838226166,0.9802459008,0.9798000000,0.9828000000,0.9836027594,0.9754838078,0.9900000000,-0.0035767158,-0.0040226166,-0.0010226166,-0.0002198572,-0.0083388089,0.0061773834
2.141,0.9838629810,0.9802673010,0.9798200000,0.9828200000,0.9836041178,0.9755123150,0.9900000000,-0.0035956799,-0.0040429810,-0.0010429810,-0.0002588631,-0.0083506660,0.0061370190
2.142,0.9839032590,0.9802887013,0.9798400000,0.9828400000,0.9836054762,0.9755408222,0.9900000000,-0.0036145577,-0.0040632590,-0.0010632590,-0.0002977828,-0.0083624368,0.0060967410
2.143,0.9839434508,0.9803101015,0.9798600000,0.9828600000,0.9836068346,0.9755693294,0.9900000000,-0.0036333493,-0.0040834508,-0.0010834508,-0.0003366162,-0.0083741215,0.0060565492
2.144,0.9839835566,0.9803315017,0.9798800000,0.9828800000,0.9836081930,0.9755978366,0.9900000000,-0.0036520549,-0.0041035566,-0.0011035566,-0.0003753636,-0.0083857200,0.0060164434
2.145,0.9840235765,0.9803529020,0.9799000000,0.9829000000,0.9836095514,0.9756263438,0.9900000000,-0.0036706745,-0.0041235765,-0.0011235765,-0.0004140251,-0.0083972327,0.0059764235
2.146,0.9840635107,0.9803743022,0.9799200000,0.9829200000,0.9836109098,0.9756548510,0.9900000000,-0.0036892084,-0.0041435107,-0.0011435107,-0.0004526009,-0.0084086597,0.0059364893
2.147,0.9841033592,0.9803957024,0.9799400000,0.9829400000,0.9836122682,0.9756833582,0.9900000000,-0.0037076568,-0.0041633592,-0.0011633592,-0.0004910910,-0.0084200010,0.0058966408
2.148,0.9841431223,0.9804171027,0.9799600000,0.9829600000,0.9836136266,0.9757118654,0.9900000000,-0.0037260196,-0.0041831223,-0.0011831223,-0.0005294957,-0.0084312569,0.0058568777
2.149,0.9841828000,0.9804385029,0.9799800000,0.9829800000,0.9836149850,0.9757403726,0.9900000000,-0.0037442971,-0.0042028000,-0.0012028000,-0.0005678151,-0.0084424275,0.0058172000
2.150,0.9842223926,0.9804599031,0.9800000000,0.9830000000,0.9836163434,0.9757688798,0.9900000000,-0.0037624895,-0.0042223926,-0.0012223926,-0.0006060492,-0.0084535128,0.0057776074
2.151,0.9842619002,0.9804813034,0.9800200000,0.9830200000,0.9836177018,0.9757973870,0.9900000000,-0.0037805968,-0.0042419002,-0.0012419002,-0.0006441984,-0.0084645132,0.0057380998
2.152,0.9843013228,0.9805027036,0.9800400000,0.9830400000,0.9836190602,0.9758258942,0.9900000000,-0.0037986192,-0.0042613228,-0.0012613228,-0.0006822627,-0.0084754287,0.0056986772
2.153,0.9843406607,0.9805241038,0.9800600000,0.9830600000,0.9836204185,0.9758544014,0.9900000000,-0.0038165569,-0.0042806607,-0.0012806607,-0.0007202422,-0.0084862594,0.0056593393
2.154,0.9843799140,0.9805455041,0.9800800000,0.9830800000,0.9836217769,0.9758829086,0.9900000000,-0.0038344100,-0.0042999140,-0.0012999140,-0.0007581371,-0.0084970055,0.0056200860
2.155,0.9844190829,0.9805669043,0.9801000000,0.9831000000,0.9836231353,0.9759114158,0.9900000000,-0.0038521786,-0.0043190829,-0.0013190829,-0.0007959476,-0.0085076671,0.0055809171
2.156,0.9844581674,0.9805883045,0.9801200000,0.9831200000,0.9836244937,0.9759399230,0.9900000000,-0.0038698629,-0.0043381674,-0.0013381674,-0.0008336737,-0.0085182445,0.0055418326
2.157,0.9844971678,0.9806097048,0.9801400000,0.9831400000,0.9836258521,0.9759684302,0.9900000000,-0.0038874630,-0.0043571678,-0.0013571678,-0.0008713157,-0.0085287376,0.0055028322
2.158,0.9845360841,0.9806311050,0.9801600000,0.9831600000,0.9836272105,0.9759969374,0.9900000000,-0.0039049791,-0.0043760841,-0.0013760841,-0.0009088736,-0.0085391467,0.0054639159
2.159,0.9845749165,0.9806525052,0.9801800000,0.9831800000,0.9836285689,0.9760254446,0.9900000000,-0.0039224113,-0.0043949165,-0.0013949165,-0.0009463476,-0.0085494720,0.0054250835
2.160,0.9846136652,0.9806739055,0.9802000000,0.9832000000,0.9836299273,0.9760539518,0.9900000000,-0.0039397597,-0.0044136652,-0.0014136652,-0.0009837379,-0.0085597135,0.0053863348
2.161,0.9846523303,0.9806953057,0.9802200000,0.9832200000,0.9836312857,0.9760824590,0.9900000000,-0.0039570246,-0.0044323303,-0.0014323303,-0.0010210446,-0.0085698713,0.0053476697
2.162,0.9846909119,0.9807167059,0.9802400000,0.9832400000,0.9836326441,0.9761109662,0.9900000000,-0.0039742060,-0.0044509119,-0.0014509119,-0.0010582678,-0.0085799457,0.0053090881
2.163,0.9847294102,0.9807381062,0.9802600000,0.9832600000,0.9836340025,0.9761394734,0.9900000000,-0.0039913040,-0.0044694102,-0.0014694102,-0.0010954077,-0.0085899368,0.0052705898
2.164,0.9847678253,0.9807595064,0.9802800000,0.9832800000,0.9836353609,0.9761679806,0.9900000000,-0.0040083189,-0.0044878253,-0.0014878253,-0.0011324644,-0.0085998447,0.0052321747
2.165,0.9848061574,0.9807809066,0.9803000000,0.9833000000,0.9836367193,0.9761964878,0.9900000000,-0.0040252507,-0.0045061574,-0.0015061574,-0.0011694381,-0.0086096696,0.0051938426
2.166,0.9848444065,0.9808023069,0.9803200000,0.9833200000,0.9836380777,0.9762249950,0.9900000000,-0.0040420996,-0.0045244065,-0.0015244065,-0.0012063289,-0.0086194116,0.0051555935
2.167,0.9848825729,0.9808237071,0.9803400000,0.9833400000,0.9836394361,0.9762535022,0.9900000000,-0.0040588658,-0.0045425729,-0.0015425729,-0.0012431369,-0.0086290708,0.0051174271
2.168,0.9849206567,0.9808451073,0.9803600000,0.9833600000,0.9836407944,0.9762820094,0.9900000000,-0.0040755494,-0.0045606567,-0.0015606567,-0.0012798623,-0.0086386474,0.0050793433
2.169,0.9849586580,0.9808665076,0.9803800000,0.9833800000,0.9836421528,0.9763105166,0.9900000000,-0.0040921505,-0.0045786580,-0.0015786580,-0.0013165052,-0.0086481415,0.0050413420
2.170,0.9849965770,0.9808879078,0.9804000000,0.9834000000,0.9836435112,0.9763390238,0.9900000000,-0.0041086692,-0.0045965770,-0.0015965770,-0.0013530658,-0.0086575533,0.0050034230
2.171,0.9850344138,0.9809093081,0.9804200000,0.9834200000,0.9836448696,0.9763675310,0.9900000000,-0.0041251058,-0.0046144138,-0.0016144138,-0.0013895442,-0.0086668828,0.0049655862
2.172,0.9850721685,0.9809307083,0.9804400000,0.9834400000,0.9836462280,0.9763960382,0.9900000000,-0.0041414603,-0.0046321685,-0.0016321685,-0.0014259405,-0.0086761304,0.0049278315
2.173,0.9851098414,0.9809521085,0.9804600000,0.9834600000,0.9836475864,0.9764245454,0.9900000000,-0.0041577328,-0.0046498414,-0.0016498414,-0.0014622549,-0.0086852960,0.0048901586
2.174,0.9851474324,0.9809735088,0.9804800000,0.9834800000,0.9836489448,0.9764530526,0.9900000000,-0.0041739236,-0.0046674324,-0.0016674324,-0.0014984876,-0.0086943798,0.0048525676
2.175,0.9851849418,0.9809949090,0.9805000000,0.9835000000,0.9836503032,0.9764815598,0.9900000000,-0.0041900328,-0.0046849418,-0.0016849418,-0.0015346386,-0.0087033820,0.0048150582
2.176,0.9852223697,0.9810163092,0.9805200000,0.9835200000,0.9836516616,0.9765100670,0.9900000000,-0.0042060605,-0.0047023697,-0.0017023697,-0.0015707081,-0.0087123028,0.0047776303
2.177,0.9852597163,0.9810377095,0.9805400000,0.9835400000,0.9836530200,0.9765385742,0.9900000000,-0.0042220068,-0.0047197163,-0.0017197163,-0.0016066963,-0.0087211421,0.0047402837
2.178,0.9852969816,0.9810591097,0.9805600000,0.9835600000,0.9836543784,0.9765670814,0.9900000000,-0.0042378719,-0.0047369816,-0.0017369816,-0.0016426032,-0.0087299003,0.0047030184
2.179,0.9853341659,0.9810805099,0.9805800000,0.9835800000,0.9836557368,0.9765955886,0.9900000000,-0.0042536560,-0.0047541659,-0.0017541659,-0.0016784291,-0.0087385773,0.0046658341
2.180,0.9853712692,0.9811019102,0.9806000000,0.9836000000,0.9836570952,0.9766240958,0.9900000000,-0.0042693591,-0.0047712692,-0.0017712692,-0.0017141741,-0.0087471735,0.0046287308
2.181,0.9854082918,0.9811233104,0.9806200000,0.9836200000,0.9836584536,0.9766526030,0.9900000000,-0.0042849814,-0.0047882918,-0.0017882918,-0.0017498382,-0.0087556888,0.0045917082
2.182,0.9854452336,0.9811447106,0.9806400000,0.9836400000,0.9836598119,0.9766811102,0.9900000000,-0.0043005230,-0.0048052336,-0.0018052336,-0.0017854217,-0.0087641235,0.0045547664
2.183,0.9854820950,0.9811661109,0.9806600000,0.9836600000,0.9836611703,0.9767096174,0.9900000000,-0.0043159841,-0.0048220950,-0.0018220950,-0.0018209247,-0.0087724776,0.0045179050
2.184,0.9855188760,0.9811875111,0.9806800000,0.9836800000,0.9836625287,0.9767381246,0.9900000000,-0.0043313649,-0.0048388760,-0.0018388760,-0.0018563472,-0.0087807514,0.0044811240
2.185,0.9855555767,0.9812089113,0.9807000000,0.9837000000,0.9836638871,0.9767666318,0.9900000000,-0.0043466654,-0.0048555767,-0.0018555767,-0.0018916896,-0.0087889449,0.0044444233
2.186,0.9855921973,0.9812303116,0.9807200000,0.9837200000,0.9836652455,0.9767951390,0.9900000000,-0.0043618858,-0.0048721973,-0.0018721973,-0.0019269518,-0.0087970584,0.0044078027
2.187,0.9856287380,0.9812517118,0.9807400000,0.9837400000,0.9836666039,0.9768236462,0.9900000000,-0.0043770262,-0.0048887380,-0.0018887380,-0.0019621341,-0.0088050918,0.0043712620
2.188,0.9856651988,0.9812731120,0.9807600000,0.9837600000,0.9836679623,0.9768521534,0.9900000000,-0.0043920868,-0.0049051988,-0.0019051988,-0.0019972365,-0.0088130455,0.0043348012
2.189,0.9857015800,0.9812945123,0.9807800000,0.9837800000,0.9836693207,0.9768806606,0.9900000000,-0.0044070677,-0.0049215800,-0.0019215800,-0.0020322593,-0.0088209194,0.0042984200
2.190,0.9857378816,0.9813159125,0.9808000000,0.9838000000,0.9836706791,0.9769091678,0.9900000000,-0.0044219691,-0.0049378816,-0.0019378816,-0.0020672025,-0.0088287138,0.0042621184
2.191,0.9857741038,0.9813373127,0.9808200000,0.9838200000,0.9836720375,0.9769376750,0.9900000000,-0.0044367910,-0.0049541038,-0.0019541038,-0.0021020663,-0.0088364288,0.0042258962
2.192,0.9858102467,0.9813587130,0.9808400000,0.9838400000,0.9836733959,0.9769661822,0.9900000000,-0.0044515337,-0.0049702467,-0.0019702467,-0.0021368508,-0.0088440645,0.0041897533
2.193,0.9858463105,0.9813801132,0.9808600000,0.9838600000,0.9836747543,0.9769946894,0.9900000000,-0.0044661973,-0.0049863105,-0.0019863105,-0.0021715562,-0.0088516211,0.0041536895
2.194,0.9858822952,0.9814015134,0.9808800000,0.9838800000,0.9836761127,0.9770231966,0.9900000000,-0.0044807818,-0.0050022952,-0.0020022952,-0.0022061826,-0.0088590986,0.0041177048
2.195,0.9859182011,0.9814229137,0.9809000000,0.9839000000,0.9836774711,0.9770517038,0.9900000000,-0.0044952875,-0.0050182011,-0.0020182011,-0.0022407301,-0.0088664974,0.0040817989
2.196,0.9859540283,0.9814443139,0.9809200000,0.9839200000,0.9836788295,0.9770802110,0.9900000000,-0.0045097144,-0.0050340283,-0.0020340283,-0.0022751989,-0.0088738173,0.0040459717
2.197,0.9859897769,0.9814657141,0.9809400000,0.9839400000,0.9836801878,0.9771087182,0.9900000000,-0.0045240628,-0.0050497769,-0.0020497769,-0.0023095891,-0.0088810587,0.0040102231
2.198,0.9860254470,0.9814871144,0.9809600000,0.9839600000,0.9836815462,0.9771372254,0.9900000000,-0.0045383327,-0.0050654470,-0.0020654470,-0.0023439008,-0.0088882217,0.0039745530
2.199,0.9860610388,0.9815085146,0.9809800000,0.9839800000,0.9836829046,0.9771657326,0.9900000000,-0.0045525242,-0.0050810388,-0.0020810388,-0.0023781342,-0.0088953063,0.0039389612
2.200,0.9860965525,0.9815299148,0.9810000000,0.9840000000,0.9836842630,0.9771942398,0.9900000000,-0.0045666377,-0.0050965525,-0.0020965525,-0.0024122895,-0.0089023127,0.0039034475
2.201,0.9861319881,0.9815513151,0.9810200000,0.9840200000,0.9836856214,0.9772227470,0.9900000000,-0.0045806730,-0.0051119881,-0.0021119881,-0.0024463667,-0.0089092411,0.0038680119
2.202,0.9861673458,0.9815727153,0.9810400000,0.9840400000,0.9836869798,0.9772512542,0.9900000000,-0.0045946305,-0.0051273458,-0.0021273458,-0.0024803660,-0.0089160916,0.0038326542
2.203,0.9862026257,0.9815941155,0.9810600000,0.9840600000,0.9836883382,0.9772797614,0.9900000000,-0.0046085101,-0.0051426257,-0.0021426257,-0.0025142875,-0.0089228643,0.0037973743
2.204,0.9862378280,0.9816155158,0.9810800000,0.9840800000,0.9836896966,0.9773082686,0.9900000000,-0.0046223122,-0.0051578280,-0.0021578280,-0.0025481314,-0.0089295594,0.0037621720
2.205,0.9862729527,0.9816369160,0.9811000000,0.9841000000,0.9836910550,0.9773367758,0.9900000000,-0.0046360367,-0.0051729527,-0.0021729527,-0.0025818977,-0.0089361770,0.0037270473
2.206,0.9863080001,0.9816583162,0.9811200000,0.9841200000,0.9836924134,0.9773652830,0.9900000000,-0.0046496839,-0.0051880001,-0.0021880001,-0.0026155868,-0.0089427172,0.0036919999
2.207,0.9863429703,0.9816797165,0.9811400000,0.9841400000,0.9836937718,0.9773937902,0.9900000000,-0.0046632539,-0.0052029703,-0.0022029703,-0.0026491986,-0.0089491802,0.0036570297
2.208,0.9863778634,0.9817011167,0.9811600000,0.9841600000,0.9836951302,0.9774222974,0.9900000000,-0.0046767467,-0.0052178634,-0.0022178634,-0.0026827332,-0.0089555660,0.0036221366
2.209,0.9864126795,0.9817225169,0.9811800000,0.9841800000,0.9836964886,0.9774508046,0.9900000000,-0.0046901626,-0.0052326795,-0.0022326795,-0.0027161910,-0.0089618750,0.0035873205
2.210,0.9864474189,0.9817439172,0.9812000000,0.9842000000,0.9836978470,0.9774793118,0.9900000000,-0.0047035017,-0.0052474189,-0.0022474189,-0.0027495719,-0.0089681071,0.0035525811
2.211,0.9864820815,0.9817653174,0.9812200000,0.9842200000,0.9836992053,0.9775078190,0.9900000000,-0.0047167641,-0.0052620815,-0.0022620815,-0.0027828761,-0.0089742625,0.0035179185
2.212,0.9865166675,0.9817867176,0.9812400000,0.9842400000,0.9837005637,0.9775363262,0.9900000000,-0.0047299499,-0.0052766675,-0.0022766675,-0.0028161038,-0.0089803414,0.0034833325
2.213,0.9865511772,0.9818081179,0.9812600000,0.9842600000,0.9837019221,0.9775648334,0.9900000000,-0.0047430593,-0.0052911772,-0.0022911772,-0.0028492550,-0.0089863438,0.0034488228
2.214,0.9865856105,0.9818295181,0.9812800000,0.9842800000,0.9837032805,0.9775933406,0.9900000000,-0.0047560924,-0.0053056105,-0.0023056105,-0.0028823300,-0.0089922700,0.0034143895
2.215,0.9866199677,0.9818509183,0.9813000000,0.9843000000,0.9837046389,0.9776218478,0.9900000000,-0.0047690494,-0.0053199677,-0.0023199677,-0.0029153288,-0.0089981200,0.0033800323
2.216,0.9866542489,0.9818723186,0.9813200000,0.9843200000,0.9837059973,0.9776503550,0.9900000000,-0.0047819304,-0.0053342489,-0.0023342489,-0.0029482516,-0.0090038939,0.0033457511
2.217,0.9866884542,0.9818937188,0.9813400000,0.9843400000,0.9837073557,0.9776788622,0.9900000000,-0.0047947354,-0.0053484542,-0.0023484542,-0.0029810985,-0.0090095921,0.0033115458
2.218,0.9867225838,0.9819151190,0.9813600000,0.9843600000,0.9837087141,0.9777073694,0.9900000000,-0.0048074647,-0.0053625838,-0.0023625838,-0.0030138697,-0.0090152144,0.0032774162
2.219,0.9867566377,0.9819365193,0.9813800000,0.9843800000,0.9837100725,0.9777358766,0.9900000000,-0.0048201185,-0.0053766377,-0.0023766377,-0.0030465652,-0.0090207612,0.0032433623
2.220,0.9867906162,0.9819579195,0.9814000000,0.9844000000,0.9837114309,0.9777643838,0.9900000000,-0.0048326967,-0.0053906162,-0.0023906162,-0.0030791853,-0.0090262324,0.0032093838
2.221,0.9868245193,0.9819793197,0.9814200000,0.9844200000,0.9837127893,0.9777928910,0.9900000000,-0.0048451996,-0.0054045193,-0.0024045193,-0.0031117300,-0.0090316283,0.0031754807
2.222,0.9868583472,0.9820007200,0.9814400000,0.9844400000,0.9837141477,0.9778213982,0.9900000000,-0.0048576272,-0.0054183472,-0.0024183472,-0.0031441995,-0.0090369490,0.0031416528
2.223,0.9868921000,0.9820221202,0.9814600000,0.9844600000,0.9837155061,0.9778499054,0.9900000000,-0.0048699798,-0.0054321000,-0.0024321000,-0.0031765939,-0.0090421946,0.0031079000
2.224,0.9869257779,0.9820435204,0.9814800000,0.9844800000,0.9837168645,0.9778784126,0.9900000000,-0.0048822574,-0.0054457779,-0.0024457779,-0.0032089134,-0.0090473653,0.0030742221
2.225,0.9869593809,0.9820649207,0.9815000000,0.9845000000,0.9837182229,0.9779069198,0.9900000000,-0.0048944602,-0.0054593809,-0.0024593809,-0.0032411581,-0.0090524611,0.0030406191
2.226,0.9869929093,0.9820863209,0.9815200000,0.9845200000,0.9837195812,0.9779354270,0.9900000000,-0.0049065884,-0.0054729093,-0.0024729093,-0.0032733280,-0.0090574823,0.0030070907
2.227,0.9870263631,0.9821077212,0.9815400000,0.9845400000,0.9837209396,0.9779639342,0.9900000000,-0.0049186420,-0.0054863631,-0.0024863631,-0.0033054235,-0.0090624289,0.0029736369
2.228,0.9870597425,0.9821291214,0.9815600000,0.9845600000,0.9837222980,0.9779924414,0.9900000000,-0.0049306211,-0.0054997425,-0.0024997425,-0.0033374445,-0.0090673011,0.0029402575
2.229,0.9870930476,0.9821505216,0.9815800000,0.9845800000,0.9837236564,0.9780209486,0.9900000000,-0.0049425260,-0.0055130476,-0.0025130476,-0.0033693912,-0.0090720990,0.0029069524
2.230,0.9871262786,0.9821719219,0.9816000000,0.9846000000,0.9837250148,0.9780494558,0.9900000000,-0.0049543567,-0.0055262786,-0.0025262786,-0.0034012637,-0.0090768228,0.0028737214
2.231,0.9871594355,0.9821933221,0.9816200000,0.9846200000,0.9837263732,0.9780779630,0.9900000000,-0.0049661134,-0.0055394355,-0.0025394355,-0.0034330623,-0.0090814725,0.0028405645
2.232,0.9871925185,0.9822147223,0.9816400000,0.9846400000,0.9837277316,0.9781064702,0.9900000000,-0.0049777962,-0.0055525185,-0.0025525185,-0.0034647869,-0.0090860483,0.0028074815
2.233,0.9872255278,0.9822361226,0.9816600000,0.9846600000,0.9837290900,0.9781349774,0.9900000000,-0.0049894053,-0.0055655278,-0.0025655278,-0.0034964378,-0.0090905504,0.0027744722
2.234,0.9872584635,0.9822575228,0.9816800000,0.9846800000,0.9837304484,0.9781634846,0.9900000000,-0.0050009407,-0.0055784635,-0.0025784635,-0.0035280151,-0.0090949789,0.0027415365
2.235,0.9872913256,0.9822789230,0.9817000000,0.9847000000,0.9837318068,0.9781919918,0.9900000000,-0.0050124026,-0.0055913256,-0.0025913256,-0.0035595188,-0.0090993338,0.0027086744
2.236,0.9873241144,0.9823003233,0.9817200000,0.9847200000,0.9837331652,0.9782204990,0.9900000000,-0.0050237912,-0.0056041144,-0.0026041144,-0.0035909492,-0.0091036154,0.0026758856
2.237,0.9873568300,0.9823217235,0.9817400000,0.9847400000,0.9837345236,0.9782490062,0.9900000000,-0.0050351065,-0.0056168300,-0.0026168300,-0.0036223064,-0.0091078238,0.0026431700
2.238,0.9873894724,0.9823431237,0.9817600000,0.9847600000,0.9837358820,0.9782775134,0.9900000000,-0.0050463487,-0.0056294724,-0.0026294724,-0.0036535905,-0.0091119590,0.0026105276
2.239,0.9874220419,0.9823645240,0.9817800000,0.9847800000,0.9837372404,0.9783060206,0.9900000000,-0.0050575180,-0.0056420419,-0.0026420419,-0.0036848016,-0.0091160213,0.0025779581
2.240,0.9874545386,0.9823859242,0.9818000000,0.9848000000,0.9837385987,0.9783345278,0.9900000000,-0.0050686144,-0.0056545386,-0.0026545386,-0.0037159398,-0.0091200108,0.0025454614
2.241,0.9874869625,0.9824073244,0.9818200000,0.9848200000,0.9837399571,0.9783630350,0.9900000000,-0.0050796381,-0.0056669625,-0.0026669625,-0.0037470054,-0.0091239275,0.0025130375
2.242,0.9875193138,0.9824287247,0.9818400000,0.9848400000,0.9837413155,0.9783915422,0.9900000000,-0.0050905892,-0.0056793138,-0.0026793138,-0.0037779983,-0.0091277717,0.0024806862
2.243,0.9875515927,0.9824501249,0.9818600000,0.9848600000,0.9837426739,0.9784200494,0.9900000000,-0.0051014679,-0.0056915927,-0.0026915927,-0.0038089188,-0.0091315434,0.0024484073
2.244,0.9875837993,0.9824715251,0.9818800000,0.9848800000,0.9837440323,0.9784485566,0.9900000000,-0.0051122742,-0.0057037993,-0.0027037993,-0.0038397670,-0.0091352427,0.0024162007
2.245,0.9876159337,0.9824929254,0.9819000000,0.9849000000,0.9837453907,0.9784770638,0.9900000000,-0.0051230084,-0.0057159337,-0.0027159337,-0.0038705430,-0.0091388699,0.0023840663
2.246,0.9876479960,0.9825143256,0.9819200000,0.9849200000,0.9837467491,0.9785055710,0.9900000000,-0.0051336705,-0.0057279960,-0.0027279960,-0.0039012469,-0.0091424251,0.0023520040
2.247,0.9876799864,0.9825357258,0.9819400000,0.9849400000,0.9837481075,0.9785340782,0.9900000000,-0.0051442606,-0.0057399864,-0.0027399864,-0.0039318789,-0.0091459083,0.0023200136
2.248,0.9877119050,0.9825571261,0.9819600000,0.9849600000,0.9837494659,0.9785625854,0.9900000000,-0.0051547790,-0.0057519050,-0.0027519050,-0.0039624391,-0.0091493197,0.0022880950
2.249,0.9877437520,0.9825785263,0.9819800000,0.9849800000,0.9837508243,0.9785910926,0.9900000000,-0.0051652257,-0.0057637520,-0.0027637520,-0.0039929277,-0.0091526594,0.0022562480
2.250,0.9877755273,0.9825999265,0.9820000000,0.9850000000,0.9837521827,0.9786195998,0.9900000000,-0.0051756008,-0.0057755273,-0.0027755273,-0.0040233447,-0.0091559276,0.0022244727
2.251,0.9878072313,0.9826213268,0.9820200000,0.9850200000,0.9837535411,0.9786481070,0.9900000000,-0.0051859045,-0.0057872313,-0.0027872313,-0.0040536902,-0.0091591243,0.0021927687
2.252,0.9878388640,0.9826427270,0.9820400000,0.9850400000,0.9837548995,0.9786766142,0.9900000000,-0.0051961370,-0.0057988640,-0.0027988640,-0.0040839645,-0.0091622498,0.0021611360
2.253,0.9878704255,0.9826641272,0.9820600000,0.9850600000,0.9837562579,0.9787051214,0.9900000000,-0.0052062983,-0.0058104255,-0.0028104255,-0.0041141677,-0.0091653041,0.0021295745
2.254,0.9879019160,0.9826855275,0.9820800000,0.9850800000,0.9837576162,0.9787336286,0.9900000000,-0.0052163885,-0.0058219160,-0.0028219160,-0.0041442998,-0.0091682874,0.0020980840
2.255,0.9879333356,0.9827069277,0.9821000000,0.9851000000,0.9837589746,0.9787621358,0.9900000000,-0.0052264079,-0.0058333356,-0.0028333356,-0.0041743610,-0.0091711998,0.0020666644
2.256,0.9879646844,0.9827283279,0.9821200000,0.9851200000,0.9837603330,0.9787906430,0.9900000000,-0.0052363565,-0.0058446844,-0.0028446844,-0.0042043514,-0.0091740414,0.0020353156
2.257,0.9879959626,0.9827497282,0.9821400000,0.9851400000,0.9837616914,0.9788191502,0.9900000000,-0.0052462344,-0.0058559626,-0.0028559626,-0.0042342712,-0.0091768124,0.0020040374
2.258,0.9880271703,0.9827711284,0.9821600000,0.9851600000,0.9837630498,0.9788476574,0.9900000000,-0.0052560419,-0.0058671703,-0.0028671703,-0.0042641205,-0.0091795129,0.0019728297
2.259,0.9880583076,0.9827925286,0.9821800000,0.9851800000,0.9837644082,0.9788761646,0.9900000000,-0.0052657789,-0.0058783076,-0.0028783076,-0.0042938993,-0.0091821430,0.0019416924
2.260,0.9880893746,0.9828139289,0.9822000000,0.9852000000,0.9837657666,0.9789046718,0.9900000000,-0.0052754457,-0.0058893746,-0.0028893746,-0.0043236080,-0.0091847028,0.0019106254
2.261,0.9881203715,0.9828353291,0.9822200000,0.9852200000,0.9837671250,0.9789331790,0.9900000000,-0.0052850424,-0.0059003715,-0.0029003715,-0.0043532465,-0.0091871925,0.0018796285
2.262,0.9881512984,0.9828567293,0.9822400000,0.9852400000,0.9837684834,0.9789616862,0.9900000000,-0.0052945690,-0.0059112984,-0.0029112984,-0.0043828150,-0.0091896122,0.0018487016
2.263,0.9881821554,0.9828781296,0.9822600000,0.9852600000,0.9837698418,0.9789901934,0.9900000000,-0.0053040258,-0.0059221554,-0.0029221554,-0.0044123136,-0.0091919620,0.0018178446
2.264,0.9882129426,0.9828995298,0.9822800000,0.9852800000,0.9837712002,0.9790187006,0.9900000000,-0.0053134128,-0.0059329426,-0.0029329426,-0.0044417424,-0.0091942420,0.0017870574
2.265,0.9882436602,0.9829209300,0.9823000000,0.9853000000,0.9837725586,0.9790472078,0.9900000000,-0.0053227302,-0.0059436602,-0.0029436602,-0.0044711017,-0.0091964524,0.0017563398
2.266,0.9882743084,0.9829423303,0.9823200000,0.9853200000,0.9837739170,0.9790757150,0.9900000000,-0.0053319781,-0.0059543084,-0.0029543084,-0.0045003914,-0.0091985934,0.0017256916
2.267,0.9883048871,0.9829637305,0.9823400000,0.9853400000,0.9837752754,0.9791042222,0.9900000000,-0.0053411566,-0.0059648871,-0.0029648871,-0.0045296118,-0.0092006649,0.0016951129
2.268,0.9883353967,0.9829851307,0.9823600000,0.9853600000,0.9837766338,0.9791327294,0.9900000000,-0.0053502659,-0.0059753967,-0.0029753967,-0.0045587629,-0.0092026673,0.0016646033
2.269,0.9883658371,0.9830065310,0.9823800000,0.9853800000,0.9837779921,0.9791612366,0.9900000000,-0.0053593061,-0.0059858371,-0.0029858371,-0.0045878449,-0.0092046005,0.0016341629
2.270,0.9883962085,0.9830279312,0.9824000000,0.9854000000,0.9837793505,0.9791897438,0.9900000000,-0.0053682773,-0.0059962085,-0.0029962085,-0.0046168579,-0.0092064647,0.0016037915
2.271,0.9884265110,0.9830493314,0.9824200000,0.9854200000,0.9837807089,0.9792182510,0.9900000000,-0.0053771796,-0.0060065110,-0.0030065110,-0.0046458021,-0.0092082600,0.0015734890
2.272,0.9884567448,0.9830707317,0.9824400000,0.9854400000,0.9837820673,0.9792467582,0.9900000000,-0.0053860132,-0.0060167448,-0.0030167448,-0.0046746775,-0.0092099866,0.0015432552
2.273,0.9884869100,0.9830921319,0.9824600000,0.9854600000,0.9837834257,0.9792752654,0.9900000000,-0.0053947781,-0.0060269100,-0.0030269100,-0.0047034843,-0.0092116446,0.0015130900
2.274,0.9885170067,0.9831135321,0.9824800000,0.9854800000,0.9837847841,0.9793037726,0.9900000000,-0.0054034746,-0.0060370067,-0.0030370067,-0.0047322226,-0.0092132341,0.0014829933
2.275,0.9885470351,0.9831349324,0.9825000000,0.9855000000,0.9837861425,0.9793322798,0.9900000000,-0.0054121027,-0.0060470351,-0.0030470351,-0.0047608926,-0.0092147553,0.0014529649
2.276,0.9885769952,0.9831563326,0.9825200000,0.9855200000,0.9837875009,0.9793607870,0.9900000000,-0.0054206626,-0.0060569952,-0.0030569952,-0.0047894943,-0.0092162082,0.0014230048
2.277,0.9886068872,0.9831777328,0.9825400000,0.9855400000,0.9837888593,0.9793892942,0.9900000000,-0.0054291543,-0.0060668872,-0.0030668872,-0.0048180279,-0.0092175930,0.0013931128
2.278,0.9886367112,0.9831991331,0.9825600000,0.9855600000,0.9837902177,0.9794178014,0.9900000000,-0.0054375781,-0.0060767112,-0.0030767112,-0.0048464935,-0.0092189098,0.0013632888
2.279,0.9886664673,0.9832205333,0.9825800000,0.9855800000,0.9837915761,0.9794463086,0.9900000000,-0.0054459340,-0.0060864673,-0.0030864673,-0.0048748913,-0.0092201588,0.0013335327
2.280,0.9886961558,0.9832419335,0.9826000000,0.9856000000,0.9837929345,0.9794748158,0.9900000000,-0.0054542222,-0.0060961558,-0.0030961558,-0.0049032213,-0.0092213400,0.0013038442
2.281,0.9887257766,0.9832633338,0.9826200000,0.9856200000,0.9837942929,0.9795033230,0.9900000000,-0.0054624428,-0.0061057766,-0.0031057766,-0.0049314837,-0.0092224536,0.0012742234
2.282,0.9887553299,0.9832847340,0.9826400000,0.9856400000,0.9837956513,0.9795318302,0.9900000000,-0.0054705959,-0.0061153299,-0.0031153299,-0.0049596786,-0.0092234997,0.0012446701
2.283,0.9887848158,0.9833061343,0.9826600000,0.9856600000,0.9837970096,0.9795603374,0.9900000000,-0.0054786816,-0.0061248158,-0.0031248158,-0.0049878062,-0.0092244784,0.0012151842
2.284,0.9888142345,0.9833275345,0.9826800000,0.9856800000,0.9837983680,0.9795888446,0.9900000000,-0.0054867000,-0.0061342345,-0.0031342345,-0.0050158665,-0.0092253899,0.0011857655
2.285,0.9888435861,0.9833489347,0.9827000000,0.9857000000,0.9837997264,0.9796173518,0.9900000000,-0.0054946514,-0.0061435861,-0.0031435861,-0.0050438597,-0.0092262343,0.0011564139
2.286,0.9888728707,0.9833703350,0.9827200000,0.9857200000,0.9838010848,0.9796458590,0.9900000000,-0.0055025358,-0.0061528707,-0.0031528707,-0.0050717859,-0.0092270117,0.0011271293
2.287,0.9889020885,0.9833917352,0.9827400000,0.9857400000,0.9838024432,0.9796743662,0.9900000000,-0.0055103533,-0.0061620885,-0.0031620885,-0.0050996452,-0.0092277223,0.0010979115
2.288,0.9889312394,0.9834131354,0.9827600000,0.9857600000,0.9838038016,0.9797028734,0.9900000000,-0.0055181040,-0.0061712394,-0.0031712394,-0.0051274378,-0.0092283660,0.0010687606
2.289,0.9889603238,0.9834345357,0.9827800000,0.9857800000,0.9838051600,0.9797313806,0.9900000000,-0.0055257882,-0.0061803238,-0.0031803238,-0.0051551638,-0.0092289432,0.0010396762
2.290,0.9889893417,0.9834559359,0.9828000000,0.9858000000,0.9838065184,0.9797598878,0.9900000000,-0.0055334058,-0.0061893417,-0.0031893417,-0.0051828233,-0.0092294539,0.0010106583
2.291,0.9890182932,0.9834773361,0.9828200000,0.9858200000,0.9838078768,0.9797883950,0.9900000000,-0.0055409570,-0.0061982932,-0.0031982932,-0.0052104164,-0.0092298982,0.0009817068
2.292,0.9890471784,0.9834987364,0.9828400000,0.9858400000,0.9838092352,0.9798169022,0.9900000000,-0.0055484421,-0.0062071784,-0.0032071784,-0.0052379432,-0.0092302762,0.0009528216
2.293,0.9890759975,0.9835201366,0.9828600000,0.9858600000,0.9838105936,0.9798454094,0.9900000000,-0.0055558609,-0.0062159975,-0.0032159975,-0.0052654039,-0.0092305881,0.0009240025
2.294,0.9891047506,0.9835415368,0.9828800000,0.9858800000,0.9838119520,0.9798739166,0.9900000000,-0.0055632138,-0.0062247506,-0.0032247506,-0.0052927987,-0.0092308340,0.0008952494
2.295,0.9891334379,0.9835629371,0.9829000000,0.9859000000,0.9838133104,0.9799024238,0.9900000000,-0.0055705008,-0.0062334379,-0.0032334379,-0.0053201275,-0.0092310140,0.0008665621
2.296,0.9891620593,0.9835843373,0.9829200000,0.9859200000,0.9838146688,0.9799309310,0.9900000000,-0.0055777220,-0.0062420593,-0.0032420593,-0.0053473906,-0.0092311283,0.0008379407
2.297,0.9891906151,0.9836057375,0.9829400000,0.9859400000,0.9838160272,0.9799594382,0.9900000000,-0.0055848776,-0.0062506151,-0.0032506151,-0.0053745880,-0.0092311769,0.0008093849
2.298,0.9892191054,0.9836271378,0.9829600000,0.9859600000,0.9838173855,0.9799879454,0.9900000000,-0.0055919677,-0.0062591054,-0.0032591054,-0.0054017199,-0.0092311600,0.0007808946
2.299,0.9892475303,0.9836485380,0.9829800000,0.9859800000,0.9838187439,0.9800164526,0.9900000000,-0.0055989924,-0.0062675303,-0.0032675303,-0.0054287864,-0.0092310777,0.0007524697
2.300,0.9892758900,0.9836699382,0.9830000000,0.9860000000,0.9838201023,0.9800449598,0.9900000000,-0.0056059518,-0.0062758900,-0.0032758900,-0.0054557876,-0.0092309302,0.0007241100
2.301,0.9893041845,0.9836913385,0.9830200000,0.9860200000,0.9838214607,0.9800734670,0.9900000000,-0.0056128460,-0.0062841845,-0.0032841845,-0.0054827237,-0.0092307175,0.0006958155
2.302,0.9893324139,0.9837127387,0.9830400000,0.9860400000,0.9838228191,0.9801019742,0.9900000000,-0.0056196752,-0.0062924139,-0.0032924139,-0.0055095948,-0.0092304397,0.0006675861
2.303,0.9893605785,0.9837341389,0.9830600000,0.9860600000,0.9838241775,0.9801304814,0.9900000000,-0.0056264395,-0.0063005785,-0.0033005785,-0.0055364009,-0.0092300970,0.0006394215
2.304,0.9893886782,0.9837555392,0.9830800000,0.9860800000,0.9838255359,0.9801589886,0.9900000000,-0.0056331390,-0.0063086782,-0.0033086782,-0.0055631423,-0.0092296896,0.0006113218
2.305,0.9894167133,0.9837769394,0.9831000000,0.9861000000,0.9838268943,0.9801874958,0.9900000000,-0.0056397739,-0.0063167133,-0.0033167133,-0.0055898190,-0.0092292175,0.0005832867
2.306,0.9894446838,0.9837983396,0.9831200000,0.9861200000,0.9838282527,0.9802160030,0.9900000000,-0.0056463442,-0.0063246838,-0.0033246838,-0.0056164311,-0.0092286808,0.0005553162
2.307,0.9894725899,0.9838197399,0.9831400000,0.9861400000,0.9838296111,0.9802445102,0.9900000000,-0.0056528501,-0.0063325899,-0.0033325899,-0.0056429789,-0.0092280797,0.0005274101
2.308,0.9895004318,0.9838411401,0.9831600000,0.9861600000,0.9838309695,0.9802730174,0.9900000000,-0.0056592917,-0.0063404318,-0.0033404318,-0.0056694623,-0.0092274143,0.0004995682
2.309,0.9895282094,0.9838625403,0.9831800000,0.9861800000,0.9838323279,0.9803015246,0.9900000000,-0.0056656690,-0.0063482094,-0.0033482094,-0.0056958815,-0.0092266848,0.0004717906
2.310,0.9895559229,0.9838839406,0.9832000000,0.9862000000,0.9838336863,0.9803300318,0.9900000000,-0.0056719824,-0.0063559229,-0.0033559229,-0.0057222367,-0.0092258911,0.0004440771
2.311,0.9895835726,0.9839053408,0.9832200000,0.9862200000,0.9838350447,0.9803585390,0.9900000000,-0.0056782318,-0.0063635726,-0.0033635726,-0.0057485279,-0.0092250335,0.0004164274
2.312,0.9896111583,0.9839267410,0.9832400000,0.9862400000,0.9838364030,0.9803870462,0.9900000000,-0.0056844173,-0.0063711583,-0.0033711583,-0.0057747553,-0.0092241121,0.0003888417
2.313,0.9896386804,0.9839481413,0.9832600000,0.9862600000,0.9838377614,0.9804155534,0.9900000000,-0.0056905392,-0.0063786804,-0.0033786804,-0.0058009190,-0.0092231270,0.0003613196
2.314,0.9896661389,0.9839695415,0.9832800000,0.9862800000,0.9838391198,0.9804440606,0.9900000000,-0.0056965974,-0.0063861389,-0.0033861389,-0.0058270191,-0.0092220783,0.0003338611
2.315,0.9896935340,0.9839909417,0.9833000000,0.9863000000,0.9838404782,0.9804725678,0.9900000000,-0.0057025922,-0.0063935340,-0.0033935340,-0.0058530557,-0.0092209662,0.0003064660
2.316,0.9897208657,0.9840123420,0.9833200000,0.9863200000,0.9838418366,0.9805010750,0.9900000000,-0.0057085237,-0.0064008657,-0.0034008657,-0.0058790290,-0.0092197906,0.0002791343
2.317,0.9897481341,0.9840337422,0.9833400000,0.9863400000,0.9838431950,0.9805295822,0.9900000000,-0.0057143919,-0.0064081341,-0.0034081341,-0.0059049391,-0.0092185519,0.0002518659
2.318,0.9897753395,0.9840551424,0.9833600000,0.9863600000,0.9838445534,0.9805580894,0.9900000000,-0.0057201970,-0.0064153395,-0.0034153395,-0.0059307861,-0.0092172501,0.0002246605
2.319,0.9898024818,0.9840765427,0.9833800000,0.9863800000,0.9838459118,0.9805865966,0.9900000000,-0.0057259392,-0.0064224818,-0.0034224818,-0.0059565700,-0.0092158852,0.0001975182
2.320,0.9898295613,0.9840979429,0.9834000000,0.9864000000,0.9838472702,0.9806151038,0.9900000000,-0.0057316184,-0.0064295613,-0.0034295613,-0.0059822911,-0.0092144575,0.0001704387
2.321,0.9898565781,0.9841193431,0.9834200000,0.9864200000,0.9838486286,0.9806436110,0.9900000000,-0.0057372349,-0.0064365781,-0.0034365781,-0.0060079495,-0.0092129671,0.0001434219
2.322,0.9898835322,0.9841407434,0.9834400000,0.9864400000,0.9838499870,0.9806721182,0.9900000000,-0.0057427888,-0.0064435322,-0.0034435322,-0.0060335452,-0.0092114140,0.0001164678
2.323,0.9899104238,0.9841621436,0.9834600000,0.9864600000,0.9838513454,0.9807006254,0.9900000000,-0.0057482802,-0.0064504238,-0.0034504238,-0.0060590784,-0.0092097984,0.0000895762
2.324,0.9899372530,0.9841835438,0.9834800000,0.9864800000,0.9838527038,0.9807291326,0.9900000000,-0.0057537091,-0.0064572530,-0.0034572530,-0.0060845492,-0.0092081204,0.0000627470
2.325,0.9899640199,0.9842049441,0.9835000000,0.9865000000,0.9838540622,0.9807576398,0.9900000000,-0.0057590758,-0.0064640199,-0.0034640199,-0.0061099577,-0.0092063801,0.0000359801
2.326,0.9899907247,0.9842263443,0.9835200000,0.9865200000,0.9838554206,0.9807861470,0.9900000000,-0.0057643804,-0.0064707247,-0.0034707247,-0.0061353041,-0.0092045776,0.0000092753
2.327,0.9900173674,0.9842477445,0.9835400000,0.9865400000,0.9838567789,0.9808146542,0.9900000000,-0.0057696228,-0.0064773674,-0.0034773674,-0.0061605884,-0.0092027132,-0.0000173674
2.328,0.9900439482,0.9842691448,0.9835600000,0.9865600000,0.9838581373,0.9808431614,0.9900000000,-0.0057748034,-0.0064839482,-0.0034839482,-0.0061858108,-0.0092007868,-0.0000439482
2.329,0.9900704671,0.9842905450,0.9835800000,0.9865800000,0.9838594957,0.9808716686,0.9900000000,-0.0057799221,-0.0064904671,-0.0034904671,-0.0062109714,-0.0091987985,-0.0000704671
2.330,0.9900969244,0.9843119452,0.9836000000,0.9866000000,0.9838608541,0.9809001758,0.9900000000,-0.0057849792,-0.0064969244,-0.0034969244,-0.0062360703,-0.0091967486,-0.0000969244
2.331,0.9901233202,0.9843333455,0.9836200000,0.9866200000,0.9838622125,0.9809286830,0.9900000000,-0.0057899747,-0.0065033202,-0.0035033202,-0.0062611076,-0.0091946371,-0.0001233202
2.332,0.9901496544,0.9843547457,0.9836400000,0.9866400000,0.9838635709,0.9809571902,0.9900000000,-0.0057949087,-0.0065096544,-0.0035096544,-0.0062860835,-0.0091924642,-0.0001496544
2.333,0.9901759273,0.9843761459,0.9836600000,0.9866600000,0.9838649293,0.9809856974,0.9900000000,-0.0057997814,-0.0065159273,-0.0035159273,-0.0063109980,-0.0091902299,-0.0001759273
2.334,0.9902021390,0.9843975462,0.9836800000,0.9866800000,0.9838662877,0.9810142046,0.9900000000,-0.0058045929,-0.0065221390,-0.0035221390,-0.0063358513,-0.0091879344,-0.0002021390
2.335,0.9902282896,0.9844189464,0.9837000000,0.9867000000,0.9838676461,0.9810427118,0.9900000000,-0.0058093432,-0.0065282896,-0.0035282896,-0.0063606435,-0.0091855778,-0.0002282896
2.336,0.9902543792,0.9844403466,0.9837200000,0.9867200000,0.9838690045,0.9810712190,0.9900000000,-0.0058140326,-0.0065343792,-0.0035343792,-0.0063853747,-0.0091831602,-0.0002543792
2.337,0.9902804080,0.9844617469,0.9837400000,0.9867400000,0.9838703629,0.9810997262,0.9900000000,-0.0058186611,-0.0065404080,-0.0035404080,-0.0064100451,-0.0091806817,-0.0002804080
2.338,0.9903063759,0.9844831471,0.9837600000,0.9867600000,0.9838717213,0.9811282334,0.9900000000,-0.0058232288,-0.0065463759,-0.0035463759,-0.0064346547,-0.0091781425,-0.0003063759
2.339,0.9903322833,0.9845045473,0.9837800000,0.9867800000,0.9838730797,0.9811567406,0.9900000000,-0.0058277359,-0.0065522833,-0.0035522833,-0.0064592036,-0.0091755426,-0.0003322833
2.340,0.9903581301,0.9845259476,0.9838000000,0.9868000000,0.9838744381,0.9811852478,0.9900000000,-0.0058321825,-0.0065581301,-0.0035581301,-0.0064836920,-0.0091728822,-0.0003581301
2.341,0.9903839164,0.9845473478,0.9838200000,0.9868200000,0.9838757964,0.9812137550,0.9900000000,-0.0058365686,-0.0065639164,-0.0035639164,-0.0065081200,-0.0091701614,-0.0003839164
2.342,0.9904096425,0.9845687481,0.9838400000,0.9868400000,0.9838771548,0.9812422622,0.9900000000,-0.0058408945,-0.0065696425,-0.0035696425,-0.0065324877,-0.0091673803,-0.0004096425
2.343,0.9904353085,0.9845901483,0.9838600000,0.9868600000,0.9838785132,0.9812707694,0.9900000000,-0.0058451602,-0.0065753085,-0.0035753085,-0.0065567952,-0.0091645390,-0.0004353085
2.344,0.9904609143,0.9846115485,0.9838800000,0.9868800000,0.9838798716,0.9812992766,0.9900000000,-0.0058493658,-0.0065809143,-0.0035809143,-0.0065810427,-0.0091616377,-0.0004609143
2.345,0.9904864602,0.9846329488,0.9839000000,0.9869000000,0.9838812300,0.9813277838,0.9900000000,-0.0058535114,-0.0065864602,-0.0035864602,-0.0066052302,-0.0091586764,-0.0004864602
2.346,0.9905119463,0.9846543490,0.9839200000,0.9869200000,0.9838825884,0.9813562910,0.9900000000,-0.0058575973,-0.0065919463,-0.0035919463,-0.0066293579,-0.0091556552,-0.0005119463
2.347,0.9905373726,0.9846757492,0.9839400000,0.9869400000,0.9838839468,0.9813847982,0.9900000000,-0.0058616234,-0.0065973726,-0.0035973726,-0.0066534258,-0.0091525744,-0.0005373726
2.348,0.9905627393,0.9846971495,0.9839600000,0.9869600000,0.9838853052,0.9814133054,0.9900000000,-0.0058655899,-0.0066027393,-0.0036027393,-0.0066774341,-0.0091494339,-0.0005627393
2.349,0.9905880466,0.9847185497,0.9839800000,0.9869800000,0.9838866636,0.9814418126,0.9900000000,-0.0058694969,-0.0066080466,-0.0036080466,-0.0067013830,-0.0091462340,-0.0005880466
2.350,0.9906132945,0.9847399499,0.9840000000,0.9870000000,0.9838880220,0.9814703198,0.9900000000,-0.0058733445,-0.0066132945,-0.0036132945,-0.0067252725,-0.0091429746,-0.0006132945
2.351,0.9906384831,0.9847613502,0.9840200000,0.9870200000,0.9838893804,0.9814988270,0.9900000000,-0.0058771329,-0.0066184831,-0.0036184831,-0.0067491027,-0.0091396561,-0.0006384831
2.352,0.9906636125,0.9847827504,0.9840400000,0.9870400000,0.9838907388,0.9815273342,0.9900000000,-0.0058808621,-0.0066236125,-0.0036236125,-0.0067728738,-0.0091362783,-0.0006636125
2.353,0.9906886830,0.9848041506,0.9840600000,0.9870600000,0.9838920972,0.9815558414,0.9900000000,-0.0058845323,-0.0066286830,-0.0036286830,-0.0067965858,-0.0091328415,-0.0006886830
2.354,0.9907136945,0.9848255509,0.9840800000,0.9870800000,0.9838934556,0.9815843486,0.9900000000,-0.0058881436,-0.0066336945,-0.0036336945,-0.0068202389,-0.0091293458,-0.0007136945
2.355,0.9907386472,0.9848469511,0.9841000000,0.9871000000,0.9838948140,0.9816128558,0.9900000000,-0.0058916961,-0.0066386472,-0.0036386472,-0.0068438332,-0.0091257913,-0.0007386472
2.356,0.9907635412,0.9848683513,0.9841200000,0.9871200000,0.9838961723,0.9816413630,0.9900000000,-0.0058951898,-0.0066435412,-0.0036435412,-0.0068673688,-0.0091221781,-0.0007635412
2.357,0.9907883766,0.9848897516,0.9841400000,0.9871400000,0.9838975307,0.9816698702,0.9900000000,-0.0058986250,-0.0066483766,-0.0036483766,-0.0068908458,-0.0091185064,-0.0007883766
2.358,0.9908131535,0.9849111518,0.9841600000,0.9871600000,0.9838988891,0.9816983774,0.9900000000,-0.0059020017,-0.0066531535,-0.0036531535,-0.0069142644,-0.0091147761,-0.0008131535
2.359,0.9908378721,0.9849325520,0.9841800000,0.9871800000,0.9839002475,0.9817268846,0.9900000000,-0.0059053201,-0.0066578721,-0.0036578721,-0.0069376246,-0.0091109875,-0.0008378721
2.360,0.9908625325,0.9849539523,0.9842000000,0.9872000000,0.9839016059,0.9817553918,0.9900000000,-0.0059085802,-0.0066625325,-0.0036625325,-0.0069609266,-0.0091071406,-0.0008625325
2.361,0.9908871347,0.9849753525,0.9842200000,0.9872200000,0.9839029643,0.9817838990,0.9900000000,-0.0059117822,-0.0066671347,-0.0036671347,-0.0069841704,-0.0091032357,-0.0008871347
2.362,0.9909116789,0.9849967527,0.9842400000,0.9872400000,0.9839043227,0.9818124062,0.9900000000,-0.0059149262,-0.0066716789,-0.0036716789,-0.0070073562,-0.0090992727,-0.0009116789
2.363,0.9909361652,0.9850181530,0.9842600000,0.9872600000,0.9839056811,0.9818409134,0.9900000000,-0.0059180122,-0.0066761652,-0.0036761652,-0.0070304841,-0.0090952518,-0.0009361652
2.364,0.9909605937,0.9850395532,0.9842800000,0.9872800000,0.9839070395,0.9818694206,0.9900000000,-0.0059210405,-0.0066805937,-0.0036805937,-0.0070535542,-0.0090911731,-0.0009605937
2.365,0.9909849645,0.9850609534,0.9843000000,0.9873000000,0.9839083979,0.9818979278,0.9900000000,-0.0059240111,-0.0066849645,-0.0036849645,-0.0070765667,-0.0090870367,-0.0009849645
2.366,0.9910092778,0.9850823537,0.9843200000,0.9873200000,0.9839097563,0.9819264350,0.9900000000,-0.0059269241,-0.0066892778,-0.0036892778,-0.0070995215,-0.0090828428,-0.0010092778
2.367,0.9910335336,0.9851037539,0.9843400000,0.9873400000,0.9839111147,0.9819549422,0.9900000000,-0.0059297797,-0.0066935336,-0.0036935336,-0.0071224189,-0.0090785914,-0.0010335336
2.368,0.9910577320,0.9851251541,0.9843600000,0.9873600000,0.9839124731,0.9819834494,0.9900000000,-0.0059325779,-0.0066977320,-0.0036977320,-0.0071452590,-0.0090742826,-0.0010577320
2.369,0.9910818733,0.9851465544,0.9843800000,0.9873800000,0.9839138315,0.9820119566,0.9900000000,-0.0059353189,-0.0067018733,-0.0037018733,-0.0071680418,-0.0090699166,-0.0010818733
2.370,0.9911059574,0.9851679546,0.9844000000,0.9874000000,0.9839151898,0.9820404638,0.9900000000,-0.0059380028,-0.0067059574,-0.0037059574,-0.0071907675,-0.0090654935,-0.0011059574
2.371,0.9911299845,0.9851893548,0.9844200000,0.9874200000,0.9839165482,0.9820689710,0.9900000000,-0.0059406296,-0.0067099845,-0.0037099845,-0.0072134362,-0.0090610134,-0.0011299845
2.372,0.9911539546,0.9852107551,0.9844400000,0.9874400000,0.9839179066,0.9820974782,0.9900000000,-0.0059431996,-0.0067139546,-0.0037139546,-0.0072360480,-0.0090564764,-0.0011539546
2.373,0.9911778680,0.9852321553,0.9844600000,0.9874600000,0.9839192650,0.9821259854,0.9900000000,-0.0059457127,-0.0067178680,-0.0037178680,-0.0072586030,-0.0090518826,-0.0011778680
2.374,0.9912017248,0.9852535555,0.9844800000,0.9874800000,0.9839206234,0.9821544926,0.9900000000,-0.0059481692,-0.0067217248,-0.0037217248,-0.0072811013,-0.0090472321,-0.0012017248
2.375,0.9912255249,0.9852749558,0.9845000000,0.9875000000,0.9839219818,0.9821829998,0.9900000000,-0.0059505691,-0.0067255249,-0.0037255249,-0.0073035431,-0.0090425251,-0.0012255249
2.376,0.9912492686,0.9852963560,0.9845200000,0.9875200000,0.9839233402,0.9822115070,0.9900000000,-0.0059529126,-0.0067292686,-0.0037292686,-0.0073259284,-0.0090377616,-0.0012492686
2.377,0.9912729559,0.9853177562,0.9845400000,0.9875400000,0.9839246986,0.9822400142,0.9900000000,-0.0059551997,-0.0067329559,-0.0037329559,-0.0073482573,-0.0090329417,-0.0012729559
2.378,0.9912965870,0.9853391565,0.9845600000,0.9875600000,0.9839260570,0.9822685214,0.9900000000,-0.0059574306,-0.0067365870,-0.0037365870,-0.0073705300,-0.0090280656,-0.0012965870
2.379,0.9913201620,0.9853605567,0.9845800000,0.9875800000,0.9839274154,0.9822970286,0.9900000000,-0.0059596053,-0.0067401620,-0.0037401620,-0.0073927466,-0.0090231334,-0.0013201620
2.380,0.9913436810,0.9853819569,0.9846000000,0.9876000000,0.9839287738,0.9823255358,0.9900000000,-0.0059617240,-0.0067436810,-0.0037436810,-0.0074149072,-0.0090181451,-0.0013436810
2.381,0.9913671440,0.9854033572,0.9846200000,0.9876200000,0.9839301322,0.9823540430,0.9900000000,-0.0059637868,-0.0067471440,-0.0037471440,-0.0074370119,-0.0090131010,-0.0013671440
2.382,0.9913905513,0.9854247574,0.9846400000,0.9876400000,0.9839314906,0.9823825502,0.9900000000,-0.0059657939,-0.0067505513,-0.0037505513,-0.0074590607,-0.0090080010,-0.0013905513
2.383,0.9914139028,0.9854461576,0.9846600000,0.9876600000,0.9839328490,0.9824110574,0.9900000000,-0.0059677452,-0.0067539028,-0.0037539028,-0.0074810539,-0.0090028454,-0.0014139028
2.384,0.9914371988,0.9854675579,0.9846800000,0.9876800000,0.9839342074,0.9824395646,0.9900000000,-0.0059696409,-0.0067571988,-0.0037571988,-0.0075029915,-0.0089976342,-0.0014371988
2.385,0.9914604393,0.9854889581,0.9847000000,0.9877000000,0.9839355657,0.9824680718,0.9900000000,-0.0059714812,-0.0067604393,-0.0037604393,-0.0075248736,-0.0089923675,-0.0014604393
2.386,0.9914836245,0.9855103583,0.9847200000,0.9877200000,0.9839369241,0.9824965790,0.9900000000,-0.0059732661,-0.0067636245,-0.0037636245,-0.0075467003,-0.0089870454,-0.0014836245
2.387,0.9915067544,0.9855317586,0.9847400000,0.9877400000,0.9839382825,0.9825250862,0.9900000000,-0.0059749958,-0.0067667544,-0.0037667544,-0.0075684718,-0.0089816681,-0.0015067544
2.388,0.9915298291,0.9855531588,0.9847600000,0.9877600000,0.9839396409,0.9825535934,0.9900000000,-0.0059766703,-0.0067698291,-0.0037698291,-0.0075901882,-0.0089762357,-0.0015298291
2.389,0.9915528488,0.9855745590,0.9847800000,0.9877800000,0.9839409993,0.9825821006,0.9900000000,-0.0059782898,-0.0067728488,-0.0037728488,-0.0076118495,-0.0089707482,-0.0015528488
2.390,0.9915758136,0.9855959593,0.9848000000,0.9878000000,0.9839423577,0.9826106078,0.9900000000,-0.0059798543,-0.0067758136,-0.0037758136,-0.0076334559,-0.0089652058,-0.0015758136
2.391,0.9915987236,0.9856173595,0.9848200000,0.9878200000,0.9839437161,0.9826391150,0.9900000000,-0.0059813640,-0.0067787236,-0.0037787236,-0.0076550075,-0.0089596085,-0.0015987236
2.392,0.9916215788,0.9856387597,0.9848400000,0.9878400000,0.9839450745,0.9826676222,0.9900000000,-0.0059828191,-0.0067815788,-0.0037815788,-0.0076765043,-0.0089539566,-0.0016215788
2.393,0.9916443795,0.9856601600,0.9848600000,0.9878600000,0.9839464329,0.9826961294,0.9900000000,-0.0059842195,-0.0067843795,-0.0037843795,-0.0076979466,-0.0089482500,-0.0016443795
2.394,0.9916671256,0.9856815602,0.9848800000,0.9878800000,0.9839477913,0.9827246366,0.9900000000,-0.0059855654,-0.0067871256,-0.0037871256,-0.0077193343,-0.0089424890,-0.0016671256
2.395,0.9916898174,0.9857029604,0.9849000000,0.9879000000,0.9839491497,0.9827531438,0.9900000000,-0.0059868569,-0.0067898174,-0.0037898174,-0.0077406677,-0.0089366735,-0.0016898174
2.396,0.9917124548,0.9857243607,0.9849200000,0.9879200000,0.9839505081,0.9827816510,0.9900000000,-0.0059880942,-0.0067924548,-0.0037924548,-0.0077619468,-0.0089308038,-0.0017124548
2.397,0.9917350381,0.9857457609,0.9849400000,0.9879400000,0.9839518665,0.9828101582,0.9900000000,-0.0059892772,-0.0067950381,-0.0037950381,-0.0077831717,-0.0089248799,-0.0017350381
2.398,0.9917575674,0.9857671612,0.9849600000,0.9879600000,0.9839532249,0.9828386654,0.9900000000,-0.0059904062,-0.0067975674,-0.0037975674,-0.0078043425,-0.0089189019,-0.0017575674
2.399,0.9917800427,0.9857885614,0.9849800000,0.9879800000,0.9839545832,0.9828671726,0.9900000000,-0.0059914813,-0.0068000427,-0.0038000427,-0.0078254594,-0.0089128700,-0.0017800427
2.400,0.9918024641,0.9858099616,0.9850000000,0.9880000000,0.9839559416,0.9828956798,0.9900000000,-0.0059925025,-0.0068024641,-0.0038024641,-0.0078465224,-0.0089067842,-0.0018024641
2.401,0.9918248318,0.9858313619,0.9850200000,0.9880200000,0.9839573000,0.9829241870,0.9900000000,-0.0059934699,-0.0068048318,-0.0038048318,-0.0078675317,-0.0089006447,-0.0018248318
2.402,0.9918471458,0.9858527621,0.9850400000,0.9880400000,0.9839586584,0.9829526942,0.9900000000,-0.0059943837,-0.0068071458,-0.0038071458,-0.0078884874,-0.0088944516,-0.0018471458
2.403,0.9918694063,0.9858741623,0.9850600000,0.9880600000,0.9839600168,0.9829812014,0.9900000000,-0.0059952440,-0.0068094063,-0.0038094063,-0.0079093895,-0.0088882049,-0.0018694063
2.404,0.9918916134,0.9858955626,0.9850800000,0.9880800000,0.9839613752,0.9830097086,0.9900000000,-0.0059960508,-0.0068116134,-0.0038116134,-0.0079302381,-0.0088819047,-0.0018916134
2.405,0.9919137671,0.9859169628,0.9851000000,0.9881000000,0.9839627336,0.9830382158,0.9900000000,-0.0059968043,-0.0068137671,-0.0038137671,-0.0079510335,-0.0088755513,-0.0019137671
2.406,0.9919358676,0.9859383630,0.9851200000,0.9881200000,0.9839640920,0.9830667230,0.9900000000,-0.0059975046,-0.0068158676,-0.0038158676,-0.0079717756,-0.0088691446,-0.0019358676
2.407,0.9919579151,0.9859597633,0.9851400000,0.9881400000,0.9839654504,0.9830952302,0.9900000000,-0.0059981518,-0.0068179151,-0.0038179151,-0.0079924647,-0.0088626848,-0.0019579151
2.408,0.9919799095,0.9859811635,0.9851600000,0.9881600000,0.9839668088,0.9831237374,0.9900000000,-0.0059987460,-0.0068199095,-0.0038199095,-0.0080131007,-0.0088561721,-0.0019799095
2.409,0.9920018510,0.9860025637,0.9851800000,0.9881800000,0.9839681672,0.9831522446,0.9900000000,-0.0059992873,-0.0068218510,-0.0038218510,-0.0080336838,-0.0088496064,-0.0020018510
2.410,0.9920237397,0.9860239640,0.9852000000,0.9882000000,0.9839695256,0.9831807518,0.9900000000,-0.0059997758,-0.0068237397,-0.0038237397,-0.0080542142,-0.0088429879,-0.0020237397
2.411,0.9920455758,0.9860453642,0.9852200000,0.9882200000,0.9839708840,0.9832092590,0.9900000000,-0.0060002116,-0.0068255758,-0.0038255758,-0.0080746918,-0.0088363167,-0.0020455758
2.412,0.9920673592,0.9860667644,0.9852400000,0.9882400000,0.9839722424,0.9832377662,0.9900000000,-0.0060005948,-0.0068273592,-0.0038273592,-0.0080951169,-0.0088295930,-0.0020673592
2.413,0.9920890902,0.9860881647,0.9852600000,0.9882600000,0.9839736008,0.9832662734,0.9900000000,-0.0060009256,-0.0068290902,-0.0038290902,-0.0081154895,-0.0088228168,-0.0020890902
2.414,0.9921107688,0.9861095649,0.9852800000,0.9882800000,0.9839749591,0.9832947806,0.9900000000,-0.0060012039,-0.0068307688,-0.0038307688,-0.0081358097,-0.0088159882,-0.0021107688
2.415,0.9921323952,0.9861309651,0.9853000000,0.9883000000,0.9839763175,0.9833232878,0.9900000000,-0.0060014300,-0.0068323952,-0.0038323952,-0.0081560776,-0.0088091073,-0.0021323952
2.416,0.9921539693,0.9861523654,0.9853200000,0.9883200000,0.9839776759,0.9833517950,0.9900000000,-0.0060016040,-0.0068339693,-0.0038339693,-0.0081762934,-0.0088021743,-0.0021539693
2.417,0.9921754914,0.9861737656,0.9853400000,0.9883400000,0.9839790343,0.9833803022,0.9900000000,-0.0060017258,-0.0068354914,-0.0038354914,-0.0081964571,-0.0087951892,-0.0021754914
2.418,0.9921969616,0.9861951658,0.9853600000,0.9883600000,0.9839803927,0.9834088094,0.9900000000,-0.0060017958,-0.0068369616,-0.0038369616,-0.0082165689,-0.0087881522,-0.0021969616
2.419,0.9922183799,0.9862165661,0.9853800000,0.9883800000,0.9839817511,0.9834373166,0.9900000000,-0.0060018138,-0.0068383799,-0.0038383799,-0.0082366288,-0.0087810633,-0.0022183799
2.420,0.9922397464,0.9862379663,0.9854000000,0.9884000000,0.9839831095,0.9834658238,0.9900000000,-0.0060017802,-0.0068397464,-0.0038397464,-0.0082566369,-0.0087739226,-0.0022397464
2.421,0.9922610614,0.9862593665,0.9854200000,0.9884200000,0.9839844679,0.9834943310,0.9900000000,-0.0060016948,-0.0068410614,-0.0038410614,-0.0082765935,-0.0087667303,-0.0022610614
2.422,0.9922823247,0.9862807668,0.9854400000,0.9884400000,0.9839858263,0.9835228382,0.9900000000,-0.0060015580,-0.0068423247,-0.0038423247,-0.0082964984,-0.0087594865,-0.0022823247
2.423,0.9923035367,0.9863021670,0.9854600000,0.9884600000,0.9839871847,0.9835513454,0.9900000000,-0.0060013697,-0.0068435367,-0.0038435367,-0.0083163520,-0.0087521912,-0.0023035367
2.424,0.9923246973,0.9863235672,0.9854800000,0.9884800000,0.9839885431,0.9835798526,0.9900000000,-0.0060011300,-0.0068446973,-0.0038446973,-0.0083361542,-0.0087448446,-0.0023246973
2.425,0.9923458066,0.9863449675,0.9855000000,0.9885000000,0.9839899015,0.9836083598,0.9900000000,-0.0060008392,-0.0068458066,-0.0038458066,-0.0083559052,-0.0087374468,-0.0023458066
2.426,0.9923668649,0.9863663677,0.9855200000,0.9885200000,0.9839912599,0.9836368670,0.9900000000,-0.0060004972,-0.0068468649,-0.0038468649,-0.0083756050,-0.0087299978,-0.0023668649
2.427,0.9923878721,0.9863877679,0.9855400000,0.9885400000,0.9839926183,0.9836653742,0.9900000000,-0.0060001041,-0.0068478721,-0.0038478721,-0.0083952538,-0.0087224978,-0.0023878721
2.428,0.9924088284,0.9864091682,0.9855600000,0.9885600000,0.9839939766,0.9836938814,0.9900000000,-0.0059996602,-0.0068488284,-0.0038488284,-0.0084148517,-0.0087149469,-0.0024088284
2.429,0.9924297338,0.9864305684,0.9855800000,0.9885800000,0.9839953350,0.9837223886,0.9900000000,-0.0059991654,-0.0068497338,-0.0038497338,-0.0084343988,-0.0087073452,-0.0024297338
2.430,0.9924505886,0.9864519686,0.9856000000,0.9886000000,0.9839966934,0.9837508958,0.9900000000,-0.0059986199,-0.0068505886,-0.0038505886,-0.0084538952,-0.0086996927,-0.0024505886
2.431,0.9924713927,0.9864733689,0.9856200000,0.9886200000,0.9839980518,0.9837794030,0.9900000000,-0.0059980239,-0.0068513927,-0.0038513927,-0.0084733409,-0.0086919897,-0.0024713927
2.432,0.9924921463,0.9864947691,0.9856400000,0.9886400000,0.9839994102,0.9838079102,0.9900000000,-0.0059973772,-0.0068521463,-0.0038521463,-0.0084927361,-0.0086842361,-0.0024921463
2.433,0.9925128496,0.9865161693,0.9856600000,0.9886600000,0.9840007686,0.9838364174,0.9900000000,-0.0059966802,-0.0068528496,-0.0038528496,-0.0085120809,-0.0086764321,-0.0025128496
2.434,0.9925335025,0.9865375696,0.9856800000,0.9886800000,0.9840021270,0.9838649246,0.9900000000,-0.0059959329,-0.0068535025,-0.0038535025,-0.0085313755,-0.0086685778,-0.0025335025
2.435,0.9925541051,0.9865589698,0.9857000000,0.9887000000,0.9840034854,0.9838934318,0.9900000000,-0.0059951353,-0.0068541051,-0.0038541051,-0.0085506198,-0.0086606733,-0.0025541051
2.436,0.9925746577,0.9865803700,0.9857200000,0.9887200000,0.9840048438,0.9839219390,0.9900000000,-0.0059942877,-0.0068546577,-0.0038546577,-0.0085698139,-0.0086527187,-0.0025746577
2.437,0.9925951603,0.9866017703,0.9857400000,0.9887400000,0.9840062022,0.9839504462,0.9900000000,-0.0059933900,-0.0068551603,-0.0038551603,-0.0085889581,-0.0086447141,-0.0025951603
2.438,0.9926156130,0.9866231705,0.9857600000,0.9887600000,0.9840075606,0.9839789534,0.9900000000,-0.0059924425,-0.0068556130,-0.0038556130,-0.0086080524,-0.0086366596,-0.0026156130
2.439,0.9926360159,0.9866445707,0.9857800000,0.9887800000,0.9840089190,0.9840074606,0.9900000000,-0.0059914451,-0.0068560159,-0.0038560159,-0.0086270969,-0.0086285552,-0.0026360159
2.440,0.9926563690,0.9866659710,0.9858000000,0.9888000000,0.9840102774,0.9840359678,0.9900000000,-0.0059903981,-0.0068563690,-0.0038563690,-0.0086460917,-0.0086204012,-0.0026563690
2.441,0.9926766726,0.9866873712,0.9858200000,0.9888200000,0.9840116358,0.9840644750,0.9900000000,-0.0059893014,-0.0068566726,-0.0038566726,-0.0086650369,-0.0086121976,-0.0026766726
2.442,0.9926969267,0.9867087714,0.9858400000,0.9888400000,0.9840129941,0.9840929822,0.9900000000,-0.0059881552,-0.0068569267,-0.0038569267,-0.0086839325,-0.0086039444,-0.0026969267
2.443,0.9927171314,0.9867301717,0.9858600000,0.9888600000,0.9840143525,0.9841214894,0.9900000000,-0.0059869597,-0.0068571314,-0.0038571314,-0.0087027788,-0.0085956419,-0.0027171314
2.444,0.9927372867,0.9867515719,0.9858800000,0.9888800000,0.9840157109,0.9841499966,0.9900000000,-0.0059857148,-0.0068572867,-0.0038572867,-0.0087215758,-0.0085872901,-0.0027372867
2.445,0.9927573929,0.9867729721,0.9859000000,0.9889000000,0.9840170693,0.9841785038,0.9900000000,-0.0059844208,-0.0068573929,-0.0038573929,-0.0087403236,-0.0085788891,-0.0027573929
2.446,0.9927774500,0.9867943724,0.9859200000,0.9889200000,0.9840184277,0.9842070110,0.9900000000,-0.0059830776,-0.0068574500,-0.0038574500,-0.0087590223,-0.0085704389,-0.0027774500
2.447,0.9927974580,0.9868157726,0.9859400000,0.9889400000,0.9840197861,0.9842355182,0.9900000000,-0.0059816854,-0.0068574580,-0.0038574580,-0.0087776719,-0.0085619398,-0.0027974580
2.448,0.9928174172,0.9868371728,0.9859600000,0.9889600000,0.9840211445,0.9842640254,0.9900000000,-0.0059802444,-0.0068574172,-0.0038574172,-0.0087962727,-0.0085533918,-0.0028174172
2.449,0.9928373276,0.9868585731,0.9859800000,0.9889800000,0.9840225029,0.9842925326,0.9900000000,-0.0059787545,-0.0068573276,-0.0038573276,-0.0088148247,-0.0085447949,-0.0028373276
2.450,0.9928571893,0.9868799733,0.9860000000,0.9890000000,0.9840238613,0.9843210398,0.9900000000,-0.0059772160,-0.0068571893,-0.0038571893,-0.0088333280,-0.0085361494,-0.0028571893
2.451,0.9928770023,0.9869013735,0.9860200000,0.9890200000,0.9840252197,0.9843495470,0.9900000000,-0.0059756288,-0.0068570023,-0.0038570023,-0.0088517826,-0.0085274553,-0.0028770023
2.452,0.9928967669,0.9869227738,0.9860400000,0.9890400000,0.9840265781,0.9843780542,0.9900000000,-0.0059739931,-0.0068567669,-0.0038567669,-0.0088701888,-0.0085187127,-0.0028967669
2.453,0.9929164831,0.9869441740,0.9860600000,0.9890600000,0.9840279365,0.9844065614,0.9900000000,-0.0059723091,-0.0068564831,-0.0038564831,-0.0088885466,-0.0085099216,-0.0029164831
2.454,0.9929361509,0.9869655742,0.9860800000,0.9890800000,0.9840292949,0.9844350686,0.9900000000,-0.0059705767,-0.0068561509,-0.0038561509,-0.0089068561,-0.0085010823,-0.0029361509
2.455,0.9929557706,0.9869869745,0.9861000000,0.9891000000,0.9840306533,0.9844635758,0.9900000000,-0.0059687961,-0.0068557706,-0.0038557706,-0.0089251173,-0.0084921947,-0.0029557706
2.456,0.9929753421,0.9870083747,0.9861200000,0.9891200000,0.9840320117,0.9844920830,0.9900000000,-0.0059669674,-0.0068553421,-0.0038553421,-0.0089433305,-0.0084832591,-0.0029753421
2.457,0.9929948657,0.9870297750,0.9861400000,0.9891400000,0.9840333700,0.9845205902,0.9900000000,-0.0059650907,-0.0068548657,-0.0038548657,-0.0089614956,-0.0084742754,-0.0029948657
2.458,0.9930143413,0.9870511752,0.9861600000,0.9891600000,0.9840347284,0.9845490974,0.9900000000,-0.0059631661,-0.0068543413,-0.0038543413,-0.0089796129,-0.0084652438,-0.0030143413
2.459,0.9930337691,0.9870725754,0.9861800000,0.9891800000,0.9840360868,0.9845776046,0.9900000000,-0.0059611937,-0.0068537691,-0.0038537691,-0.0089976823,-0.0084561645,-0.0030337691
2.460,0.9930531492,0.9870939757,0.9862000000,0.9892000000,0.9840374452,0.9846061118,0.9900000000,-0.0059591736,-0.0068531492,-0.0038531492,-0.0090157040,-0.0084470374,-0.0030531492
2.461,0.9930724817,0.9871153759,0.9862200000,0.9892200000,0.9840388036,0.9846346190,0.9900000000,-0.0059571058,-0.0068524817,-0.0038524817,-0.0090336781,-0.0084378626,-0.0030724817
2.462,0.9930917667,0.9871367761,0.9862400000,0.9892400000,0.9840401620,0.9846631262,0.9900000000,-0.0059549905,-0.0068517667,-0.0038517667,-0.0090516047,-0.0084286404,-0.0030917667
2.463,0.9931110042,0.9871581764,0.9862600000,0.9892600000,0.9840415204,0.9846916334,0.9900000000,-0.0059528279,-0.0068510042,-0.0038510042,-0.0090694838,-0.0084193708,-0.0031110042
2.464,0.9931301944,0.9871795766,0.9862800000,0.9892800000,0.9840428788,0.9847201407,0.9900000000,-0.0059506178,-0.0068501944,-0.0038501944,-0.0090873156,-0.0084100538,-0.0031301944
2.465,0.9931493374,0.9872009768,0.9863000000,0.9893000000,0.9840442372,0.9847486479,0.9900000000,-0.0059483606,-0.0068493374,-0.0038493374,-0.0091051002,-0.0084006896,-0.0031493374
2.466,0.9931684333,0.9872223771,0.9863200000,0.9893200000,0.9840455956,0.9847771551,0.9900000000,-0.0059460562,-0.0068484333,-0.0038484333,-0.0091228377,-0.0083912782,-0.0031684333
2.467,0.9931874821,0.9872437773,0.9863400000,0.9893400000,0.9840469540,0.9848056623,0.9900000000,-0.0059437048,-0.0068474821,-0.0038474821,-0.0091405281,-0.0083818199,-0.0031874821
2.468,0.9932064840,0.9872651775,0.9863600000,0.9893600000,0.9840483124,0.9848341695,0.9900000000,-0.0059413065,-0.0068464840,-0.0038464840,-0.0091581716,-0.0083723146,-0.0032064840
2.469,0.9932254391,0.9872865778,0.9863800000,0.9893800000,0.9840496708,0.9848626767,0.9900000000,-0.0059388613,-0.0068454391,-0.0038454391,-0.0091757683,-0.0083627624,-0.0032254391
2.470,0.9932443474,0.9873079780,0.9864000000,0.9894000000,0.9840510292,0.9848911839,0.9900000000,-0.0059363694,-0.0068443474,-0.0038443474,-0.0091933182,-0.0083531635,-0.0032443474
2.471,0.9932632091,0.9873293782,0.9864200000,0.9894200000,0.9840523875,0.9849196911,0.9900000000,-0.0059338308,-0.0068432091,-0.0038432091,-0.0092108215,-0.0083435180,-0.0032632091
2.472,0.9932820242,0.9873507785,0.9864400000,0.9894400000,0.9840537459,0.9849481983,0.9900000000,-0.0059312457,-0.0068420242,-0.0038420242,-0.0092282782,-0.0083338259,-0.0032820242
2.473,0.9933007929,0.9873721787,0.9864600000,0.9894600000,0.9840551043,0.9849767055,0.9900000000,-0.0059286142,-0.0068407929,-0.0038407929,-0.0092456885,-0.0083240874,-0.0033007929
2.474,0.9933195152,0.9873935789,0.9864800000,0.9894800000,0.9840564627,0.9850052127,0.9900000000,-0.0059259362,-0.0068395152,-0.0038395152,-0.0092630524,-0.0083143025,-0.0033195152
2.475,0.9933381912,0.9874149792,0.9865000000,0.9895000000,0.9840578211,0.9850337199,0.9900000000,-0.0059232120,-0.0068381912,-0.0038381912,-0.0092803701,-0.0083044714,-0.0033381912
2.476,0.9933568211,0.9874363794,0.9865200000,0.9895200000,0.9840591795,0.9850622271,0.9900000000,-0.0059204417,-0.0068368211,-0.0038368211,-0.0092976416,-0.0082945940,-0.0033568211
2.477,0.9933754049,0.9874577796,0.9865400000,0.9895400000,0.9840605379,0.9850907343,0.9900000000,-0.0059176253,-0.0068354049,-0.0038354049,-0.0093148670,-0.0082846706,-0.0033754049
2.478,0.9933939427,0.9874791799,0.9865600000,0.9895600000,0.9840618963,0.9851192415,0.9900000000,-0.0059147629,-0.0068339427,-0.0038339427,-0.0093320464,-0.0082747013,-0.0033939427
2.479,0.9934124347,0.9875005801,0.9865800000,0.9895800000,0.9840632547,0.9851477487,0.9900000000,-0.0059118546,-0.0068324347,-0.0038324347,-0.0093491800,-0.0082646860,-0.0034124347
2.480,0.9934308809,0.9875219803,0.9866000000,0.9896000000,0.9840646131,0.9851762559,0.9900000000,-0.0059089005,-0.0068308809,-0.0038308809,-0.0093662678,-0.0082546250,-0.0034308809
2.481,0.9934492813,0.9875433806,0.9866200000,0.9896200000,0.9840659715,0.9852047631,0.9900000000,-0.0059059008,-0.0068292813,-0.0038292813,-0.0093833099,-0.0082445183,-0.0034492813
2.482,0.9934676362,0.9875647808,0.9866400000,0.9896400000,0.9840673299,0.9852332703,0.9900000000,-0.0059028554,-0.0068276362,-0.0038276362,-0.0094003064,-0.0082343660,-0.0034676362
2.483,0.9934859456,0.9875861810,0.9866600000,0.9896600000,0.9840686883,0.9852617775,0.9900000000,-0.0058997646,-0.0068259456,-0.0038259456,-0.0094172574,-0.0082241682,-0.0034859456
2.484,0.9935042096,0.9876075813,0.9866800000,0.9896800000,0.9840700467,0.9852902847,0.9900000000,-0.0058966283,-0.0068242096,-0.0038242096,-0.0094341629,-0.0082139249,-0.0035042096
2.485,0.9935224283,0.9876289815,0.9867000000,0.9897000000,0.9840714051,0.9853187919,0.9900000000,-0.0058934468,-0.0068224283,-0.0038224283,-0.0094510232,-0.0082036364,-0.0035224283
2.486,0.9935406017,0.9876503817,0.9867200000,0.9897200000,0.9840727634,0.9853472991,0.9900000000,-0.0058902200,-0.0068206017,-0.0038206017,-0.0094678383,-0.0081933027,-0.0035406017
2.487,0.9935587300,0.9876717820,0.9867400000,0.9897400000,0.9840741218,0.9853758063,0.9900000000,-0.0058869481,-0.0068187300,-0.0038187300,-0.0094846082,-0.0081829238,-0.0035587300
2.488,0.9935768133,0.9876931822,0.9867600000,0.9897600000,0.9840754802,0.9854043135,0.9900000000,-0.0058836311,-0.0068168133,-0.0038168133,-0.0095013331,-0.0081724999,-0.0035768133
2.489,0.9935948517,0.9877145824,0.9867800000,0.9897800000,0.9840768386,0.9854328207,0.9900000000,-0.0058802693,-0.0068148517,-0.0038148517,-0.0095180131,-0.0081620311,-0.0035948517
2.490,0.9936128452,0.9877359827,0.9868000000,0.9898000000,0.9840781970,0.9854613279,0.9900000000,-0.0058768626,-0.0068128452,-0.0038128452,-0.0095346482,-0.0081515174,-0.0036128452
2.491,0.9936307940,0.9877573829,0.9868200000,0.9898200000,0.9840795554,0.9854898351,0.9900000000,-0.0058734111,-0.0068107940,-0.0038107940,-0.0095512386,-0.0081409590,-0.0036307940
2.492,0.9936486981,0.9877787831,0.9868400000,0.9898400000,0.9840809138,0.9855183423,0.9900000000,-0.0058699150,-0.0068086981,-0.0038086981,-0.0095677843,-0.0081303559,-0.0036486981
2.493,0.9936665577,0.9878001834,0.9868600000,0.9898600000,0.9840822722,0.9855468495,0.9900000000,-0.0058663743,-0.0068065577,-0.0038065577,-0.0095842855,-0.0081197082,-0.0036665577
2.494,0.9936843728,0.9878215836,0.9868800000,0.9898800000,0.9840836306,0.9855753567,0.9900000000,-0.0058627892,-0.0068043728,-0.0038043728,-0.0096007422,-0.0081090161,-0.0036843728
2.495,0.9937021435,0.9878429838,0.9869000000,0.9899000000,0.9840849890,0.9856038639,0.9900000000,-0.0058591597,-0.0068021435,-0.0038021435,-0.0096171545,-0.0080982796,-0.0037021435
2.496,0.9937198699,0.9878643841,0.9869200000,0.9899200000,0.9840863474,0.9856323711,0.9900000000,-0.0058554858,-0.0067998699,-0.0037998699,-0.0096335225,-0.0080874989,-0.0037198699
2.497,0.9937375522,0.9878857843,0.9869400000,0.9899400000,0.9840877058,0.9856608783,0.9900000000,-0.0058517679,-0.0067975522,-0.0037975522,-0.0096498464,-0.0080766739,-0.0037375522
2.498,0.9937551903,0.9879071845,0.9869600000,0.9899600000,0.9840890642,0.9856893855,0.9900000000,-0.0058480058,-0.0067951903,-0.0037951903,-0.0096661261,-0.0080658048,-0.0037551903
2.499,0.9937727844,0.9879285848,0.9869800000,0.9899800000,0.9840904226,0.9857178927,0.9900000000,-0.0058441997,-0.0067927844,-0.0037927844,-0.0096823619,-0.0080548918,-0.0037727844
2.500,0.9937903347,0.9879499850,0.9870000000,0.9900000000,0.9840917809,0.9857463999,0.9900000000,-0.0058403497,-0.0067903347,-0.0037903347,-0.0096985537,-0.0080439348,-0.0037903347
2.501,0.9938078411,0.9879713852,0.9870200000,0.9900200000,0.9840931393,0.9857749071,0.9900000000,-0.0058364558,-0.0067878411,-0.0037878411,-0.0097147017,-0.0080329340,-0.0038078411
2.502,0.9938253038,0.9879927855,0.9870400000,0.9900400000,0.9840944977,0.9858034143,0.9900000000,-0.0058325183,-0.0067853038,-0.0037853038,-0.0097308060,-0.0080218895,-0.0038253038
2.503,0.9938427228,0.9880141857,0.9870600000,0.9900600000,0.9840958561,0.9858319215,0.9900000000,-0.0058285371,-0.0067827228,-0.0037827228,-0.0097468667,-0.0080108013,-0.0038427228
2.504,0.9938600983,0.9880355859,0.9870800000,0.9900800000,0.9840972145,0.9858604287,0.9900000000,-0.0058245123,-0.0067800983,-0.0037800983,-0.0097628838,-0.0079996696,-0.0038600983
2.505,0.9938774303,0.9880569862,0.9871000000,0.9901000000,0.9840985729,0.9858889359,0.9900000000,-0.0058204442,-0.0067774303,-0.0037774303,-0.0097788574,-0.0079884945,-0.0038774303
2.506,0.9938947190,0.9880783864,0.9871200000,0.9901200000,0.9840999313,0.9859174431,0.9900000000,-0.0058163326,-0.0067747190,-0.0037747190,-0.0097947877,-0.0079772759,-0.0038947190
2.507,0.9939119644,0.9880997866,0.9871400000,0.9901400000,0.9841012897,0.9859459503,0.9900000000,-0.0058121778,-0.0067719644,-0.0037719644,-0.0098106747,-0.0079660142,-0.0039119644
2.508,0.9939291666,0.9881211869,0.9871600000,0.9901600000,0.9841026481,0.9859744575,0.9900000000,-0.0058079798,-0.0067691666,-0.0037691666,-0.0098265185,-0.0079547092,-0.0039291666
2.509,0.9939463258,0.9881425871,0.9871800000,0.9901800000,0.9841040065,0.9860029647,0.9900000000,-0.0058037387,-0.0067663258,-0.0037663258,-0.0098423193,-0.0079433611,-0.0039463258
2.510,0.9939634419,0.9881639873,0.9872000000,0.9902000000,0.9841053649,0.9860314719,0.9900000000,-0.0057994546,-0.0067634419,-0.0037634419,-0.0098580770,-0.0079319701,-0.0039634419
2.511,0.9939805152,0.9881853876,0.9872200000,0.9902200000,0.9841067233,0.9860599791,0.9900000000,-0.0057951276,-0.0067605152,-0.0037605152,-0.0098737919,-0.0079205361,-0.0039805152
2.512,0.9939975456,0.9882067878,0.9872400000,0.9902400000,0.9841080817,0.9860884863,0.9900000000,-0.0057907577,-0.0067575456,-0.0037575456,-0.0098894639,-0.0079090593,-0.0039975456
2.513,0.9940145333,0.9882281881,0.9872600000,0.9902600000,0.9841094401,0.9861169935,0.9900000000,-0.0057863452,-0.0067545333,-0.0037545333,-0.0099050932,-0.0078975398,-0.0040145333
2.514,0.9940314783,0.9882495883,0.9872800000,0.9902800000,0.9841107985,0.9861455007,0.9900000000,-0.0057818900,-0.0067514783,-0.0037514783,-0.0099206799,-0.0078859776,-0.0040314783
2.515,0.9940483808,0.9882709885,0.9873000000,0.9903000000,0.9841121568,0.9861740079,0.9900000000,-0.0057773923,-0.0067483808,-0.0037483808,-0.0099362240,-0.0078743729,-0.0040483808
2.516,0.9940652409,0.9882923888,0.9873200000,0.9903200000,0.9841135152,0.9862025151,0.9900000000,-0.0057728521,-0.0067452409,-0.0037452409,-0.0099517256,-0.0078627258,-0.0040652409
2.517,0.9940820585,0.9883137890,0.9873400000,0.9903400000,0.9841148736,0.9862310223,0.9900000000,-0.0057682696,-0.0067420585,-0.0037420585,-0.0099671849,-0.0078510363,-0.0040820585
2.518,0.9940988339,0.9883351892,0.9873600000,0.9903600000,0.9841162320,0.9862595295,0.9900000000,-0.0057636447,-0.0067388339,-0.0037388339,-0.0099826019,-0.0078393045,-0.0040988339
2.519,0.9941155672,0.9883565895,0.9873800000,0.9903800000,0.9841175904,0.9862880367,0.9900000000,-0.0057589777,-0.0067355672,-0.0037355672,-0.0099979767,-0.0078275305,-0.0041155672
2.520,0.9941322583,0.9883779897,0.9874000000,0.9904000000,0.9841189488,0.9863165439,0.9900000000,-0.0057542686,-0.0067322583,-0.0037322583,-0.0100133095,-0.0078157144,-0.0041322583
2.521,0.9941489074,0.9883993899,0.9874200000,0.9904200000,0.9841203072,0.9863450511,0.9900000000,-0.0057495175,-0.0067289074,-0.0037289074,-0.0100286002,-0.0078038563,-0.0041489074
2.522,0.9941655146,0.9884207902,0.9874400000,0.9904400000,0.9841216656,0.9863735583,0.9900000000,-0.0057447244,-0.0067255146,-0.0037255146,-0.0100438490,-0.0077919563,-0.0041655146
2.523,0.9941820799,0.9884421904,0.9874600000,0.9904600000,0.9841230240,0.9864020655,0.9900000000,-0.0057398896,-0.0067220799,-0.0037220799,-0.0100590560,-0.0077800145,-0.0041820799
2.524,0.9941986036,0.9884635906,0.9874800000,0.9904800000,0.9841243824,0.9864305727,0.9900000000,-0.0057350129,-0.0067186036,-0.0037186036,-0.0100742212,-0.0077680309,-0.0041986036
2.525,0.9942150855,0.9884849909,0.9875000000,0.9905000000,0.9841257408,0.9864590799,0.9900000000,-0.0057300947,-0.0067150855,-0.0037150855,-0.0100893448,-0.0077560057,-0.0042150855
2.526,0.9942315259,0.9885063911,0.9875200000,0.9905200000,0.9841270992,0.9864875871,0.9900000000,-0.0057251348,-0.0067115259,-0.0037115259,-0.0101044268,-0.0077439389,-0.0042315259
2.527,0.9942479249,0.9885277913,0.9875400000,0.9905400000,0.9841284576,0.9865160943,0.9900000000,-0.0057201335,-0.0067079249,-0.0037079249,-0.0101194673,-0.0077318306,-0.0042479249
2.528,0.9942642824,0.9885491916,0.9875600000,0.9905600000,0.9841298160,0.9865446015,0.9900000000,-0.0057150908,-0.0067042824,-0.0037042824,-0.0101344664,-0.0077196809,-0.0042642824
2.529,0.9942805986,0.9885705918,0.9875800000,0.9905800000,0.9841311743,0.9865731087,0.9900000000,-0.0057100068,-0.0067005986,-0.0037005986,-0.0101494243,-0.0077074900,-0.0042805986
2.530,0.9942968737,0.9885919920,0.9876000000,0.9906000000,0.9841325327,0.9866016159,0.9900000000,-0.0057048816,-0.0066968737,-0.0036968737,-0.0101643409,-0.0076952578,-0.0042968737
2.531,0.9943131076,0.9886133923,0.9876200000,0.9906200000,0.9841338911,0.9866301231,0.9900000000,-0.0056997153,-0.0066931076,-0.0036931076,-0.0101792164,-0.0076829845,-0.0043131076
2.532,0.9943293004,0.9886347925,0.9876400000,0.9906400000,0.9841352495,0.9866586303,0.9900000000,-0.0056945079,-0.0066893004,-0.0036893004,-0.0101940509,-0.0076706702,-0.0043293004
2.533,0.9943454524,0.9886561927,0.9876600000,0.9906600000,0.9841366079,0.9866871375,0.9900000000,-0.0056892596,-0.0066854524,-0.0036854524,-0.0102088444,-0.0076583149,-0.0043454524
2.534,0.9943615634,0.9886775930,0.9876800000,0.9906800000,0.9841379663,0.9867156447,0.9900000000,-0.0056839705,-0.0066815634,-0.0036815634,-0.0102235971,-0.0076459187,-0.0043615634
2.535,0.9943776337,0.9886989932,0.9877000000,0.9907000000,0.9841393247,0.9867441519,0.9900000000,-0.0056786405,-0.0066776337,-0.0036776337,-0.0102383090,-0.0076334818,-0.0043776337
2.536,0.9943936633,0.9887203934,0.9877200000,0.9907200000,0.9841406831,0.9867726591,0.9900000000,-0.0056732699,-0.0066736633,-0.0036736633,-0.0102529802,-0.0076210042,-0.0043936633
2.537,0.9944096523,0.9887417937,0.9877400000,0.9907400000,0.9841420415,0.9868011663,0.9900000000,-0.0056678586,-0.0066696523,-0.0036696523,-0.0102676108,-0.0076084860,-0.0044096523
2.538,0.9944256008,0.9887631939,0.9877600000,0.9907600000,0.9841433999,0.9868296735,0.9900000000,-0.0056624069,-0.0066656008,-0.0036656008,-0.0102822009,-0.0075959273,-0.0044256008
2.539,0.9944415088,0.9887845941,0.9877800000,0.9907800000,0.9841447583,0.9868581807,0.9900000000,-0.0056569147,-0.0066615088,-0.0036615088,-0.0102967506,-0.0075833282,-0.0044415088
2.540,0.9944573766,0.9888059944,0.9878000000,0.9908000000,0.9841461167,0.9868866879,0.9900000000,-0.0056513822,-0.0066573766,-0.0036573766,-0.0103112599,-0.0075706887,-0.0044573766
2.541,0.9944732040,0.9888273946,0.9878200000,0.9908200000,0.9841474751,0.9869151951,0.9900000000,-0.0056458094,-0.0066532040,-0.0036532040,-0.0103257290,-0.0075580090,-0.0044732040
2.542,0.9944889913,0.9888487948,0.9878400000,0.9908400000,0.9841488335,0.9869437023,0.9900000000,-0.0056401965,-0.0066489913,-0.0036489913,-0.0103401579,-0.0075452891,-0.0044889913
2.543,0.9945047385,0.9888701951,0.9878600000,0.9908600000,0.9841501919,0.9869722095,0.9900000000,-0.0056345435,-0.0066447385,-0.0036447385,-0.0103545467,-0.0075325291,-0.0045047385
2.544,0.9945204458,0.9888915953,0.9878800000,0.9908800000,0.9841515502,0.9870007167,0.9900000000,-0.0056288505,-0.0066404458,-0.0036404458,-0.0103688955,-0.0075197291,-0.0045204458
2.545,0.9945361131,0.9889129955,0.9879000000,0.9909000000,0.9841529086,0.9870292239,0.9900000000,-0.0056231176,-0.0066361131,-0.0036361131,-0.0103832045,-0.0075068892,-0.0045361131
2.546,0.9945517406,0.9889343958,0.9879200000,0.9909200000,0.9841542670,0.9870577311,0.9900000000,-0.0056173448,-0.0066317406,-0.0036317406,-0.0103974736,-0.0074940095,-0.0045517406
2.547,0.9945673283,0.9889557960,0.9879400000,0.9909400000,0.9841556254,0.9870862383,0.9900000000,-0.0056115323,-0.0066273283,-0.0036273283,-0.0104117029,-0.0074810901,-0.0045673283
2.548,0.9945828764,0.9889771962,0.9879600000,0.9909600000,0.9841569838,0.9871147455,0.9900000000,-0.0056056802,-0.0066228764,-0.0036228764,-0.0104258926,-0.0074681310,-0.0045828764
2.549,0.9945983850,0.9889985965,0.9879800000,0.9909800000,0.9841583422,0.9871432527,0.9900000000,-0.0055997885,-0.0066183850,-0.0036183850,-0.0104400428,-0.0074551323,-0.0045983850
2.550,0.9946138540,0.9890199967,0.9880000000,0.9910000000,0.9841597006,0.9871717599,0.9900000000,-0.0055938573,-0.0066138540,-0.0036138540,-0.0104541534,-0.0074420942,-0.0046138540
2.551,0.9946292837,0.9890413969,0.9880200000,0.9910200000,0.9841610590,0.9872002671,0.9900000000,-0.0055878868,-0.0066092837,-0.0036092837,-0.0104682247,-0.0074290166,-0.0046292837
2.552,0.9946446741,0.9890627972,0.9880400000,0.9910400000,0.9841624174,0.9872287743,0.9900000000,-0.0055818769,-0.0066046741,-0.0036046741,-0.0104822567,-0.0074158998,-0.0046446741
2.553,0.9946600252,0.9890841974,0.9880600000,0.9910600000,0.9841637758,0.9872572815,0.9900000000,-0.0055758278,-0.0066000252,-0.0036000252,-0.0104962494,-0.0074027437,-0.0046600252
2.554,0.9946753372,0.9891055976,0.9880800000,0.9910800000,0.9841651342,0.9872857887,0.9900000000,-0.0055697395,-0.0065953372,-0.0035953372,-0.0105102030,-0.0073895485,-0.0046753372
2.555,0.9946906101,0.9891269979,0.9881000000,0.9911000000,0.9841664926,0.9873142959,0.9900000000,-0.0055636122,-0.0065906101,-0.0035906101,-0.0105241175,-0.0073763142,-0.0046906101
2.556,0.9947058441,0.9891483981,0.9881200000,0.9911200000,0.9841678510,0.9873428031,0.9900000000,-0.0055574459,-0.0065858441,-0.0035858441,-0.0105379931,-0.0073630410,-0.0047058441
2.557,0.9947210391,0.9891697983,0.9881400000,0.9911400000,0.9841692094,0.9873713103,0.9900000000,-0.0055512408,-0.0065810391,-0.0035810391,-0.0105518298,-0.0073497288,-0.0047210391
2.558,0.9947361954,0.9891911986,0.9881600000,0.9911600000,0.9841705677,0.9873998175,0.9900000000,-0.0055449968,-0.0065761954,-0.0035761954,-0.0105656276,-0.0073363779,-0.0047361954
2.559,0.9947513129,0.9892125988,0.9881800000,0.9911800000,0.9841719261,0.9874283247,0.9900000000,-0.0055387141,-0.0065713129,-0.0035713129,-0.0105793868,-0.0073229883,-0.0047513129
2.560,0.9947663918,0.9892339990,0.9882000000,0.9912000000,0.9841732845,0.9874568319,0.9900000000,-0.0055323928,-0.0065663918,-0.0035663918,-0.0105931073,-0.0073095600,-0.0047663918
2.561,0.9947814322,0.9892553993,0.9882200000,0.9912200000,0.9841746429,0.9874853391,0.9900000000,-0.0055260329,-0.0065614322,-0.0035614322,-0.0106067893,-0.0072960931,-0.0047814322
2.562,0.9947964341,0.9892767995,0.9882400000,0.9912400000,0.9841760013,0.9875138463,0.9900000000,-0.0055196346,-0.0065564341,-0.0035564341,-0.0106204328,-0.0072825878,-0.0047964341
2.563,0.9948113976,0.9892981997,0.9882600000,0.9912600000,0.9841773597,0.9875423535,0.9900000000,-0.0055131978,-0.0065513976,-0.0035513976,-0.0106340379,-0.0072690441,-0.0048113976
2.564,0.9948263228,0.9893196000,0.9882800000,0.9912800000,0.9841787181,0.9875708607,0.9900000000,-0.0055067228,-0.0065463228,-0.0035463228,-0.0106476047,-0.0072554621,-0.0048263228
2.565,0.9948412097,0.9893410002,0.9883000000,0.9913000000,0.9841800765,0.9875993679,0.9900000000,-0.0055002095,-0.0065412097,-0.0035412097,-0.0106611333,-0.0072418419,-0.0048412097
2.566,0.9948560586,0.9893624004,0.9883200000,0.9913200000,0.9841814349,0.9876278751,0.9900000000,-0.0054936581,-0.0065360586,-0.0035360586,-0.0106746237,-0.0072281835,-0.0048560586
2.567,0.9948708694,0.9893838007,0.9883400000,0.9913400000,0.9841827933,0.9876563823,0.9900000000,-0.0054870687,-0.0065308694,-0.0035308694,-0.0106880761,-0.0072144871,-0.0048708694
2.568,0.9948856422,0.9894052009,0.9883600000,0.9913600000,0.9841841517,0.9876848895,0.9900000000,-0.0054804413,-0.0065256422,-0.0035256422,-0.0107014905,-0.0072007527,-0.0048856422
2.569,0.9949003771,0.9894266012,0.9883800000,0.9913800000,0.9841855101,0.9877133967,0.9900000000,-0.0054737760,-0.0065203771,-0.0035203771,-0.0107148671,-0.0071869804,-0.0049003771
2.570,0.9949150743,0.9894480014,0.9884000000,0.9914000000,0.9841868685,0.9877419039,0.9900000000,-0.0054670729,-0.0065150743,-0.0035150743,-0.0107282058,-0.0071731704,-0.0049150743
2.571,0.9949297337,0.9894694016,0.9884200000,0.9914200000,0.9841882269,0.9877704111,0.9900000000,-0.0054603320,-0.0065097337,-0.0035097337,-0.0107415068,-0.0071593226,-0.0049297337
2.572,0.9949443554,0.9894908019,0.9884400000,0.9914400000,0.9841895853,0.9877989183,0.9900000000,-0.0054535536,-0.0065043554,-0.0035043554,-0.0107547702,-0.0071454371,-0.0049443554
2.573,0.9949589396,0.9895122021,0.9884600000,0.9914600000,0.9841909436,0.9878274255,0.9900000000,-0.0054467375,-0.0064989396,-0.0034989396,-0.0107679960,-0.0071315141,-0.0049589396
2.574,0.9949734863,0.9895336023,0.9884800000,0.9914800000,0.9841923020,0.9878559327,0.9900000000,-0.0054398840,-0.0064934863,-0.0034934863,-0.0107811843,-0.0071175537,-0.0049734863
2.575,0.9949879957,0.9895550026,0.9885000000,0.9915000000,0.9841936604,0.9878844399,0.9900000000,-0.0054329931,-0.0064879957,-0.0034879957,-0.0107943352,-0.0071035558,-0.0049879957
2.576,0.9950024677,0.9895764028,0.9885200000,0.9915200000,0.9841950188,0.9879129471,0.9900000000,-0.0054260649,-0.0064824677,-0.0034824677,-0.0108074489,-0.0070895206,-0.0050024677
2.577,0.9950169025,0.9895978030,0.9885400000,0.9915400000,0.9841963772,0.9879414543,0.9900000000,-0.0054190994,-0.0064769025,-0.0034769025,-0.0108205253,-0.0070754482,-0.0050169025
2.578,0.9950313001,0.9896192033,0.9885600000,0.9915600000,0.9841977356,0.9879699615,0.9900000000,-0.0054120968,-0.0064713001,-0.0034713001,-0.0108335645,-0.0070613386,-0.0050313001
2.579,0.9950456607,0.9896406035,0.9885800000,0.9915800000,0.9841990940,0.9879984687,0.9900000000,-0.0054050572,-0.0064656607,-0.0034656607,-0.0108465667,-0.0070471920,-0.0050456607
2.580,0.9950599842,0.9896620037,0.9886000000,0.9916000000,0.9842004524,0.9880269759,0.9900000000,-0.0053979805,-0.0064599842,-0.0034599842,-0.0108595318,-0.0070330084,-0.0050599842
2.581,0.9950742709,0.9896834040,0.9886200000,0.9916200000,0.9842018108,0.9880554831,0.9900000000,-0.0053908670,-0.0064542709,-0.0034542709,-0.0108724601,-0.0070187878,-0.0050742709
2.582,0.9950885208,0.9897048042,0.9886400000,0.9916400000,0.9842031692,0.9880839903,0.9900000000,-0.0053837166,-0.0064485208,-0.0034485208,-0.0108853516,-0.0070045305,-0.0050885208
2.583,0.9951027339,0.9897262044,0.9886600000,0.9916600000,0.9842045276,0.9881124975,0.9900000000,-0.0053765294,-0.0064427339,-0.0034427339,-0.0108982063,-0.0069902364,-0.0051027339
2.584,0.9951169103,0.9897476047,0.9886800000,0.9916800000,0.9842058860,0.9881410047,0.9900000000,-0.0053693056,-0.0064369103,-0.0034369103,-0.0109110243,-0.0069759056,-0.0051169103
2.585,0.9951310501,0.9897690049,0.9887000000,0.9917000000,0.9842072444,0.9881695119,0.9900000000,-0.0053620452,-0.0064310501,-0.0034310501,-0.0109238058,-0.0069615382,-0.0051310501
2.586,0.9951451535,0.9897904051,0.9887200000,0.9917200000,0.9842086028,0.9881980191,0.9900000000,-0.0053547483,-0.0064251535,-0.0034251535,-0.0109365507,-0.0069471344,-0.0051451535
2.587,0.9951592204,0.9898118054,0.9887400000,0.9917400000,0.9842099611,0.9882265263,0.9900000000,-0.0053474150,-0.0064192204,-0.0034192204,-0.0109492592,-0.0069326941,-0.0051592204
2.588,0.9951732510,0.9898332056,0.9887600000,0.9917600000,0.9842113195,0.9882550335,0.9900000000,-0.0053400454,-0.0064132510,-0.0034132510,-0.0109619314,-0.0069182175,-0.0051732510
2.589,0.9951872453,0.9898546058,0.9887800000,0.9917800000,0.9842126779,0.9882835407,0.9900000000,-0.0053326394,-0.0064072453,-0.0034072453,-0.0109745673,-0.0069037046,-0.0051872453
2.590,0.9952012034,0.9898760061,0.9888000000,0.9918000000,0.9842140363,0.9883120479,0.9900000000,-0.0053251973,-0.0064012034,-0.0034012034,-0.0109871671,-0.0068891555,-0.0052012034
2.591,0.9952151254,0.9898974063,0.9888200000,0.9918200000,0.9842153947,0.9883405551,0.9900000000,-0.0053177191,-0.0063951254,-0.0033951254,-0.0109997307,-0.0068745703,-0.0052151254
2.592,0.9952290114,0.9899188065,0.9888400000,0.9918400000,0.9842167531,0.9883690623,0.9900000000,-0.0053102049,-0.0063890114,-0.0033890114,-0.0110122583,-0.0068599491,-0.0052290114
2.593,0.9952428615,0.9899402068,0.9888600000,0.9918600000,0.9842181115,0.9883975695,0.9900000000,-0.0053026547,-0.0063828615,-0.0033828615,-0.0110247500,-0.0068452920,-0.0052428615
2.594,0.9952566757,0.9899616070,0.9888800000,0.9918800000,0.9842194699,0.9884260767,0.9900000000,-0.0052950687,-0.0063766757,-0.0033766757,-0.0110372058,-0.0068305990,-0.0052566757
2.595,0.9952704541,0.9899830072,0.9889000000,0.9919000000,0.9842208283,0.9884545839,0.9900000000,-0.0052874468,-0.0063704541,-0.0033704541,-0.0110496258,-0.0068158702,-0.0052704541
2.596,0.9952841967,0.9900044075,0.9889200000,0.9919200000,0.9842221867,0.9884830911,0.9900000000,-0.0052797893,-0.0063641967,-0.0033641967,-0.0110620101,-0.0068011057,-0.0052841967
2.597,0.9952979038,0.9900258077,0.9889400000,0.9919400000,0.9842235451,0.9885115983,0.9900000000,-0.0052720961,-0.0063579038,-0.0033579038,-0.0110743587,-0.0067863055,-0.0052979038
2.598,0.9953115753,0.9900472079,0.9889600000,0.9919600000,0.9842249035,0.9885401055,0.9900000000,-0.0052643674,-0.0063515753,-0.0033515753,-0.0110866718,-0.0067714698,-0.0053115753
2.599,0.9953252113,0.9900686082,0.9889800000,0.9919800000,0.9842262619,0.9885686127,0.9900000000,-0.0052566032,-0.0063452113,-0.0033452113,-0.0110989495,-0.0067565986,-0.0053252113
2.600,0.9953388120,0.9900900084,0.9890000000,0.9920000000,0.9842276203,0.9885971199,0.9900000000,-0.0052488036,-0.0063388120,-0.0033388120,-0.0111111917,-0.0067416921,-0.0053388120
2.601,0.9953523773,0.9901114086,0.9890200000,0.9920200000,0.9842289786,0.9886256271,0.9900000000,-0.0052409687,-0.0063323773,-0.0033323773,-0.0111233987,-0.0067267502,-0.0053523773
2.602,0.9953659074,0.9901328089,0.9890400000,0.9920400000,0.9842303370,0.9886541343,0.9900000000,-0.0052330985,-0.0063259074,-0.0033259074,-0.0111355703,-0.0067117731,-0.0053659074
2.603,0.9953794023,0.9901542091,0.9890600000,0.9920600000,0.9842316954,0.9886826415,0.9900000000,-0.0052251932,-0.0063194023,-0.0033194023,-0.0111477069,-0.0066967608,-0.0053794023
2.604,0.9953928622,0.9901756093,0.9890800000,0.9920800000,0.9842330538,0.9887111487,0.9900000000,-0.0052172528,-0.0063128622,-0.0033128622,-0.0111598083,-0.0066817135,-0.0053928622
2.605,0.9954062870,0.9901970096,0.9891000000,0.9921000000,0.9842344122,0.9887396559,0.9900000000,-0.0052092774,-0.0063062870,-0.0033062870,-0.0111718748,-0.0066666311,-0.0054062870
2.606,0.9954196769,0.9902184098,0.9891200000,0.9921200000,0.9842357706,0.9887681631,0.9900000000,-0.0052012671,-0.0062996769,-0.0032996769,-0.0111839063,-0.0066515138,-0.0054196769
2.607,0.9954330320,0.9902398100,0.9891400000,0.9921400000,0.9842371290,0.9887966703,0.9900000000,-0.0051932219,-0.0062930320,-0.0032930320,-0.0111959030,-0.0066363617,-0.0054330320
2.608,0.9954463523,0.9902612103,0.9891600000,0.9921600000,0.9842384874,0.9888251775,0.9900000000,-0.0051851420,-0.0062863523,-0.0032863523,-0.0112078649,-0.0066211748,-0.0054463523
2.609,0.9954596379,0.9902826105,0.9891800000,0.9921800000,0.9842398458,0.9888536847,0.9900000000,-0.0051770274,-0.0062796379,-0.0032796379,-0.0112197921,-0.0066059532,-0.0054596379
2.610,0.9954728889,0.9903040107,0.9892000000,0.9922000000,0.9842412042,0.9888821919,0.9900000000,-0.0051688781,-0.0062728889,-0.0032728889,-0.0112316847,-0.0065906970,-0.0054728889
2.611,0.9954861053,0.9903254110,0.9892200000,0.9922200000,0.9842425626,0.9889106991,0.9900000000,-0.0051606943,-0.0062661053,-0.0032661053,-0.0112435427,-0.0065754062,-0.0054861053
2.612,0.9954992873,0.9903468112,0.9892400000,0.9922400000,0.9842439210,0.9889392063,0.9900000000,-0.0051524761,-0.0062592873,-0.0032592873,-0.0112553663,-0.0065600810,-0.0054992873
2.613,0.9955124349,0.9903682114,0.9892600000,0.9922600000,0.9842452794,0.9889677135,0.9900000000,-0.0051442234,-0.0062524349,-0.0032524349,-0.0112671555,-0.0065447214,-0.0055124349
2.614,0.9955255482,0.9903896117,0.9892800000,0.9922800000,0.9842466378,0.9889962207,0.9900000000,-0.0051359365,-0.0062455482,-0.0032455482,-0.0112789104,-0.0065293275,-0.0055255482
2.615,0.9955386272,0.9904110119,0.9893000000,0.9923000000,0.9842479962,0.9890247279,0.9900000000,-0.0051276153,-0.0062386272,-0.0032386272,-0.0112906311,-0.0065138993,-0.0055386272
2.616,0.9955516721,0.9904324121,0.9893200000,0.9923200000,0.9842493545,0.9890532351,0.9900000000,-0.0051192600,-0.0062316721,-0.0032316721,-0.0113023176,-0.0064984370,-0.0055516721
2.617,0.9955646829,0.9904538124,0.9893400000,0.9923400000,0.9842507129,0.9890817423,0.9900000000,-0.0051108706,-0.0062246829,-0.0032246829,-0.0113139700,-0.0064829406,-0.0055646829
2.618,0.9955776597,0.9904752126,0.9893600000,0.9923600000,0.9842520713,0.9891102495,0.9900000000,-0.0051024471,-0.0062176597,-0.0032176597,-0.0113255884,-0.0064674103,-0.0055776597
2.619,0.9955906026,0.9904966128,0.9893800000,0.9923800000,0.9842534297,0.9891387567,0.9900000000,-0.0050939898,-0.0062106026,-0.0032106026,-0.0113371729,-0.0064518459,-0.0055906026
2.620,0.9956035117,0.9905180131,0.9894000000,0.9924000000,0.9842547881,0.9891672639,0.9900000000,-0.0050854986,-0.0062035117,-0.0032035117,-0.0113487235,-0.0064362478,-0.0056035117
2.621,0.9956163869,0.9905394133,0.9894200000,0.9924200000,0.9842561465,0.9891957711,0.9900000000,-0.0050769736,-0.0061963869,-0.0031963869,-0.0113602404,-0.0064206158,-0.0056163869
2.622,0.9956292285,0.9905608135,0.9894400000,0.9924400000,0.9842575049,0.9892242783,0.9900000000,-0.0050684149,-0.0061892285,-0.0031892285,-0.0113717235,-0.0064049502,-0.0056292285
2.623,0.9956420364,0.9905822138,0.9894600000,0.9924600000,0.9842588633,0.9892527855,0.9900000000,-0.0050598226,-0.0061820364,-0.0031820364,-0.0113831731,-0.0063892509,-0.0056420364
2.624,0.9956548107,0.9906036140,0.9894800000,0.9924800000,0.9842602217,0.9892812927,0.9900000000,-0.0050511967,-0.0061748107,-0.0031748107,-0.0113945891,-0.0063735180,-0.0056548107
2.625,0.9956675516,0.9906250142,0.9895000000,0.9925000000,0.9842615801,0.9893097999,0.9900000000,-0.0050425374,-0.0061675516,-0.0031675516,-0.0114059716,-0.0063577517,-0.0056675516
2.626,0.9956802591,0.9906464145,0.9895200000,0.9925200000,0.9842629385,0.9893383071,0.9900000000,-0.0050338446,-0.0061602591,-0.0031602591,-0.0114173207,-0.0063419520,-0.0056802591
2.627,0.9956929333,0.9906678147,0.9895400000,0.9925400000,0.9842642969,0.9893668143,0.9900000000,-0.0050251186,-0.0061529333,-0.0031529333,-0.0114286364,-0.0063261190,-0.0056929333
2.628,0.9957055742,0.9906892150,0.9895600000,0.9925600000,0.9842656553,0.9893953215,0.9900000000,-0.0050163593,-0.0061455742,-0.0031455742,-0.0114399190,-0.0063102527,-0.0057055742
2.629,0.9957181820,0.9907106152,0.9895800000,0.9925800000,0.9842670137,0.9894238287,0.9900000000,-0.0050075668,-0.0061381820,-0.0031381820,-0.0114511683,-0.0062943533,-0.0057181820
2.630,0.9957307566,0.9907320154,0.9896000000,0.9926000000,0.9842683720,0.9894523359,0.9900000000,-0.0049987412,-0.0061307566,-0.0031307566,-0.0114623845,-0.0062784207,-0.0057307566
2.631,0.9957432982,0.9907534157,0.9896200000,0.9926200000,0.9842697304,0.9894808431,0.9900000000,-0.0049898825,-0.0061232982,-0.0031232982,-0.0114735678,-0.0062624551,-0.0057432982
2.632,0.9957558069,0.9907748159,0.9896400000,0.9926400000,0.9842710888,0.9895093503,0.9900000000,-0.0049809910,-0.0061158069,-0.0031158069,-0.0114847180,-0.0062464566,-0.0057558069
2.633,0.9957682826,0.9907962161,0.9896600000,0.9926600000,0.9842724472,0.9895378575,0.9900000000,-0.0049720665,-0.0061082826,-0.0031082826,-0.0114958354,-0.0062304251,-0.0057682826
2.634,0.9957807256,0.9908176164,0.9896800000,0.9926800000,0.9842738056,0.9895663647,0.9900000000,-0.0049631092,-0.0061007256,-0.0031007256,-0.0115069200,-0.0062143609,-0.0057807256
2.635,0.9957931358,0.9908390166,0.9897000000,0.9927000000,0.9842751640,0.9895948719,0.9900000000,-0.0049541193,-0.0060931358,-0.0030931358,-0.0115179718,-0.0061982639,-0.0057931358
2.636,0.9958055134,0.9908604168,0.9897200000,0.9927200000,0.9842765224,0.9896233791,0.9900000000,-0.0049450966,-0.0060855134,-0.0030855134,-0.0115289910,-0.0061821343,-0.0058055134
2.637,0.9958178584,0.9908818171,0.9897400000,0.9927400000,0.9842778808,0.9896518863,0.9900000000,-0.0049360414,-0.0060778584,-0.0030778584,-0.0115399776,-0.0061659721,-0.0058178584
2.638,0.9958301709,0.9909032173,0.9897600000,0.9927600000,0.9842792392,0.9896803935,0.9900000000,-0.0049269536,-0.0060701709,-0.0030701709,-0.0115509317,-0.0061497774,-0.0058301709
2.639,0.9958424510,0.9909246175,0.9897800000,0.9927800000,0.9842805976,0.9897089007,0.9900000000,-0.0049178334,-0.0060624510,-0.0030624510,-0.0115618534,-0.0061335503,-0.0058424510
2.640,0.9958546986,0.9909460178,0.9898000000,0.9928000000,0.9842819560,0.9897374079,0.9900000000,-0.0049086809,-0.0060546986,-0.0030546986,-0.0115727427,-0.0061172907,-0.0058546986
2.641,0.9958669140,0.9909674180,0.9898200000,0.9928200000,0.9842833144,0.9897659151,0.9900000000,-0.0048994960,-0.0060469140,-0.0030469140,-0.0115835997,-0.0061009989,-0.0058669140
2.642,0.9958790972,0.9909888182,0.9898400000,0.9928400000,0.9842846728,0.9897944223,0.9900000000,-0.0048902790,-0.0060390972,-0.0030390972,-0.0115944244,-0.0060846749,-0.0058790972
2.643,0.9958912482,0.9910102185,0.9898600000,0.9928600000,0.9842860312,0.9898229295,0.9900000000,-0.0048810298,-0.0060312482,-0.0030312482,-0.0116052171,-0.0060683187,-0.0058912482
2.644,0.9959033672,0.9910316187,0.9898800000,0.9928800000,0.9842873896,0.9898514367,0.9900000000,-0.0048717485,-0.0060233672,-0.0030233672,-0.0116159776,-0.0060519305,-0.0059033672
2.645,0.9959154541,0.9910530189,0.9899000000,0.9929000000,0.9842887479,0.9898799439,0.9900000000,-0.0048624352,-0.0060154541,-0.0030154541,-0.0116267062,-0.0060355102,-0.0059154541
2.646,0.9959275092,0.9910744192,0.9899200000,0.9929200000,0.9842901063,0.9899084511,0.9900000000,-0.0048530900,-0.0060075092,-0.0030075092,-0.0116374028,-0.0060190581,-0.0059275092
2.647,0.9959395323,0.9910958194,0.9899400000,0.9929400000,0.9842914647,0.9899369583,0.9900000000,-0.0048437130,-0.0059995323,-0.0029995323,-0.0116480676,-0.0060025740,-0.0059395323
2.648,0.9959515237,0.9911172196,0.9899600000,0.9929600000,0.9842928231,0.9899654655,0.9900000000,-0.0048343041,-0.0059915237,-0.0029915237,-0.0116587006,-0.0059860582,-0.0059515237
2.649,0.9959634834,0.9911386199,0.9899800000,0.9929800000,0.9842941815,0.9899939727,0.9900000000,-0.0048248636,-0.0059834834,-0.0029834834,-0.0116693019,-0.0059695107,-0.0059634834
2.650,0.9959754115,0.9911600201,0.9900000000,0.9930000000,0.9842955399,0.9900224799,0.9900000000,-0.0048153914,-0.0059754115,-0.0029754115,-0.0116798715,-0.0059529316,-0.0059754115
2.651,0.9959873079,0.9911814203,0.9900200000,0.9930200000,0.9842968983,0.9900509871,0.9900000000,-0.0048058876,-0.0059673079,-0.0029673079,-0.0116904096,-0.0059363208,-0.0059873079
2.652,0.9959991729,0.9912028206,0.9900400000,0.9930400000,0.9842982567,0.9900794943,0.9900000000,-0.0047963523,-0.0059591729,-0.0029591729,-0.0117009162,-0.0059196786,-0.0059991729
2.653,0.9960110065,0.9912242208,0.9900600000,0.9930600000,0.9842996151,0.9901080015,0.9900000000,-0.0047867857,-0.0059510065,-0.0029510065,-0.0117113914,-0.0059030050,-0.0060110065
2.654,0.9960228087,0.9912456210,0.9900800000,0.9930800000,0.9843009735,0.9901365087,0.9900000000,-0.0047771876,-0.0059428087,-0.0029428087,-0.0117218352,-0.0058863000,-0.0060228087
2.655,0.9960345796,0.9912670213,0.9901000000,0.9931000000,0.9843023319,0.9901650159,0.9900000000,-0.0047675583,-0.0059345796,-0.0029345796,-0.0117322477,-0.0058695637,-0.0060345796
2.656,0.9960463193,0.9912884215,0.9901200000,0.9931200000,0.9843036903,0.9901935231,0.9900000000,-0.0047578978,-0.0059263193,-0.0029263193,-0.0117426290,-0.0058527962,-0.0060463193
2.657,0.9960580278,0.9913098217,0.9901400000,0.9931400000,0.9843050487,0.9902220303,0.9900000000,-0.0047482061,-0.0059180278,-0.0029180278,-0.0117529792,-0.0058359975,-0.0060580278
2.658,0.9960697053,0.9913312220,0.9901600000,0.9931600000,0.9843064071,0.9902505375,0.9900000000,-0.0047384834,-0.0059097053,-0.0029097053,-0.0117632983,-0.0058191678,-0.0060697053
2.659,0.9960813519,0.9913526222,0.9901800000,0.9931800000,0.9843077654,0.9902790447,0.9900000000,-0.0047287296,-0.0059013519,-0.0029013519,-0.0117735864,-0.0058023071,-0.0060813519
2.660,0.9960929674,0.9913740224,0.9902000000,0.9932000000,0.9843091238,0.9903075519,0.9900000000,-0.0047189450,-0.0058929674,-0.0028929674,-0.0117838436,-0.0057854155,-0.0060929674
2.661,0.9961045521,0.9913954227,0.9902200000,0.9932200000,0.9843104822,0.9903360591,0.9900000000,-0.0047091295,-0.0058845521,-0.0028845521,-0.0117940699,-0.0057684930,-0.0061045521
2.662,0.9961161061,0.9914168229,0.9902400000,0.9932400000,0.9843118406,0.9903645663,0.9900000000,-0.0046992832,-0.0058761061,-0.0028761061,-0.0118042654,-0.0057515398,-0.0061161061
2.663,0.9961276293,0.9914382231,0.9902600000,0.9932600000,0.9843131990,0.9903930735,0.9900000000,-0.0046894062,-0.0058676293,-0.0028676293,-0.0118144303,-0.0057345558,-0.0061276293
2.664,0.9961391219,0.9914596234,0.9902800000,0.9932800000,0.9843145574,0.9904215807,0.9900000000,-0.0046794985,-0.0058591219,-0.0028591219,-0.0118245645,-0.0057175412,-0.0061391219
2.665,0.9961505839,0.9914810236,0.9903000000,0.9933000000,0.9843159158,0.9904500879,0.9900000000,-0.0046695603,-0.0058505839,-0.0028505839,-0.0118346681,-0.0057004960,-0.0061505839
2.666,0.9961620154,0.9915024238,0.9903200000,0.9933200000,0.9843172742,0.9904785951,0.9900000000,-0.0046595915,-0.0058420154,-0.0028420154,-0.0118447412,-0.0056834202,-0.0061620154
2.667,0.9961734164,0.9915238241,0.9903400000,0.9933400000,0.9843186326,0.9905071023,0.9900000000,-0.0046495923,-0.0058334164,-0.0028334164,-0.0118547838,-0.0056663141,-0.0061734164
2.668,0.9961847871,0.9915452243,0.9903600000,0.9933600000,0.9843199910,0.9905356095,0.9900000000,-0.0046395628,-0.0058247871,-0.0028247871,-0.0118647961,-0.0056491776,-0.0061847871
2.669,0.9961961275,0.9915666245,0.9903800000,0.9933800000,0.9843213494,0.9905641167,0.9900000000,-0.0046295029,-0.0058161275,-0.0028161275,-0.0118747781,-0.0056320108,-0.0061961275
2.670,0.9962074377,0.9915880248,0.9904000000,0.9934000000,0.9843227078,0.9905926239,0.9900000000,-0.0046194129,-0.0058074377,-0.0028074377,-0.0118847299,-0.0056148137,-0.0062074377
2.671,0.9962187177,0.9916094250,0.9904200000,0.9934200000,0.9843240662,0.9906211311,0.9900000000,-0.0046092926,-0.0057987177,-0.0027987177,-0.0118946515,-0.0055975866,-0.0062187177
2.672,0.9962299676,0.9916308252,0.9904400000,0.9934400000,0.9843254246,0.9906496383,0.9900000000,-0.0045991423,-0.0057899676,-0.0027899676,-0.0119045430,-0.0055803293,-0.0062299676
2.673,0.9962411875,0.9916522255,0.9904600000,0.9934600000,0.9843267830,0.9906781455,0.9900000000,-0.0045889620,-0.0057811875,-0.0027811875,-0.0119144045,-0.0055630420,-0.0062411875
2.674,0.9962523774,0.9916736257,0.9904800000,0.9934800000,0.9843281413,0.9907066527,0.9900000000,-0.0045787517,-0.0057723774,-0.0027723774,-0.0119242361,-0.0055457247,-0.0062523774
2.675,0.9962635375,0.9916950259,0.9905000000,0.9935000000,0.9843294997,0.9907351599,0.9900000000,-0.0045685115,-0.0057635375,-0.0027635375,-0.0119340378,-0.0055283776,-0.0062635375
2.676,0.9962746677,0.9917164262,0.9905200000,0.9935200000,0.9843308581,0.9907636671,0.9900000000,-0.0045582416,-0.0057546677,-0.0027546677,-0.0119438096,-0.0055110006,-0.0062746677
2.677,0.9962857683,0.9917378264,0.9905400000,0.9935400000,0.9843322165,0.9907921743,0.9900000000,-0.0045479418,-0.0057457683,-0.0027457683,-0.0119535517,-0.0054935939,-0.0062857683
2.678,0.9962968391,0.9917592266,0.9905600000,0.9935600000,0.9843335749,0.9908206815,0.9900000000,-0.0045376124,-0.0057368391,-0.0027368391,-0.0119632642,-0.0054761576,-0.0062968391
2.679,0.9963078803,0.9917806269,0.9905800000,0.9935800000,0.9843349333,0.9908491887,0.9900000000,-0.0045272534,-0.0057278803,-0.0027278803,-0.0119729470,-0.0054586916,-0.0063078803
2.680,0.9963188920,0.9918020271,0.9906000000,0.9936000000,0.9843362917,0.9908776959,0.9900000000,-0.0045168649,-0.0057188920,-0.0027188920,-0.0119826003,-0.0054411961,-0.0063188920
2.681,0.9963298742,0.9918234273,0.9906200000,0.9936200000,0.9843376501,0.9909062031,0.9900000000,-0.0045064469,-0.0057098742,-0.0027098742,-0.0119922241,-0.0054236711,-0.0063298742
2.682,0.9963408270,0.9918448276,0.9906400000,0.9936400000,0.9843390085,0.9909347103,0.9900000000,-0.0044959994,-0.0057008270,-0.0027008270,-0.0120018185,-0.0054061167,-0.0063408270
2.683,0.9963517505,0.9918662278,0.9906600000,0.9936600000,0.9843403669,0.9909632175,0.9900000000,-0.0044855227,-0.0056917505,-0.0026917505,-0.0120113836,-0.0053885330,-0.0063517505
2.684,0.9963626447,0.9918876281,0.9906800000,0.9936800000,0.9843417253,0.9909917247,0.9900000000,-0.0044750166,-0.0056826447,-0.0026826447,-0.0120209194,-0.0053709200,-0.0063626447
2.685,0.9963735097,0.9919090283,0.9907000000,0.9937000000,0.9843430837,0.9910202319,0.9900000000,-0.0044644814,-0.0056735097,-0.0026735097,-0.0120304260,-0.0053532778,-0.0063735097
2.686,0.9963843456,0.9919304285,0.9907200000,0.9937200000,0.9843444421,0.9910487391,0.9900000000,-0.0044539170,-0.0056643456,-0.0026643456,-0.0120399035,-0.0053356064,-0.0063843456
2.687,0.9963951524,0.9919518288,0.9907400000,0.9937400000,0.9843458005,0.9910772463,0.9900000000,-0.0044433236,-0.0056551524,-0.0026551524,-0.0120493519,-0.0053179061,-0.0063951524
2.688,0.9964059302,0.9919732290,0.9907600000,0.9937600000,0.9843471588,0.9911057535,0.9900000000,-0.0044327012,-0.0056459302,-0.0026459302,-0.0120587713,-0.0053001767,-0.0064059302
2.689,0.9964166790,0.9919946292,0.9907800000,0.9937800000,0.9843485172,0.9911342607,0.9900000000,-0.0044220498,-0.0056366790,-0.0026366790,-0.0120681618,-0.0052824183,-0.0064166790
2.690,0.9964273990,0.9920160295,0.9908000000,0.9938000000,0.9843498756,0.9911627679,0.9900000000,-0.0044113696,-0.0056273990,-0.0026273990,-0.0120775234,-0.0052646311,-0.0064273990
2.691,0.9964380903,0.9920374297,0.9908200000,0.9938200000,0.9843512340,0.9911912751,0.9900000000,-0.0044006606,-0.0056180903,-0.0026180903,-0.0120868562,-0.0052468151,-0.0064380903
2.692,0.9964487527,0.9920588299,0.9908400000,0.9938400000,0.9843525924,0.9912197823,0.9900000000,-0.0043899228,-0.0056087527,-0.0026087527,-0.0120961603,-0.0052289704,-0.0064487527
2.693,0.9964593865,0.9920802302,0.9908600000,0.9938600000,0.9843539508,0.9912482895,0.9900000000,-0.0043791564,-0.0055993865,-0.0025993865,-0.0121054357,-0.0052110970,-0.0064593865
2.694,0.9964699918,0.9921016304,0.9908800000,0.9938800000,0.9843553092,0.9912767967,0.9900000000,-0.0043683614,-0.0055899918,-0.0025899918,-0.0121146826,-0.0051931950,-0.0064699918
2.695,0.9964805684,0.9921230306,0.9909000000,0.9939000000,0.9843566676,0.9913053039,0.9900000000,-0.0043575378,-0.0055805684,-0.0025805684,-0.0121239008,-0.0051752645,-0.0064805684
2.696,0.9964911167,0.9921444309,0.9909200000,0.9939200000,0.9843580260,0.9913338111,0.9900000000,-0.0043466858,-0.0055711167,-0.0025711167,-0.0121330907,-0.0051573056,-0.0064911167
2.697,0.9965016365,0.9921658311,0.9909400000,0.9939400000,0.9843593844,0.9913623183,0.9900000000,-0.0043358054,-0.0055616365,-0.0025616365,-0.0121422521,-0.0051393182,-0.0065016365
2.698,0.9965121280,0.9921872313,0.9909600000,0.9939600000,0.9843607428,0.9913908255,0.9900000000,-0.0043248966,-0.0055521280,-0.0025521280,-0.0121513852,-0.0051213025,-0.0065121280
2.699,0.9965225912,0.9922086316,0.9909800000,0.9939800000,0.9843621012,0.9914193327,0.9900000000,-0.0043139596,-0.0055425912,-0.0025425912,-0.0121604900,-0.0051032585,-0.0065225912
2.700,0.9965330262,0.9922300318,0.9910000000,0.9940000000,0.9843634596,0.9914478399,0.9900000000,-0.0043029944,-0.0055330262,-0.0025330262,-0.0121695666,-0.0050851863,-0.0065330262
2.701,0.9965434331,0.9922514320,0.9910200000,0.9940200000,0.9843648180,0.9914763471,0.9900000000,-0.0042920010,-0.0055234331,-0.0025234331,-0.0121786151,-0.0050670860,-0.0065434331
2.702,0.9965538119,0.9922728323,0.9910400000,0.9940400000,0.9843661764,0.9915048543,0.9900000000,-0.0042809796,-0.0055138119,-0.0025138119,-0.0121876355,-0.0050489576,-0.0065538119
2.703,0.9965641627,0.9922942325,0.9910600000,0.9940600000,0.9843675347,0.9915333615,0.9900000000,-0.0042699302,-0.0055041627,-0.0025041627,-0.0121966279,-0.0050308012,-0.0065641627
2.704,0.9965744855,0.9923156327,0.9910800000,0.9940800000,0.9843688931,0.9915618687,0.9900000000,-0.0042588528,-0.0054944855,-0.0024944855,-0.0122055924,-0.0050126168,-0.0065744855
2.705,0.9965847805,0.9923370330,0.9911000000,0.9941000000,0.9843702515,0.9915903759,0.9900000000,-0.0042477476,-0.0054847805,-0.0024847805,-0.0122145290,-0.0049944046,-0.0065847805
2.706,0.9965950477,0.9923584332,0.9911200000,0.9941200000,0.9843716099,0.9916188831,0.9900000000,-0.0042366145,-0.0054750477,-0.0024750477,-0.0122234378,-0.0049761646,-0.0065950477
2.707,0.9966052871,0.9923798334,0.9911400000,0.9941400000,0.9843729683,0.9916473903,0.9900000000,-0.0042254537,-0.0054652871,-0.0024652871,-0.0122323188,-0.0049578968,-0.0066052871
2.708,0.9966154989,0.9924012337,0.9911600000,0.9941600000,0.9843743267,0.9916758975,0.9900000000,-0.0042142652,-0.0054554989,-0.0024554989,-0.0122411722,-0.0049396014,-0.0066154989
2.709,0.9966256830,0.9924226339,0.9911800000,0.9941800000,0.9843756851,0.9917044047,0.9900000000,-0.0042030491,-0.0054456830,-0.0024456830,-0.0122499979,-0.0049212783,-0.0066256830
2.710,0.9966358396,0.9924440341,0.9912000000,0.9942000000,0.9843770435,0.9917329119,0.9900000000,-0.0041918055,-0.0054358396,-0.0024358396,-0.0122587961,-0.0049029277,-0.0066358396
2.711,0.9966459687,0.9924654344,0.9912200000,0.9942200000,0.9843784019,0.9917614191,0.9900000000,-0.0041805343,-0.0054259687,-0.0024259687,-0.0122675668,-0.0048845496,-0.0066459687
2.712,0.9966560704,0.9924868346,0.9912400000,0.9942400000,0.9843797603,0.9917899263,0.9900000000,-0.0041692358,-0.0054160704,-0.0024160704,-0.0122763101,-0.0048661440,-0.0066560704
2.713,0.9966661447,0.9925082348,0.9912600000,0.9942600000,0.9843811187,0.9918184335,0.9900000000,-0.0041579098,-0.0054061447,-0.0024061447,-0.0122850260,-0.0048477112,-0.0066661447
2.714,0.9966761917,0.9925296351,0.9912800000,0.9942800000,0.9843824771,0.9918469407,0.9900000000,-0.0041465566,-0.0053961917,-0.0023961917,-0.0122937146,-0.0048292510,-0.0066761917
2.715,0.9966862115,0.9925510353,0.9913000000,0.9943000000,0.9843838355,0.9918754479,0.9900000000,-0.0041351762,-0.0053862115,-0.0023862115,-0.0123023760,-0.0048107636,-0.0066862115
2.716,0.9966962041,0.9925724355,0.9913200000,0.9943200000,0.9843851939,0.9919039551,0.9900000000,-0.0041237686,-0.0053762041,-0.0023762041,-0.0123110102,-0.0047922490,-0.0066962041
2.717,0.9967061696,0.9925938358,0.9913400000,0.9943400000,0.9843865522,0.9919324623,0.9900000000,-0.0041123338,-0.0053661696,-0.0023661696,-0.0123196174,-0.0047737073,-0.0067061696
2.718,0.9967161081,0.9926152360,0.9913600000,0.9943600000,0.9843879106,0.9919609695,0.9900000000,-0.0041008721,-0.0053561081,-0.0023561081,-0.0123281975,-0.0047551386,-0.0067161081
2.719,0.9967260196,0.9926366362,0.9913800000,0.9943800000,0.9843892690,0.9919894767,0.9900000000,-0.0040893834,-0.0053460196,-0.0023460196,-0.0123367506,-0.0047365429,-0.0067260196
2.720,0.9967359042,0.9926580365,0.9914000000,0.9944000000,0.9843906274,0.9920179839,0.9900000000,-0.0040778677,-0.0053359042,-0.0023359042,-0.0123452768,-0.0047179203,-0.0067359042
2.721,0.9967457619,0.9926794367,0.9914200000,0.9944200000,0.9843919858,0.9920464911,0.9900000000,-0.0040663252,-0.0053257619,-0.0023257619,-0.0123537761,-0.0046992708,-0.0067457619
2.722,0.9967555929,0.9927008369,0.9914400000,0.9944400000,0.9843933442,0.9920749983,0.9900000000,-0.0040547559,-0.0053155929,-0.0023155929,-0.0123622487,-0.0046805946,-0.0067555929
2.723,0.9967653971,0.9927222372,0.9914600000,0.9944600000,0.9843947026,0.9921035055,0.9900000000,-0.0040431599,-0.0053053971,-0.0023053971,-0.0123706945,-0.0046618916,-0.0067653971
2.724,0.9967751747,0.9927436374,0.9914800000,0.9944800000,0.9843960610,0.9921320127,0.9900000000,-0.0040315373,-0.0052951747,-0.0022951747,-0.0123791137,-0.0046431620,-0.0067751747
2.725,0.9967849256,0.9927650376,0.9915000000,0.9945000000,0.9843974194,0.9921605199,0.9900000000,-0.0040198880,-0.0052849256,-0.0022849256,-0.0123875063,-0.0046244057,-0.0067849256
2.726,0.9967946501,0.9927864379,0.9915200000,0.9945200000,0.9843987778,0.9921890271,0.9900000000,-0.0040082122,-0.0052746501,-0.0022746501,-0.0123958723,-0.0046056230,-0.0067946501
2.727,0.9968043480,0.9928078381,0.9915400000,0.9945400000,0.9844001362,0.9922175343,0.9900000000,-0.0039965099,-0.0052643480,-0.0022643480,-0.0124042119,-0.0045868137,-0.0068043480
2.728,0.9968140196,0.9928292383,0.9915600000,0.9945600000,0.9844014946,0.9922460415,0.9900000000,-0.0039847813,-0.0052540196,-0.0022540196,-0.0124125250,-0.0045679781,-0.0068140196
2.729,0.9968236648,0.9928506386,0.9915800000,0.9945800000,0.9844028530,0.9922745487,0.9900000000,-0.0039730262,-0.0052436648,-0.0022436648,-0.0124208118,-0.0045491161,-0.0068236648
2.730,0.9968332837,0.9928720388,0.9916000000,0.9946000000,0.9844042114,0.9923030559,0.9900000000,-0.0039612449,-0.0052332837,-0.0022332837,-0.0124290724,-0.0045302278,-0.0068332837
2.731,0.9968428764,0.9928934390,0.9916200000,0.9946200000,0.9844055698,0.9923315631,0.9900000000,-0.0039494374,-0.0052228764,-0.0022228764,-0.0124373067,-0.0045113133,-0.0068428764
2.732,0.9968524430,0.9929148393,0.9916400000,0.9946400000,0.9844069281,0.9923600703,0.9900000000,-0.0039376037,-0.0052124430,-0.0022124430,-0.0124455148,-0.0044923726,-0.0068524430
2.733,0.9968619834,0.9929362395,0.9916600000,0.9946600000,0.9844082865,0.9923885775,0.9900000000,-0.0039257439,-0.0052019834,-0.0022019834,-0.0124536968,-0.0044734059,-0.0068619834
2.734,0.9968714978,0.9929576397,0.9916800000,0.9946800000,0.9844096449,0.9924170847,0.9900000000,-0.0039138580,-0.0051914978,-0.0021914978,-0.0124618528,-0.0044544131,-0.0068714978
2.735,0.9968809862,0.9929790400,0.9917000000,0.9947000000,0.9844110033,0.9924455919,0.9900000000,-0.0039019462,-0.0051809862,-0.0021809862,-0.0124699829,-0.0044353943,-0.0068809862
2.736,0.9968904487,0.9930004402,0.9917200000,0.9947200000,0.9844123617,0.9924740991,0.9900000000,-0.0038900085,-0.0051704487,-0.0021704487,-0.0124780870,-0.0044163496,-0.0068904487
2.737,0.9968998853,0.9930218404,0.9917400000,0.9947400000,0.9844137201,0.9925026063,0.9900000000,-0.0038780449,-0.0051598853,-0.0021598853,-0.0124861652,-0.0043972790,-0.0068998853
2.738,0.9969092962,0.9930432407,0.9917600000,0.9947600000,0.9844150785,0.9925311135,0.9900000000,-0.0038660555,-0.0051492962,-0.0021492962,-0.0124942177,-0.0043781827,-0.0069092962
2.739,0.9969186813,0.9930646409,0.9917800000,0.9947800000,0.9844164369,0.9925596207,0.9900000000,-0.0038540404,-0.0051386813,-0.0021386813,-0.0125022444,-0.0043590606,-0.0069186813
2.740,0.9969280408,0.9930860412,0.9918000000,0.9948000000,0.9844177953,0.9925881279,0.9900000000,-0.0038419996,-0.0051280408,-0.0021280408,-0.0125102455,-0.0043399129,-0.0069280408
2.741,0.9969373746,0.9931074414,0.9918200000,0.9948200000,0.9844191537,0.9926166351,0.9900000000,-0.0038299332,-0.0051173746,-0.0021173746,-0.0125182209,-0.0043207395,-0.0069373746
2.742,0.9969466829,0.9931288416,0.9918400000,0.9948400000,0.9844205121,0.9926451423,0.9900000000,-0.0038178413,-0.0051066829,-0.0021066829,-0.0125261708,-0.0043015406,-0.0069466829
2.743,0.9969559657,0.9931502419,0.9918600000,0.9948600000,0.9844218705,0.9926736495,0.9900000000,-0.0038057239,-0.0050959657,-0.0020959657,-0.0125340953,-0.0042823162,-0.0069559657
2.744,0.9969652231,0.9931716421,0.9918800000,0.9948800000,0.9844232289,0.9927021567,0.9900000000,-0.0037935810,-0.0050852231,-0.0020852231,-0.0125419942,-0.0042630664,-0.0069652231
2.745,0.9969744551,0.9931930423,0.9919000000,0.9949000000,0.9844245873,0.9927306639,0.9900000000,-0.0037814128,-0.0050744551,-0.0020744551,-0.0125498679,-0.0042437912,-0.0069744551
2.746,0.9969836618,0.9932144426,0.9919200000,0.9949200000,0.9844259456,0.9927591711,0.9900000000,-0.0037692193,-0.0050636618,-0.0020636618,-0.0125577162,-0.0042244907,-0.0069836618
2.747,0.9969928433,0.9932358428,0.9919400000,0.9949400000,0.9844273040,0.9927876783,0.9900000000,-0.0037570005,-0.0050528433,-0.0020528433,-0.0125655392,-0.0042051649,-0.0069928433
2.748,0.9970019995,0.9932572430,0.9919600000,0.9949600000,0.9844286624,0.9928161855,0.9900000000,-0.0037447565,-0.0050419995,-0.0020419995,-0.0125733371,-0.0041858140,-0.0070019995
2.749,0.9970111307,0.9932786433,0.9919800000,0.9949800000,0.9844300208,0.9928446927,0.9900000000,-0.0037324874,-0.0050311307,-0.0020311307,-0.0125811099,-0.0041664380,-0.0070111307
2.750,0.9970202368,0.9933000435,0.9920000000,0.9950000000,0.9844313792,0.9928731999,0.9900000000,-0.0037201933,-0.0050202368,-0.0020202368,-0.0125888575,-0.0041470368,-0.0070202368
2.751,0.9970293178,0.9933214437,0.9920200000,0.9950200000,0.9844327376,0.9929017071,0.9900000000,-0.0037078741,-0.0050093178,-0.0020093178,-0.0125965802,-0.0041276107,-0.0070293178
2.752,0.9970383740,0.9933428440,0.9920400000,0.9950400000,0.9844340960,0.9929302143,0.9900000000,-0.0036955300,-0.0049983740,-0.0019983740,-0.0126042779,-0.0041081596,-0.0070383740
2.753,0.9970474052,0.9933642442,0.9920600000,0.9950600000,0.9844354544,0.9929587215,0.9900000000,-0.0036831610,-0.0049874052,-0.0019874052,-0.0126119508,-0.0040886837,-0.0070474052
2.754,0.9970564116,0.9933856444,0.9920800000,0.9950800000,0.9844368128,0.9929872287,0.9900000000,-0.0036707672,-0.0049764116,-0.0019764116,-0.0126195988,-0.0040691829,-0.0070564116
2.755,0.9970653932,0.9934070447,0.9921000000,0.9951000000,0.9844381712,0.9930157359,0.9900000000,-0.0036583486,-0.0049653932,-0.0019653932,-0.0126272220,-0.0040496573,-0.0070653932
2.756,0.9970743502,0.9934284449,0.9921200000,0.9951200000,0.9844395296,0.9930442431,0.9900000000,-0.0036459053,-0.0049543502,-0.0019543502,-0.0126348206,-0.0040301070,-0.0070743502
2.757,0.9970832824,0.9934498451,0.9921400000,0.9951400000,0.9844408880,0.9930727503,0.9900000000,-0.0036334373,-0.0049432824,-0.0019432824,-0.0126423945,-0.0040105321,-0.0070832824
2.758,0.9970921901,0.9934712454,0.9921600000,0.9951600000,0.9844422464,0.9931012575,0.9900000000,-0.0036209447,-0.0049321901,-0.0019321901,-0.0126499437,-0.0039909326,-0.0070921901
2.759,0.9971010733,0.9934926456,0.9921800000,0.9951800000,0.9844436048,0.9931297647,0.9900000000,-0.0036084277,-0.0049210733,-0.0019210733,-0.0126574685,-0.0039713085,-0.0071010733
2.760,0.9971099319,0.9935140458,0.9922000000,0.9952000000,0.9844449632,0.9931582719,0.9900000000,-0.0035958861,-0.0049099319,-0.0019099319,-0.0126649688,-0.0039516600,-0.0071099319
2.761,0.9971187662,0.9935354461,0.9922200000,0.9952200000,0.9844463215,0.9931867791,0.9900000000,-0.0035833201,-0.0048987662,-0.0018987662,-0.0126724446,-0.0039319870,-0.0071187662
2.762,0.9971275761,0.9935568463,0.9922400000,0.9952400000,0.9844476799,0.9932152863,0.9900000000,-0.0035707298,-0.0048875761,-0.0018875761,-0.0126798961,-0.0039122897,-0.0071275761
2.763,0.9971363617,0.9935782465,0.9922600000,0.9952600000,0.9844490383,0.9932437935,0.9900000000,-0.0035581151,-0.0048763617,-0.0018763617,-0.0126873233,-0.0038925681,-0.0071363617
2.764,0.9971451230,0.9935996468,0.9922800000,0.9952800000,0.9844503967,0.9932723007,0.9900000000,-0.0035454763,-0.0048651230,-0.0018651230,-0.0126947263,-0.0038728223,-0.0071451230
2.765,0.9971538602,0.9936210470,0.9923000000,0.9953000000,0.9844517551,0.9933008079,0.9900000000,-0.0035328132,-0.0048538602,-0.0018538602,-0.0127021051,-0.0038530523,-0.0071538602
2.766,0.9971625733,0.9936424472,0.9923200000,0.9953200000,0.9844531135,0.9933293151,0.9900000000,-0.0035201260,-0.0048425733,-0.0018425733,-0.0127094598,-0.0038332581,-0.0071625733
2.767,0.9971712622,0.9936638475,0.9923400000,0.9953400000,0.9844544719,0.9933578223,0.9900000000,-0.0035074148,-0.0048312622,-0.0018312622,-0.0127167903,-0.0038134399,-0.0071712622
2.768,0.9971799272,0.9936852477,0.9923600000,0.9953600000,0.9844558303,0.9933863295,0.9900000000,-0.0034946795,-0.0048199272,-0.0018199272,-0.0127240969,-0.0037935977,-0.0071799272
2.769,0.9971885682,0.9937066479,0.9923800000,0.9953800000,0.9844571887,0.9934148367,0.9900000000,-0.0034819203,-0.0048085682,-0.0018085682,-0.0127313796,-0.0037737315,-0.0071885682
2.770,0.9971971854,0.9937280482,0.9924000000,0.9954000000,0.9844585471,0.9934433439,0.9900000000,-0.0034691372,-0.0047971854,-0.0017971854,-0.0127386383,-0.0037538414,-0.0071971854
2.771,0.9972057787,0.9937494484,0.9924200000,0.9954200000,0.9844599055,0.9934718511,0.9900000000,-0.0034563303,-0.0047857787,-0.0017857787,-0.0127458732,-0.0037339275,-0.0072057787
2.772,0.9972143482,0.9937708486,0.9924400000,0.9954400000,0.9844612639,0.9935003583,0.9900000000,-0.0034434995,-0.0047743482,-0.0017743482,-0.0127530843,-0.0037139898,-0.0072143482
2.773,0.9972228940,0.9937922489,0.9924600000,0.9954600000,0.9844626223,0.9935288655,0.9900000000,-0.0034306451,-0.0047628940,-0.0017628940,-0.0127602717,-0.0036940284,-0.0072228940
2.774,0.9972314161,0.9938136491,0.9924800000,0.9954800000,0.9844639807,0.9935573727,0.9900000000,-0.0034177670,-0.0047514161,-0.0017514161,-0.0127674354,-0.0036740434,-0.0072314161
2.775,0.9972399146,0.9938350493,0.9925000000,0.9955000000,0.9844653390,0.9935858799,0.9900000000,-0.0034048653,-0.0047399146,-0.0017399146,-0.0127745756,-0.0036540347,-0.0072399146
2.776,0.9972483896,0.9938564496,0.9925200000,0.9955200000,0.9844666974,0.9936143871,0.9900000000,-0.0033919400,-0.0047283896,-0.0017283896,-0.0127816921,-0.0036340024,-0.0072483896
2.777,0.9972568411,0.9938778498,0.9925400000,0.9955400000,0.9844680558,0.9936428943,0.9900000000,-0.0033789912,-0.0047168411,-0.0017168411,-0.0127887852,-0.0036139467,-0.0072568411
2.778,0.9972652691,0.9938992500,0.9925600000,0.9955600000,0.9844694142,0.9936714015,0.9900000000,-0.0033660190,-0.0047052691,-0.0017052691,-0.0127958549,-0.0035938676,-0.0072652691
2.779,0.9972736737,0.9939206503,0.9925800000,0.9955800000,0.9844707726,0.9936999087,0.9900000000,-0.0033530235,-0.0046936737,-0.0016936737,-0.0128029011,-0.0035737650,-0.0072736737
2.780,0.9972820551,0.9939420505,0.9926000000,0.9956000000,0.9844721310,0.9937284159,0.9900000000,-0.0033400046,-0.0046820551,-0.0016820551,-0.0128099241,-0.0035536391,-0.0072820551
2.781,0.9972904131,0.9939634507,0.9926200000,0.9956200000,0.9844734894,0.9937569231,0.9900000000,-0.0033269624,-0.0046704131,-0.0016704131,-0.0128169237,-0.0035334900,-0.0072904131
2.782,0.9972987480,0.9939848510,0.9926400000,0.9956400000,0.9844748478,0.9937854303,0.9900000000,-0.0033138970,-0.0046587480,-0.0016587480,-0.0128239002,-0.0035133177,-0.0072987480
2.783,0.9973070597,0.9940062512,0.9926600000,0.9956600000,0.9844762062,0.9938139375,0.9900000000,-0.0033008085,-0.0046470597,-0.0016470597,-0.0128308535,-0.0034931222,-0.0073070597
2.784,0.9973153483,0.9940276514,0.9926800000,0.9956800000,0.9844775646,0.9938424447,0.9900000000,-0.0032876968,-0.0046353483,-0.0016353483,-0.0128377837,-0.0034729036,-0.0073153483
2.785,0.9973236138,0.9940490517,0.9927000000,0.9957000000,0.9844789230,0.9938709519,0.9900000000,-0.0032745622,-0.0046236138,-0.0016236138,-0.0128446909,-0.0034526619,-0.0073236138
2.786,0.9973318564,0.9940704519,0.9927200000,0.9957200000,0.9844802814,0.9938994591,0.9900000000,-0.0032614045,-0.0046118564,-0.0016118564,-0.0128515750,-0.0034323973,-0.0073318564
2.787,0.9973400761,0.9940918521,0.9927400000,0.9957400000,0.9844816398,0.9939279663,0.9900000000,-0.0032482239,-0.0046000761,-0.0016000761,-0.0128584363,-0.0034121097,-0.0073400761
2.788,0.9973482728,0.9941132524,0.9927600000,0.9957600000,0.9844829982,0.9939564735,0.9900000000,-0.0032350204,-0.0045882728,-0.0015882728,-0.0128652747,-0.0033917993,-0.0073482728
2.789,0.9973564467,0.9941346526,0.9927800000,0.9957800000,0.9844843565,0.9939849807,0.9900000000,-0.0032217941,-0.0045764467,-0.0015764467,-0.0128720902,-0.0033714660,-0.0073564467
2.790,0.9973645979,0.9941560528,0.9928000000,0.9958000000,0.9844857149,0.9940134879,0.9900000000,-0.0032085451,-0.0045645979,-0.0015645979,-0.0128788830,-0.0033511100,-0.0073645979
2.791,0.9973727264,0.9941774531,0.9928200000,0.9958200000,0.9844870733,0.9940419951,0.9900000000,-0.0031952733,-0.0045527264,-0.0015527264,-0.0128856530,-0.0033307312,-0.0073727264
2.792,0.9973808322,0.9941988533,0.9928400000,0.9958400000,0.9844884317,0.9940705023,0.9900000000,-0.0031819789,-0.0045408322,-0.0015408322,-0.0128924005,-0.0033103299,-0.0073808322
2.793,0.9973889154,0.9942202535,0.9928600000,0.9958600000,0.9844897901,0.9940990095,0.9900000000,-0.0031686619,-0.0045289154,-0.0015289154,-0.0128991253,-0.0032899059,-0.0073889154
2.794,0.9973969761,0.9942416538,0.9928800000,0.9958800000,0.9844911485,0.9941275167,0.9900000000,-0.0031553223,-0.0045169761,-0.0015169761,-0.0129058276,-0.0032694593,-0.0073969761
2.795,0.9974050142,0.9942630540,0.9929000000,0.9959000000,0.9844925069,0.9941560239,0.9900000000,-0.0031419602,-0.0045050142,-0.0015050142,-0.0129125073,-0.0032489903,-0.0074050142
2.796,0.9974130300,0.9942844542,0.9929200000,0.9959200000,0.9844938653,0.9941845311,0.9900000000,-0.0031285757,-0.0044930300,-0.0014930300,-0.0129191647,-0.0032284988,-0.0074130300
2.797,0.9974210233,0.9943058545,0.9929400000,0.9959400000,0.9844952237,0.9942130383,0.9900000000,-0.0031151689,-0.0044810233,-0.0014810233,-0.0129257996,-0.0032079850,-0.0074210233
2.798,0.9974289944,0.9943272547,0.9929600000,0.9959600000,0.9844965821,0.9942415455,0.9900000000,-0.0031017397,-0.0044689944,-0.0014689944,-0.0129324123,-0.0031874488,-0.0074289944
2.799,0.9974369431,0.9943486550,0.9929800000,0.9959800000,0.9844979405,0.9942700527,0.9900000000,-0.0030882882,-0.0044569431,-0.0014569431,-0.0129390026,-0.0031668904,-0.0074369431
2.800,0.9974448697,0.9943700552,0.9930000000,0.9960000000,0.9844992989,0.9942985599,0.9900000000,-0.0030748145,-0.0044448697,-0.0014448697,-0.0129455708,-0.0031463097,-0.0074448697
2.801,0.9974527740,0.9943914554,0.9930200000,0.9960200000,0.9845006573,0.9943270671,0.9900000000,-0.0030613186,-0.0044327740,-0.0014327740,-0.0129521168,-0.0031257069,-0.0074527740
2.802,0.9974606563,0.9944128557,0.9930400000,0.9960400000,0.9845020157,0.9943555743,0.9900000000,-0.0030478007,-0.0044206563,-0.0014206563,-0.0129586407,-0.0031050820,-0.0074606563
2.803,0.9974685165,0.9944342559,0.9930600000,0.9960600000,0.9845033741,0.9943840815,0.9900000000,-0.0030342606,-0.0044085165,-0.0014085165,-0.0129651425,-0.0030844350,-0.0074685165
2.804,0.9974763547,0.9944556561,0.9930800000,0.9960800000,0.9845047324,0.9944125887,0.9900000000,-0.0030206986,-0.0043963547,-0.0013963547,-0.0129716223,-0.0030637660,-0.0074763547
2.805,0.9974841710,0.9944770564,0.9931000000,0.9961000000,0.9845060908,0.9944410959,0.9900000000,-0.0030071147,-0.0043841710,-0.0013841710,-0.0129780802,-0.0030430751,-0.0074841710
2.806,0.9974919654,0.9944984566,0.9931200000,0.9961200000,0.9845074492,0.9944696031,0.9900000000,-0.0029935088,-0.0043719654,-0.0013719654,-0.0129845162,-0.0030223622,-0.0074919654
2.807,0.9974997379,0.9945198568,0.9931400000,0.9961400000,0.9845088076,0.9944981103,0.9900000000,-0.0029798811,-0.0043597379,-0.0013597379,-0.0129909303,-0.0030016276,-0.0074997379
2.808,0.9975074887,0.9945412571,0.9931600000,0.9961600000,0.9845101660,0.9945266175,0.9900000000,-0.0029662316,-0.0043474887,-0.0013474887,-0.0129973226,-0.0029808711,-0.0075074887
2.809,0.9975152177,0.9945626573,0.9931800000,0.9961800000,0.9845115244,0.9945551247,0.9900000000,-0.0029525604,-0.0043352177,-0.0013352177,-0.0130036933,-0.0029600929,-0.0075152177
2.810,0.9975229250,0.9945840575,0.9932000000,0.9962000000,0.9845128828,0.9945836319,0.9900000000,-0.0029388675,-0.0043229250,-0.0013229250,-0.0130100422,-0.0029392931,-0.0075229250
2.811,0.9975306107,0.9946054578,0.9932200000,0.9962200000,0.9845142412,0.9946121391,0.9900000000,-0.0029251529,-0.0043106107,-0.0013106107,-0.0130163695,-0.0029184716,-0.0075306107
2.812,0.9975382748,0.9946268580,0.9932400000,0.9962400000,0.9845155996,0.9946406463,0.9900000000,-0.0029114168,-0.0042982748,-0.0012982748,-0.0130226752,-0.0028976285,-0.0075382748
2.813,0.9975459174,0.9946482582,0.9932600000,0.9962600000,0.9845169580,0.9946691535,0.9900000000,-0.0028976592,-0.0042859174,-0.0012859174,-0.0130289595,-0.0028767639,-0.0075459174
2.814,0.9975535386,0.9946696585,0.9932800000,0.9962800000,0.9845183164,0.9946976607,0.9900000000,-0.0028838801,-0.0042735386,-0.0012735386,-0.0130352222,-0.0028558778,-0.0075535386
2.815,0.9975611383,0.9946910587,0.9933000000,0.9963000000,0.9845196748,0.9947261679,0.9900000000,-0.0028700796,-0.0042611383,-0.0012611383,-0.0130414635,-0.0028349704,-0.0075611383
2.816,0.9975687167,0.9947124589,0.9933200000,0.9963200000,0.9845210332,0.9947546751,0.9900000000,-0.0028562577,-0.0042487167,-0.0012487167,-0.0130476835,-0.0028140415,-0.0075687167
2.817,0.9975762737,0.9947338592,0.9933400000,0.9963400000,0.9845223916,0.9947831823,0.9900000000,-0.0028424146,-0.0042362737,-0.0012362737,-0.0130538822,-0.0027930914,-0.0075762737
2.818,0.9975838095,0.9947552594,0.9933600000,0.9963600000,0.9845237499,0.9948116895,0.9900000000,-0.0028285501,-0.0042238095,-0.0012238095,-0.0130600596,-0.0027721200,-0.0075838095
2.819,0.9975913241,0.9947766596,0.9933800000,0.9963800000,0.9845251083,0.9948401967,0.9900000000,-0.0028146645,-0.0042113241,-0.0012113241,-0.0130662158,-0.0027511273,-0.0075913241
2.820,0.9975988175,0.9947980599,0.9934000000,0.9964000000,0.9845264667,0.9948687039,0.9900000000,-0.0028007577,-0.0041988175,-0.0011988175,-0.0130723508,-0.0027301136,-0.0075988175
2.821,0.9976062899,0.9948194601,0.9934200000,0.9964200000,0.9845278251,0.9948972111,0.9900000000,-0.0027868298,-0.0041862899,-0.0011862899,-0.0130784647,-0.0027090787,-0.0076062899
2.822,0.9976137411,0.9948408603,0.9934400000,0.9964400000,0.9845291835,0.9949257184,0.9900000000,-0.0027728808,-0.0041737411,-0.0011737411,-0.0130845576,-0.0026880228,-0.0076137411
2.823,0.9976211714,0.9948622606,0.9934600000,0.9964600000,0.9845305419,0.9949542256,0.9900000000,-0.0027589109,-0.0041611714,-0.0011611714,-0.0130906295,-0.0026669459,-0.0076211714
2.824,0.9976285808,0.9948836608,0.9934800000,0.9964800000,0.9845319003,0.9949827328,0.9900000000,-0.0027449200,-0.0041485808,-0.0011485808,-0.0130966804,-0.0026458480,-0.0076285808
2.825,0.9976359692,0.9949050610,0.9935000000,0.9965000000,0.9845332587,0.9950112400,0.9900000000,-0.0027309082,-0.0041359692,-0.0011359692,-0.0131027105,-0.0026247292,-0.0076359692
2.826,0.9976433368,0.9949264613,0.9935200000,0.9965200000,0.9845346171,0.9950397472,0.9900000000,-0.0027168755,-0.0041233368,-0.0011233368,-0.0131087197,-0.0026035896,-0.0076433368
2.827,0.9976506836,0.9949478615,0.9935400000,0.9965400000,0.9845359755,0.9950682544,0.9900000000,-0.0027028221,-0.0041106836,-0.0011106836,-0.0131147081,-0.0025824293,-0.0076506836
2.828,0.9976580097,0.9949692617,0.9935600000,0.9965600000,0.9845373339,0.9950967616,0.9900000000,-0.0026887479,-0.0040980097,-0.0010980097,-0.0131206758,-0.0025612481,-0.0076580097
2.829,0.9976653151,0.9949906620,0.9935800000,0.9965800000,0.9845386923,0.9951252688,0.9900000000,-0.0026746531,-0.0040853151,-0.0010853151,-0.0131266228,-0.0025400463,-0.0076653151
2.830,0.9976725998,0.9950120622,0.9936000000,0.9966000000,0.9845400507,0.9951537760,0.9900000000,-0.0026605376,-0.0040725998,-0.0010725998,-0.0131325491,-0.0025188238,-0.0076725998
2.831,0.9976798639,0.9950334624,0.9936200000,0.9966200000,0.9845414091,0.9951822832,0.9900000000,-0.0026464015,-0.0040598639,-0.0010598639,-0.0131384549,-0.0024975808,-0.0076798639
2.832,0.9976871076,0.9950548627,0.9936400000,0.9966400000,0.9845427675,0.9952107904,0.9900000000,-0.0026322449,-0.0040471076,-0.0010471076,-0.0131443401,-0.0024763172,-0.0076871076
2.833,0.9976943307,0.9950762629,0.9936600000,0.9966600000,0.9845441258,0.9952392976,0.9900000000,-0.0026180678,-0.0040343307,-0.0010343307,-0.0131502049,-0.0024550331,-0.0076943307
2.834,0.9977015334,0.9950976631,0.9936800000,0.9966800000,0.9845454842,0.9952678048,0.9900000000,-0.0026038703,-0.0040215334,-0.0010215334,-0.0131560492,-0.0024337286,-0.0077015334
2.835,0.9977087157,0.9951190634,0.9937000000,0.9967000000,0.9845468426,0.9952963120,0.9900000000,-0.0025896523,-0.0040087157,-0.0010087157,-0.0131618731,-0.0024124038,-0.0077087157
2.836,0.9977158777,0.9951404636,0.9937200000,0.9967200000,0.9845482010,0.9953248192,0.9900000000,-0.0025754141,-0.0039958777,-0.0009958777,-0.0131676767,-0.0023910585,-0.0077158777
2.837,0.9977230194,0.9951618638,0.9937400000,0.9967400000,0.9845495594,0.9953533264,0.9900000000,-0.0025611556,-0.0039830194,-0.0009830194,-0.0131734600,-0.0023696930,-0.0077230194
2.838,0.9977301409,0.9951832641,0.9937600000,0.9967600000,0.9845509178,0.9953818336,0.9900000000,-0.0025468768,-0.0039701409,-0.0009701409,-0.0131792231,-0.0023483073,-0.0077301409
2.839,0.9977372422,0.9952046643,0.9937800000,0.9967800000,0.9845522762,0.9954103408,0.9900000000,-0.0025325778,-0.0039572422,-0.0009572422,-0.0131849660,-0.0023269014,-0.0077372422
2.840,0.9977443233,0.9952260645,0.9938000000,0.9968000000,0.9845536346,0.9954388480,0.9900000000,-0.0025182588,-0.0039443233,-0.0009443233,-0.0131906887,-0.0023054754,-0.0077443233
2.841,0.9977513844,0.9952474648,0.9938200000,0.9968200000,0.9845549930,0.9954673552,0.9900000000,-0.0025039196,-0.0039313844,-0.0009313844,-0.0131963914,-0.0022840292,-0.0077513844
2.842,0.9977584254,0.9952688650,0.9938400000,0.9968400000,0.9845563514,0.9954958624,0.9900000000,-0.0024895604,-0.0039184254,-0.0009184254,-0.0132020740,-0.0022625631,-0.0077584254
2.843,0.9977654465,0.9952902652,0.9938600000,0.9968600000,0.9845577098,0.9955243696,0.9900000000,-0.0024751812,-0.0039054465,-0.0009054465,-0.0132077367,-0.0022410769,-0.0077654465
2.844,0.9977724476,0.9953116655,0.9938800000,0.9968800000,0.9845590682,0.9955528768,0.9900000000,-0.0024607821,-0.0038924476,-0.0008924476,-0.0132133794,-0.0022195708,-0.0077724476
2.845,0.9977794288,0.9953330657,0.9939000000,0.9969000000,0.9845604266,0.9955813840,0.9900000000,-0.0024463631,-0.0038794288,-0.0008794288,-0.0132190023,-0.0021980449,-0.0077794288
2.846,0.9977863903,0.9953544659,0.9939200000,0.9969200000,0.9845617850,0.9956098912,0.9900000000,-0.0024319243,-0.0038663903,-0.0008663903,-0.0132246053,-0.0021764991,-0.0077863903
2.847,0.9977933319,0.9953758662,0.9939400000,0.9969400000,0.9845631433,0.9956383984,0.9900000000,-0.0024174657,-0.0038533319,-0.0008533319,-0.0132301885,-0.0021549335,-0.0077933319
2.848,0.9978002538,0.9953972664,0.9939600000,0.9969600000,0.9845645017,0.9956669056,0.9900000000,-0.0024029874,-0.0038402538,-0.0008402538,-0.0132357520,-0.0021333482,-0.0078002538
2.849,0.9978071560,0.9954186666,0.9939800000,0.9969800000,0.9845658601,0.9956954128,0.9900000000,-0.0023884893,-0.0038271560,-0.0008271560,-0.0132412958,-0.0021117432,-0.0078071560
2.850,0.9978140385,0.9954400669,0.9940000000,0.9970000000,0.9845672185,0.9957239200,0.9900000000,-0.0023739717,-0.0038140385,-0.0008140385,-0.0132468200,-0.0020901186,-0.0078140385
2.851,0.9978209015,0.9954614671,0.9940200000,0.9970200000,0.9845685769,0.9957524272,0.9900000000,-0.0023594344,-0.0038009015,-0.0008009015,-0.0132523246,-0.0020684744,-0.0078209015
2.852,0.9978277450,0.9954828673,0.9940400000,0.9970400000,0.9845699353,0.9957809344,0.9900000000,-0.0023448776,-0.0037877450,-0.0007877450,-0.0132578097,-0.0020468106,-0.0078277450
2.853,0.9978345689,0.9955042676,0.9940600000,0.9970600000,0.9845712937,0.9958094416,0.9900000000,-0.0023303013,-0.0037745689,-0.0007745689,-0.0132632752,-0.0020251274,-0.0078345689
2.854,0.9978413734,0.9955256678,0.9940800000,0.9970800000,0.9845726521,0.9958379488,0.9900000000,-0.0023157056,-0.0037613734,-0.0007613734,-0.0132687213,-0.0020034247,-0.0078413734
2.855,0.9978481586,0.9955470681,0.9941000000,0.9971000000,0.9845740105,0.9958664560,0.9900000000,-0.0023010905,-0.0037481586,-0.0007481586,-0.0132741481,-0.0019817026,-0.0078481586
2.856,0.9978549243,0.9955684683,0.9941200000,0.9971200000,0.9845753689,0.9958949632,0.9900000000,-0.0022864560,-0.0037349243,-0.0007349243,-0.0132795554,-0.0019599612,-0.0078549243
2.857,0.9978616708,0.9955898685,0.9941400000,0.9971400000,0.9845767273,0.9959234704,0.9900000000,-0.0022718023,-0.0037216708,-0.0007216708,-0.0132849435,-0.0019382004,-0.0078616708
2.858,0.9978683980,0.9956112688,0.9941600000,0.9971600000,0.9845780857,0.9959519776,0.9900000000,-0.0022571293,-0.0037083980,-0.0007083980,-0.0132903124,-0.0019164205,-0.0078683980
2.859,0.9978751061,0.9956326690,0.9941800000,0.9971800000,0.9845794441,0.9959804848,0.9900000000,-0.0022424371,-0.0036951061,-0.0006951061,-0.0132956620,-0.0018946213,-0.0078751061
2.860,0.9978817950,0.9956540692,0.9942000000,0.9972000000,0.9845808025,0.9960089920,0.9900000000,-0.0022277257,-0.0036817950,-0.0006817950,-0.0133009925,-0.0018728030,-0.0078817950
2.861,0.9978884647,0.9956754695,0.9942200000,0.9972200000,0.9845821609,0.9960374992,0.9900000000,-0.0022129953,-0.0036684647,-0.0006684647,-0.0133063039,-0.0018509656,-0.0078884647
2.862,0.9978951155,0.9956968697,0.9942400000,0.9972400000,0.9845835192,0.9960660064,0.9900000000,-0.0021982458,-0.0036551155,-0.0006551155,-0.0133115962,-0.0018291091,-0.0078951155
2.863,0.9979017472,0.9957182699,0.9942600000,0.9972600000,0.9845848776,0.9960945136,0.9900000000,-0.0021834773,-0.0036417472,-0.0006417472,-0.0133168695,-0.0018072336,-0.0079017472
2.864,0.9979083599,0.9957396702,0.9942800000,0.9972800000,0.9845862360,0.9961230208,0.9900000000,-0.0021686898,-0.0036283599,-0.0006283599,-0.0133221239,-0.0017853392,-0.0079083599
2.865,0.9979149538,0.9957610704,0.9943000000,0.9973000000,0.9845875944,0.9961515280,0.9900000000,-0.0021538834,-0.0036149538,-0.0006149538,-0.0133273594,-0.0017634258,-0.0079149538
2.866,0.9979215288,0.9957824706,0.9943200000,0.9973200000,0.9845889528,0.9961800352,0.9900000000,-0.0021390581,-0.0036015288,-0.0006015288,-0.0133325760,-0.0017414936,-0.0079215288
2.867,0.9979280849,0.9958038709,0.9943400000,0.9973400000,0.9845903112,0.9962085424,0.9900000000,-0.0021242141,-0.0035880849,-0.0005880849,-0.0133377737,-0.0017195426,-0.0079280849
2.868,0.9979346223,0.9958252711,0.9943600000,0.9973600000,0.9845916696,0.9962370496,0.9900000000,-0.0021093512,-0.0035746223,-0.0005746223,-0.0133429527,-0.0016975728,-0.0079346223
2.869,0.9979411410,0.9958466713,0.9943800000,0.9973800000,0.9845930280,0.9962655568,0.9900000000,-0.0020944697,-0.0035611410,-0.0005611410,-0.0133481130,-0.0016755842,-0.0079411410
2.870,0.9979476410,0.9958680716,0.9944000000,0.9974000000,0.9845943864,0.9962940640,0.9900000000,-0.0020795694,-0.0035476410,-0.0005476410,-0.0133532546,-0.0016535770,-0.0079476410
2.871,0.9979541224,0.9958894718,0.9944200000,0.9974200000,0.9845957448,0.9963225712,0.9900000000,-0.0020646506,-0.0035341224,-0.0005341224,-0.0133583776,-0.0016315512,-0.0079541224
2.872,0.9979605852,0.9959108720,0.9944400000,0.9974400000,0.9845971032,0.9963510784,0.9900000000,-0.0020497131,-0.0035205852,-0.0005205852,-0.0133634820,-0.0016095068,-0.0079605852
2.873,0.9979670294,0.9959322723,0.9944600000,0.9974600000,0.9845984616,0.9963795856,0.9900000000,-0.0020347572,-0.0035070294,-0.0005070294,-0.0133685678,-0.0015874439,-0.0079670294
2.874,0.9979734552,0.9959536725,0.9944800000,0.9974800000,0.9845998200,0.9964080928,0.9900000000,-0.0020197827,-0.0034934552,-0.0004934552,-0.0133736352,-0.0015653624,-0.0079734552
2.875,0.9979798625,0.9959750727,0.9945000000,0.9975000000,0.9846011784,0.9964366000,0.9900000000,-0.0020047898,-0.0034798625,-0.0004798625,-0.0133786842,-0.0015432625,-0.0079798625
2.876,0.9979862514,0.9959964730,0.9945200000,0.9975200000,0.9846025367,0.9964651072,0.9900000000,-0.0019897785,-0.0034662514,-0.0004662514,-0.0133837147,-0.0015211443,-0.0079862514
2.877,0.9979926220,0.9960178732,0.9945400000,0.9975400000,0.9846038951,0.9964936144,0.9900000000,-0.0019747488,-0.0034526220,-0.0004526220,-0.0133887269,-0.0014990077,-0.0079926220
2.878,0.9979989743,0.9960392734,0.9945600000,0.9975600000,0.9846052535,0.9965221216,0.9900000000,-0.0019597009,-0.0034389743,-0.0004389743,-0.0133937208,-0.0014768527,-0.0079989743
2.879,0.9980053083,0.9960606737,0.9945800000,0.9975800000,0.9846066119,0.9965506288,0.9900000000,-0.0019446347,-0.0034253083,-0.0004253083,-0.0133986964,-0.0014546796,-0.0080053083
2.880,0.9980116241,0.9960820739,0.9946000000,0.9976000000,0.9846079703,0.9965791360,0.9900000000,-0.0019295502,-0.0034116241,-0.0004116241,-0.0134036538,-0.0014324882,-0.0080116241
2.881,0.9980179218,0.9961034741,0.9946200000,0.9976200000,0.9846093287,0.9966076432,0.9900000000,-0.0019144477,-0.0033979218,-0.0003979218,-0.0134085931,-0.0014102786,-0.0080179218
2.882,0.9980242013,0.9961248744,0.9946400000,0.9976400000,0.9846106871,0.9966361504,0.9900000000,-0.0018993270,-0.0033842013,-0.0003842013,-0.0134135142,-0.0013880510,-0.0080242013
2.883,0.9980304628,0.9961462746,0.9946600000,0.9976600000,0.9846120455,0.9966646576,0.9900000000,-0.0018841882,-0.0033704628,-0.0003704628,-0.0134184173,-0.0013658052,-0.0080304628
2.884,0.9980367062,0.9961676748,0.9946800000,0.9976800000,0.9846134039,0.9966931648,0.9900000000,-0.0018690314,-0.0033567062,-0.0003567062,-0.0134233023,-0.0013435415,-0.0080367062
2.885,0.9980429317,0.9961890751,0.9947000000,0.9977000000,0.9846147623,0.9967216720,0.9900000000,-0.0018538566,-0.0033429317,-0.0003429317,-0.0134281694,-0.0013212597,-0.0080429317
2.886,0.9980491392,0.9962104753,0.9947200000,0.9977200000,0.9846161207,0.9967501792,0.9900000000,-0.0018386639,-0.0033291392,-0.0003291392,-0.0134330185,-0.0012989600,-0.0080491392
2.887,0.9980553288,0.9962318755,0.9947400000,0.9977400000,0.9846174791,0.9967786864,0.9900000000,-0.0018234533,-0.0033153288,-0.0003153288,-0.0134378498,-0.0012766425,-0.0080553288
2.888,0.9980615006,0.9962532758,0.9947600000,0.9977600000,0.9846188375,0.9968071936,0.9900000000,-0.0018082249,-0.0033015006,-0.0003015006,-0.0134426632,-0.0012543071,-0.0080615006
2.889,0.9980676546,0.9962746760,0.9947800000,0.9977800000,0.9846201959,0.9968357008,0.9900000000,-0.0017929786,-0.0032876546,-0.0002876546,-0.0134474588,-0.0012319539,-0.0080676546
2.890,0.9980737909,0.9962960762,0.9948000000,0.9978000000,0.9846215543,0.9968642080,0.9900000000,-0.0017777146,-0.0032737909,-0.0002737909,-0.0134522366,-0.0012095829,-0.0080737909
2.891,0.9980799094,0.9963174765,0.9948200000,0.9978200000,0.9846229126,0.9968927152,0.9900000000,-0.0017624329,-0.0032599094,-0.0002599094,-0.0134569968,-0.0011871942,-0.0080799094
2.892,0.9980860103,0.9963388767,0.9948400000,0.9978400000,0.9846242710,0.9969212224,0.9900000000,-0.0017471336,-0.0032460103,-0.0002460103,-0.0134617392,-0.0011647879,-0.0080860103
2.893,0.9980920935,0.9963602769,0.9948600000,0.9978600000,0.9846256294,0.9969497296,0.9900000000,-0.0017318166,-0.0032320935,-0.0002320935,-0.0134664641,-0.0011423639,-0.0080920935
2.894,0.9980981592,0.9963816772,0.9948800000,0.9978800000,0.9846269878,0.9969782368,0.9900000000,-0.0017164820,-0.0032181592,-0.0002181592,-0.0134711714,-0.0011199224,-0.0080981592
2.895,0.9981042073,0.9964030774,0.9949000000,0.9979000000,0.9846283462,0.9970067440,0.9900000000,-0.0017011299,-0.0032042073,-0.0002042073,-0.0134758611,-0.0010974634,-0.0081042073
2.896,0.9981102380,0.9964244776,0.9949200000,0.9979200000,0.9846297046,0.9970352512,0.9900000000,-0.0016857604,-0.0031902380,-0.0001902380,-0.0134805334,-0.0010749868,-0.0081102380
2.897,0.9981162512,0.9964458779,0.9949400000,0.9979400000,0.9846310630,0.9970637584,0.9900000000,-0.0016703733,-0.0031762512,-0.0001762512,-0.0134851882,-0.0010524929,-0.0081162512
2.898,0.9981222471,0.9964672781,0.9949600000,0.9979600000,0.9846324214,0.9970922656,0.9900000000,-0.0016549689,-0.0031622471,-0.0001622471,-0.0134898257,-0.0010299815,-0.0081222471
2.899,0.9981282255,0.9964886783,0.9949800000,0.9979800000,0.9846337798,0.9971207728,0.9900000000,-0.0016395472,-0.0031482255,-0.0001482255,-0.0134944457,-0.0010074528,-0.0081282255
2.900,0.9981341867,0.9965100786,0.9950000000,0.9980000000,0.9846351382,0.9971492800,0.9900000000,-0.0016241081,-0.0031341867,-0.0001341867,-0.0134990485,-0.0009849067,-0.0081341867
2.901,0.9981401306,0.9965314788,0.9950200000,0.9980200000,0.9846364966,0.9971777872,0.9900000000,-0.0016086518,-0.0031201306,-0.0001201306,-0.0135036340,-0.0009623434,-0.0081401306
2.902,0.9981460573,0.9965528790,0.9950400000,0.9980400000,0.9846378550,0.9972062944,0.9900000000,-0.0015931783,-0.0031060573,-0.0001060573,-0.0135082023,-0.0009397629,-0.0081460573
2.903,0.9981519668,0.9965742793,0.9950600000,0.9980600000,0.9846392134,0.9972348016,0.9900000000,-0.0015776875,-0.0030919668,-0.0000919668,-0.0135127535,-0.0009171652,-0.0081519668
2.904,0.9981578592,0.9965956795,0.9950800000,0.9980800000,0.9846405718,0.9972633088,0.9900000000,-0.0015621797,-0.0030778592,-0.0000778592,-0.0135172874,-0.0008945504,-0.0081578592
2.905,0.9981637345,0.9966170797,0.9951000000,0.9981000000,0.9846419301,0.9972918160,0.9900000000,-0.0015466548,-0.0030637345,-0.0000637345,-0.0135218044,-0.0008719185,-0.0081637345
2.906,0.9981695928,0.9966384800,0.9951200000,0.9981200000,0.9846432885,0.9973203232,0.9900000000,-0.0015311128,-0.0030495928,-0.0000495928,-0.0135263042,-0.0008492696,-0.0081695928
2.907,0.9981754340,0.9966598802,0.9951400000,0.9981400000,0.9846446469,0.9973488304,0.9900000000,-0.0015155538,-0.0030354340,-0.0000354340,-0.0135307871,-0.0008266036,-0.0081754340
2.908,0.9981812583,0.9966812804,0.9951600000,0.9981600000,0.9846460053,0.9973773376,0.9900000000,-0.0014999779,-0.0030212583,-0.0000212583,-0.0135352530,-0.0008039207,-0.0081812583
2.909,0.9981870657,0.9967026807,0.9951800000,0.9981800000,0.9846473637,0.9974058448,0.9900000000,-0.0014843850,-0.0030070657,-0.0000070657,-0.0135397020,-0.0007812209,-0.0081870657
2.910,0.9981928562,0.9967240809,0.9952000000,0.9982000000,0.9846487221,0.9974343520,0.9900000000,-0.0014687753,-0.0029928562,0.0000071438,-0.0135441341,-0.0007585042,-0.0081928562
2.911,0.9981986299,0.9967454811,0.9952200000,0.9982200000,0.9846500805,0.9974628592,0.9900000000,-0.0014531488,-0.0029786299,0.0000213701,-0.0135485494,-0.0007357707,-0.0081986299
2.912,0.9982043868,0.9967668814,0.9952400000,0.9982400000,0.9846514389,0.9974913664,0.9900000000,-0.0014375054,-0.0029643868,0.0000356132,-0.0135529479,-0.0007130204,-0.0082043868
2.913,0.9982101270,0.9967882816,0.9952600000,0.9982600000,0.9846527973,0.9975198736,0.9900000000,-0.0014218454,-0.0029501270,0.0000498730,-0.0135573297,-0.0006902534,-0.0082101270
2.914,0.9982158505,0.9968096819,0.9952800000,0.9982800000,0.9846541557,0.9975483808,0.9900000000,-0.0014061686,-0.0029358505,0.0000641495,-0.0135616948,-0.0006674697,-0.0082158505
2.915,0.9982215573,0.9968310821,0.9953000000,0.9983000000,0.9846555141,0.9975768880,0.9900000000,-0.0013904752,-0.0029215573,0.0000784427,-0.0135660432,-0.0006446693,-0.0082215573
2.916,0.9982272475,0.9968524823,0.9953200000,0.9983200000,0.9846568725,0.9976053952,0.9900000000,-0.0013747652,-0.0029072475,0.0000927525,-0.0135703750,-0.0006218523,-0.0082272475
2.917,0.9982329211,0.9968738826,0.9953400000,0.9983400000,0.9846582309,0.9976339024,0.9900000000,-0.0013590386,-0.0028929211,0.0001070789,-0.0135746903,-0.0005990188,-0.0082329211
2.918,0.9982385783,0.9968952828,0.9953600000,0.9983600000,0.9846595893,0.9976624096,0.9900000000,-0.0013432955,-0.0028785783,0.0001214217,-0.0135789890,-0.0005761687,-0.0082385783
2.919,0.9982442189,0.9969166830,0.9953800000,0.9983800000,0.9846609477,0.9976909168,0.9900000000,-0.0013275359,-0.0028642189,0.0001357811,-0.0135832712,-0.0005533021,-0.0082442189
2.920,0.9982498431,0.9969380833,0.9954000000,0.9984000000,0.9846623060,0.9977194240,0.9900000000,-0.0013117598,-0.0028498431,0.0001501569,-0.0135875370,-0.0005304191,-0.0082498431
2.921,0.9982554509,0.9969594835,0.9954200000,0.9984200000,0.9846636644,0.9977479312,0.9900000000,-0.0012959674,-0.0028354509,0.0001645491,-0.0135917864,-0.0005075197,-0.0082554509
2.922,0.9982610423,0.9969808837,0.9954400000,0.9984400000,0.9846650228,0.9977764384,0.9900000000,-0.0012801586,-0.0028210423,0.0001789577,-0.0135960195,-0.0004846039,-0.0082610423
2.923,0.9982666174,0.9970022840,0.9954600000,0.9984600000,0.9846663812,0.9978049456,0.9900000000,-0.0012643335,-0.0028066174,0.0001933826,-0.0136002362,-0.0004616718,-0.0082666174
2.924,0.9982721763,0.9970236842,0.9954800000,0.9984800000,0.9846677396,0.9978334528,0.9900000000,-0.0012484921,-0.0027921763,0.0002078237,-0.0136044367,-0.0004387235,-0.0082721763
2.925,0.9982777189,0.9970450844,0.9955000000,0.9985000000,0.9846690980,0.9978619600,0.9900000000,-0.0012326345,-0.0027777189,0.0002222811,-0.0136086209,-0.0004157589,-0.0082777189
2.926,0.9982832453,0.9970664847,0.9955200000,0.9985200000,0.9846704564,0.9978904672,0.9900000000,-0.0012167607,-0.0027632453,0.0002367547,-0.0136127889,-0.0003927781,-0.0082832453
2.927,0.9982887556,0.9970878849,0.9955400000,0.9985400000,0.9846718148,0.9979189744,0.9900000000,-0.0012008707,-0.0027487556,0.0002512444,-0.0136169408,-0.0003697812,-0.0082887556
2.928,0.9982942498,0.9971092851,0.9955600000,0.9985600000,0.9846731732,0.9979474816,0.9900000000,-0.0011849646,-0.0027342498,0.0002657502,-0.0136210766,-0.0003467682,-0.0082942498
2.929,0.9982997279,0.9971306854,0.9955800000,0.9985800000,0.9846745316,0.9979759888,0.9900000000,-0.0011690425,-0.0027197279,0.0002802721,-0.0136251963,-0.0003237391,-0.0082997279
2.930,0.9983051900,0.9971520856,0.9956000000,0.9986000000,0.9846758900,0.9980044960,0.9900000000,-0.0011531044,-0.0027051900,0.0002948100,-0.0136293000,-0.0003006940,-0.0083051900
2.931,0.9983106361,0.9971734858,0.9956200000,0.9986200000,0.9846772484,0.9980330032,0.9900000000,-0.0011371503,-0.0026906361,0.0003093639,-0.0136333877,-0.0002776329,-0.0083106361
2.932,0.9983160663,0.9971948861,0.9956400000,0.9986400000,0.9846786068,0.9980615104,0.9900000000,-0.0011211802,-0.0026760663,0.0003239337,-0.0136374595,-0.0002545559,-0.0083160663
2.933,0.9983214805,0.9972162863,0.9956600000,0.9986600000,0.9846799652,0.9980900176,0.9900000000,-0.0011051942,-0.0026614805,0.0003385195,-0.0136415154,-0.0002314630,-0.0083214805
2.934,0.9983268790,0.9972376865,0.9956800000,0.9986800000,0.9846813235,0.9981185248,0.9900000000,-0.0010891924,-0.0026468790,0.0003531210,-0.0136455554,-0.0002083542,-0.0083268790
2.935,0.9983322616,0.9972590868,0.9957000000,0.9987000000,0.9846826819,0.9981470320,0.9900000000,-0.0010731748,-0.0026322616,0.0003677384,-0.0136495796,-0.0001852296,-0.0083322616
2.936,0.9983376284,0.9972804870,0.9957200000,0.9987200000,0.9846840403,0.9981755392,0.9900000000,-0.0010571414,-0.0026176284,0.0003823716,-0.0136535881,-0.0001620892,-0.0083376284
2.937,0.9983429795,0.9973018872,0.9957400000,0.9987400000,0.9846853987,0.9982040464,0.9900000000,-0.0010410922,-0.0026029795,0.0003970205,-0.0136575808,-0.0001389331,-0.0083429795
2.938,0.9983483149,0.9973232875,0.9957600000,0.9987600000,0.9846867571,0.9982325536,0.9900000000,-0.0010250274,-0.0025883149,0.0004116851,-0.0136615578,-0.0001157613,-0.0083483149
2.939,0.9983536346,0.9973446877,0.9957800000,0.9987800000,0.9846881155,0.9982610608,0.9900000000,-0.0010089469,-0.0025736346,0.0004263654,-0.0136655191,-0.0000925738,-0.0083536346
2.940,0.9983589388,0.9973660879,0.9958000000,0.9988000000,0.9846894739,0.9982895680,0.9900000000,-0.0009928508,-0.0025589388,0.0004410612,-0.0136694649,-0.0000693708,-0.0083589388
2.941,0.9983642273,0.9973874882,0.9958200000,0.9988200000,0.9846908323,0.9983180752,0.9900000000,-0.0009767392,-0.0025442273,0.0004557727,-0.0136733950,-0.0000461521,-0.0083642273
2.942,0.9983695004,0.9974088884,0.9958400000,0.9988400000,0.9846921907,0.9983465824,0.9900000000,-0.0009606120,-0.0025295004,0.0004704996,-0.0136773097,-0.0000229180,-0.0083695004
2.943,0.9983747579,0.9974302886,0.9958600000,0.9988600000,0.9846935491,0.9983750896,0.9900000000,-0.0009444693,-0.0025147579,0.0004852421,-0.0136812088,0.0000003317,-0.0083747579
2.944,0.9983800000,0.9974516889,0.9958800000,0.9988800000,0.9846949075,0.9984035968,0.9900000000,-0.0009283111,-0.0025000000,0.0005000000,-0.0136850925,0.0000235968,-0.0083800000
2.945,0.9983852267,0.9974730891,0.9959000000,0.9989000000,0.9846962659,0.9984321040,0.9900000000,-0.0009121376,-0.0024852267,0.0005147733,-0.0136889608,0.0000468773,-0.0083852267
2.946,0.9983904380,0.9974944893,0.9959200000,0.9989200000,0.9846976243,0.9984606112,0.9900000000,-0.0008959487,-0.0024704380,0.0005295620,-0.0136928137,0.0000701732,-0.0083904380
2.947,0.9983956340,0.9975158896,0.9959400000,0.9989400000,0.9846989827,0.9984891184,0.9900000000,-0.0008797444,-0.0024556340,0.0005443660,-0.0136966513,0.0000934844,-0.0083956340
2.948,0.9984008147,0.9975372898,0.9959600000,0.9989600000,0.9847003411,0.9985176256,0.9900000000,-0.0008635249,-0.0024408147,0.0005591853,-0.0137004736,0.0001168109,-0.0084008147
2.949,0.9984059801,0.9975586900,0.9959800000,0.9989800000,0.9847016994,0.9985461328,0.9900000000,-0.0008472901,-0.0024259801,0.0005740199,-0.0137042807,0.0001401527,-0.0084059801
2.950,0.9984111304,0.9975800903,0.9960000000,0.9990000000,0.9847030578,0.9985746400,0.9900000000,-0.0008310401,-0.0024111304,0.0005888696,-0.0137080725,0.0001635096,-0.0084111304
2.951,0.9984162654,0.9976014905,0.9960200000,0.9990200000,0.9847044162,0.9986031472,0.9900000000,-0.0008147749,-0.0023962654,0.0006037346,-0.0137118492,0.0001868818,-0.0084162654
2.952,0.9984213853,0.9976228907,0.9960400000,0.9990400000,0.9847057746,0.9986316544,0.9900000000,-0.0007984946,-0.0023813853,0.0006186147,-0.0137156107,0.0002102690,-0.0084213853
2.953,0.9984264902,0.9976442910,0.9960600000,0.9990600000,0.9847071330,0.9986601616,0.9900000000,-0.0007821992,-0.0023664902,0.0006335098,-0.0137193572,0.0002336714,-0.0084264902
2.954,0.9984315800,0.9976656912,0.9960800000,0.9990800000,0.9847084914,0.9986886688,0.9900000000,-0.0007658888,-0.0023515800,0.0006484200,-0.0137230886,0.0002570888,-0.0084315800
2.955,0.9984366547,0.9976870914,0.9961000000,0.9991000000,0.9847098498,0.9987171760,0.9900000000,-0.0007495633,-0.0023366547,0.0006633453,-0.0137268049,0.0002805212,-0.0084366547
2.956,0.9984417145,0.9977084917,0.9961200000,0.9991200000,0.9847112082,0.9987456832,0.9900000000,-0.0007332229,-0.0023217145,0.0006782855,-0.0137305064,0.0003039686,-0.0084417145
2.957,0.9984467594,0.9977298919,0.9961400000,0.9991400000,0.9847125666,0.9987741904,0.9900000000,-0.0007168675,-0.0023067594,0.0006932406,-0.0137341928,0.0003274310,-0.0084467594
2.958,0.9984517894,0.9977512921,0.9961600000,0.9991600000,0.9847139250,0.9988026976,0.9900000000,-0.0007004972,-0.0022917894,0.0007082106,-0.0137378644,0.0003509082,-0.0084517894
2.959,0.9984568045,0.9977726924,0.9961800000,0.9991800000,0.9847152834,0.9988312048,0.9900000000,-0.0006841121,-0.0022768045,0.0007231955,-0.0137415211,0.0003744003,-0.0084568045
2.960,0.9984618048,0.9977940926,0.9962000000,0.9992000000,0.9847166418,0.9988597120,0.9900000000,-0.0006677122,-0.0022618048,0.0007381952,-0.0137451630,0.0003979072,-0.0084618048
2.961,0.9984667903,0.9978154928,0.9962200000,0.9992200000,0.9847180002,0.9988882192,0.9900000000,-0.0006512975,-0.0022467903,0.0007532097,-0.0137487901,0.0004214289,-0.0084667903
2.962,0.9984717611,0.9978368931,0.9962400000,0.9992400000,0.9847193586,0.9989167264,0.9900000000,-0.0006348680,-0.0022317611,0.0007682389,-0.0137524025,0.0004449653,-0.0084717611
2.963,0.9984767172,0.9978582933,0.9962600000,0.9992600000,0.9847207169,0.9989452336,0.9900000000,-0.0006184238,-0.0022167172,0.0007832828,-0.0137560002,0.0004685164,-0.0084767172
2.964,0.9984816586,0.9978796935,0.9962800000,0.9992800000,0.9847220753,0.9989737408,0.9900000000,-0.0006019650,-0.0022016586,0.0007983414,-0.0137595832,0.0004920822,-0.0084816586
2.965,0.9984865854,0.9979010938,0.9963000000,0.9993000000,0.9847234337,0.9990022480,0.9900000000,-0.0005854916,-0.0021865854,0.0008134146,-0.0137631516,0.0005156626,-0.0084865854
2.966,0.9984914976,0.9979224940,0.9963200000,0.9993200000,0.9847247921,0.9990307552,0.9900000000,-0.0005690035,-0.0021714976,0.0008285024,-0.0137667054,0.0005392576,-0.0084914976
2.967,0.9984963952,0.9979438942,0.9963400000,0.9993400000,0.9847261505,0.9990592624,0.9900000000,-0.0005525010,-0.0021563952,0.0008436048,-0.0137702447,0.0005628672,-0.0084963952
2.968,0.9985012783,0.9979652945,0.9963600000,0.9993600000,0.9847275089,0.9990877696,0.9900000000,-0.0005359839,-0.0021412783,0.0008587217,-0.0137737694,0.0005864912,-0.0085012783
2.969,0.9985061470,0.9979866947,0.9963800000,0.9993800000,0.9847288673,0.9991162768,0.9900000000,-0.0005194523,-0.0021261470,0.0008738530,-0.0137772797,0.0006101298,-0.0085061470
2.970,0.9985110013,0.9980080950,0.9964000000,0.9994000000,0.9847302257,0.9991447840,0.9900000000,-0.0005029063,-0.0021110013,0.0008889987,-0.0137807756,0.0006337827,-0.0085110013
2.971,0.9985158411,0.9980294952,0.9964200000,0.9994200000,0.9847315841,0.9991732912,0.9900000000,-0.0004863459,-0.0020958411,0.0009041589,-0.0137842570,0.0006574501,-0.0085158411
2.972,0.9985206666,0.9980508954,0.9964400000,0.9994400000,0.9847329425,0.9992017984,0.9900000000,-0.0004697712,-0.0020806666,0.0009193334,-0.0137877241,0.0006811318,-0.0085206666
2.973,0.9985254777,0.9980722957,0.9964600000,0.9994600000,0.9847343009,0.9992303056,0.9900000000,-0.0004531821,-0.0020654777,0.0009345223,-0.0137911769,0.0007048278,-0.0085254777
2.974,0.9985302746,0.9980936959,0.9964800000,0.9994800000,0.9847356593,0.9992588128,0.9900000000,-0.0004365787,-0.0020502746,0.0009497254,-0.0137946154,0.0007285382,-0.0085302746
2.975,0.9985350573,0.9981150961,0.9965000000,0.9995000000,0.9847370177,0.9992873200,0.9900000000,-0.0004199611,-0.0020350573,0.0009649427,-0.0137980396,0.0007522627,-0.0085350573
2.976,0.9985398257,0.9981364964,0.9965200000,0.9995200000,0.9847383761,0.9993158272,0.9900000000,-0.0004033293,-0.0020198257,0.0009801743,-0.0138014496,0.0007760015,-0.0085398257
2.977,0.9985445799,0.9981578966,0.9965400000,0.9995400000,0.9847397344,0.9993443344,0.9900000000,-0.0003866834,-0.0020045799,0.0009954201,-0.0138048455,0.0007997544,-0.0085445799
2.978,0.9985493201,0.9981792968,0.9965600000,0.9995600000,0.9847410928,0.9993728416,0.9900000000,-0.0003700233,-0.0019893201,0.0010106799,-0.0138082272,0.0008235215,-0.0085493201
2.979,0.9985540461,0.9982006971,0.9965800000,0.9995800000,0.9847424512,0.9994013488,0.9900000000,-0.0003533491,-0.0019740461,0.0010259539,-0.0138115949,0.0008473027,-0.0085540461
2.980,0.9985587581,0.9982220973,0.9966000000,0.9996000000,0.9847438096,0.9994298560,0.9900000000,-0.0003366608,-0.0019587581,0.0010412419,-0.0138149485,0.0008710979,-0.0085587581
2.981,0.9985634560,0.9982434975,0.9966200000,0.9996200000,0.9847451680,0.9994583632,0.9900000000,-0.0003199585,-0.0019434560,0.0010565440,-0.0138182880,0.0008949072,-0.0085634560
2.982,0.9985681400,0.9982648978,0.9966400000,0.9996400000,0.9847465264,0.9994868704,0.9900000000,-0.0003032422,-0.0019281400,0.0010718600,-0.0138216136,0.0009187304,-0.0085681400
2.983,0.9985728100,0.9982862980,0.9966600000,0.9996600000,0.9847478848,0.9995153776,0.9900000000,-0.0002865120,-0.0019128100,0.0010871900,-0.0138249252,0.0009425676,-0.0085728100
2.984,0.9985774661,0.9983076982,0.9966800000,0.9996800000,0.9847492432,0.9995438848,0.9900000000,-0.0002697679,-0.0018974661,0.0011025339,-0.0138282229,0.0009664187,-0.0085774661
2.985,0.9985821084,0.9983290985,0.9967000000,0.9997000000,0.9847506016,0.9995723920,0.9900000000,-0.0002530099,-0.0018821084,0.0011178916,-0.0138315068,0.0009902836,-0.0085821084
2.986,0.9985867368,0.9983504987,0.9967200000,0.9997200000,0.9847519600,0.9996008992,0.9900000000,-0.0002362381,-0.0018667368,0.0011332632,-0.0138347768,0.0010141624,-0.0085867368
2.987,0.9985913514,0.9983718989,0.9967400000,0.9997400000,0.9847533184,0.9996294064,0.9900000000,-0.0002194525,-0.0018513514,0.0011486486,-0.0138380330,0.0010380550,-0.0085913514
2.988,0.9985959522,0.9983932992,0.9967600000,0.9997600000,0.9847546768,0.9996579136,0.9900000000,-0.0002026531,-0.0018359522,0.0011640478,-0.0138412755,0.0010619614,-0.0085959522
2.989,0.9986005393,0.9984146994,0.9967800000,0.9997800000,0.9847560352,0.9996864208,0.9900000000,-0.0001858399,-0.0018205393,0.0011794607,-0.0138445042,0.0010858815,-0.0086005393
2.990,0.9986051128,0.9984360996,0.9968000000,0.9998000000,0.9847573936,0.9997149280,0.9900000000,-0.0001690131,-0.0018051128,0.0011948872,-0.0138477192,0.0011098152,-0.0086051128
2.991,0.9986096725,0.9984574999,0.9968200000,0.9998200000,0.9847587520,0.9997434352,0.9900000000,-0.0001521727,-0.0017896725,0.0012103275,-0.0138509206,0.0011337627,-0.0086096725
2.992,0.9986142187,0.9984789001,0.9968400000,0.9998400000,0.9847601103,0.9997719424,0.9900000000,-0.0001353186,-0.0017742187,0.0012257813,-0.0138541083,0.0011577237,-0.0086142187
2.993,0.9986187513,0.9985003003,0.9968600000,0.9998600000,0.9847614687,0.9998004496,0.9900000000,-0.0001184509,-0.0017587513,0.0012412487,-0.0138572825,0.0011816983,-0.0086187513
2.994,0.9986232703,0.9985217006,0.9968800000,0.9998800000,0.9847628271,0.9998289568,0.9900000000,-0.0001015697,-0.0017432703,0.0012567297,-0.0138604431,0.0012056865,-0.0086232703
2.995,0.9986277758,0.9985431008,0.9969000000,0.9999000000,0.9847641855,0.9998574640,0.9900000000,-0.0000846750,-0.0017277758,0.0012722242,-0.0138635903,0.0012296882,-0.0086277758
2.996,0.9986322678,0.9985645010,0.9969200000,0.9999200000,0.9847655439,0.9998859712,0.9900000000,-0.0000677668,-0.0017122678,0.0012877322,-0.0138667239,0.0012537034,-0.0086322678
2.997,0.9986367464,0.9985859013,0.9969400000,0.9999400000,0.9847669023,0.9999144784,0.9900000000,-0.0000508452,-0.0016967464,0.0013032536,-0.0138698441,0.0012777320,-0.0086367464
2.998,0.9986412116,0.9986073015,0.9969600000,0.9999600000,0.9847682607,0.9999429856,0.9900000000,-0.0000339101,-0.0016812116,0.0013187884,-0.0138729509,0.0013017740,-0.0086412116
2.999,0.9986456635,0.9986287017,0.9969800000,0.9999800000,0.9847696191,0.9999714928,0.9900000000,-0.0000169617,-0.0016656635,0.0013343365,-0.0138760444,0.0013258293,-0.0086456635
3.000,0.9986501020,0.9986501020,0.9970000000,1.0000000000,0.9847709775,1.0000000000,0.9900000000,0.0000000000,-0.0016501020,0.0013498980,-0.0138791245,0.0013498980,-0.0086501020
